{"type":"FeatureCollection","features":[{"type":"Feature","id":259,"geometry":{"type":"Polygon","coordinates":[[[-84.413911305981131,33.754699306803538],[-84.414229509649431,33.754705542401112],[-84.414311289474057,33.754707144714139],[-84.414384044665638,33.754708570325199],[-84.414475939428115,33.75471037043198],[-84.414530210311099,33.754711433627847],[-84.414684289737679,33.754712182708609],[-84.415087353316764,33.754714143048254],[-84.415147211326513,33.754714433733255],[-84.417558211492562,33.754726433523686],[-84.418019026003918,33.754729752832809],[-84.418599711781994,33.754733933980141],[-84.418669752306712,33.754735005550124],[-84.41986133637154,33.754753236863777],[-84.419935635137577,33.754754245784035],[-84.420403212373785,33.754760433922762],[-84.421209624388865,33.754792971722864],[-84.42132021237434,33.754797433150742],[-84.42197883292188,33.754812759680668],[-84.422201213360353,33.754817933996073],[-84.422678752790418,33.754767314832371],[-84.422741950371119,33.754760616106047],[-84.422809712540385,33.754753433606425],[-84.423270213561878,33.754651433387863],[-84.423742213208058,33.754485933763554],[-84.423896490442374,33.754413159976814],[-84.424052161161299,33.754339728490862],[-84.424449213097049,33.754152433435898],[-84.424862194167147,33.753954540007761],[-84.42536957384624,33.753711408882545],[-84.425452928638364,33.753675208582834],[-84.42573621542536,33.75359611819971],[-84.425837598539232,33.753567813460442],[-84.426347066570273,33.751716418351933],[-84.426524913523593,33.751232696017468],[-84.426743813590335,33.750725526849742],[-84.426936053714741,33.750379185700993],[-84.427169558811954,33.750079820840881],[-84.427553840273418,33.749595317624461],[-84.427828429585077,33.749283842002292],[-84.42839196827795,33.748787620301513],[-84.430846973445639,33.746611274038379],[-84.431166419820258,33.746719489279357],[-84.432633542077539,33.746938945271893],[-84.433570391669548,33.746960627127194],[-84.43471271740016,33.746937196970343],[-84.43508527294901,33.746930891072559],[-84.435930808014049,33.746945195836531],[-84.436260592656978,33.746938292604803],[-84.436973154463686,33.747037046392727],[-84.437875759175512,33.747152897892597],[-84.438392684965009,33.747285738158034],[-84.438887608939694,33.74748286586096],[-84.439630862182625,33.747722036942434],[-84.439681675947085,33.747745538019473],[-84.440036138622929,33.747909469739533],[-84.440222640351138,33.747999542189],[-84.440226757900675,33.747503519327338],[-84.440268458535755,33.745816626467708],[-84.440251787096045,33.743989139369887],[-84.446679191180564,33.744000329696632],[-84.44681168863363,33.738846312246466],[-84.446794655914957,33.738707810581808],[-84.446692304603985,33.738435600232997],[-84.446871310624488,33.737340014967913],[-84.446918069302498,33.737051342873329],[-84.446982555280826,33.736650638513943],[-84.447044755767536,33.736305934835308],[-84.44720792340118,33.73539967118986],[-84.447316167789467,33.734800649718153],[-84.447356472507693,33.734551153655545],[-84.447500952390925,33.73370362338602],[-84.447398873813313,33.733703195481233],[-84.445262386347949,33.733694213500996],[-84.445121943596732,33.733693621404115],[-84.443968836193932,33.733691136300386],[-84.443828212807972,33.733690077882912],[-84.441482037466145,33.73367264849157],[-84.44139651657089,33.733673182318597],[-84.440792115080086,33.733677617287732],[-84.440536358319918,33.733674405933549],[-84.439093930600336,33.733657328221589],[-84.438927004765816,33.733660101089804],[-84.438841486023946,33.733661320204938],[-84.438672054161742,33.73365138759705],[-84.438465593808232,33.733634322108273],[-84.437799820429959,33.73347363897652],[-84.43765494000418,33.733425861724477],[-84.43753240174442,33.733422351728287],[-84.437440291665098,33.733419461955414],[-84.437350216153661,33.733397428184951],[-84.43729545251189,33.733385082810138],[-84.436196762634538,33.733367560966911],[-84.435413863830718,33.733354838984404],[-84.435031460598211,33.733348800003675],[-84.433896572203452,33.733325839853983],[-84.43346070854399,33.73331681990588],[-84.431640769122197,33.733277453555722],[-84.430301926114353,33.733248714272236],[-84.429879220339274,33.733239310057058],[-84.429384967242271,33.73322868250736],[-84.427525557500672,33.733188995931172],[-84.427448244574876,33.733184349787379],[-84.427121718938707,33.733164427037352],[-84.425441858135699,33.732987301796996],[-84.424843171312958,33.732855539754439],[-84.42477990071626,33.732895148376279],[-84.424461901329678,33.732781475297323],[-84.424217557974416,33.732663843704856],[-84.424007881412564,33.732623268053551],[-84.421039366137236,33.730721848507343],[-84.416736444498383,33.72796542232178],[-84.416161459690557,33.728698808329838],[-84.41570835165713,33.729258649914449],[-84.415007112468629,33.730176262871971],[-84.414456745646248,33.730948598765103],[-84.413609170386735,33.732132010987272],[-84.413579799877425,33.732212593154003],[-84.413311328593963,33.732949163576663],[-84.41321006190671,33.733226995164735],[-84.413046772311844,33.733638529171095],[-84.412964731090383,33.73399356175004],[-84.412845329768999,33.734512533240888],[-84.412834953629755,33.735486810813754],[-84.412881087464839,33.737530390309011],[-84.412842842196682,33.738248792212552],[-84.412829564394173,33.73849478794196],[-84.412712275634206,33.739180023825512],[-84.412474715560805,33.739795075130424],[-84.412443663730656,33.739864874667525],[-84.412254083556817,33.740291574922232],[-84.412071574488976,33.74060248992344],[-84.411927529096445,33.740847371177722],[-84.411561579667534,33.741288677510838],[-84.411302182405819,33.741603693969132],[-84.411204530633199,33.741679808674327],[-84.41060056764357,33.742150267672294],[-84.409814080250115,33.742641695134743],[-84.409708174811868,33.742707861602355],[-84.409075657120411,33.742973624829766],[-84.408461082350684,33.743186788533514],[-84.408369879516826,33.743217541365127],[-84.408241702372436,33.743260733593537],[-84.407521111622074,33.743502957506074],[-84.406802163438925,33.743746203710039],[-84.405378154550576,33.744202426886233],[-84.405305843407646,33.744225583246653],[-84.404739687001211,33.744734974917172],[-84.405471708938677,33.745439990645984],[-84.405957140259801,33.745803537948262],[-84.406343676417805,33.746093415297167],[-84.406564584016664,33.746269562016771],[-84.40619229698882,33.7466677509167],[-84.405814264456509,33.747071789829747],[-84.40578149679294,33.747118917017481],[-84.405616829762678,33.747352493240747],[-84.405158055178006,33.748005060006541],[-84.404534207949609,33.748899432646738],[-84.404215902745236,33.749343557185419],[-84.403907954204271,33.749817879054277],[-84.40363767621534,33.75023338408328],[-84.403302692337959,33.750748979955745],[-84.403138066383036,33.751002477465427],[-84.402937400345962,33.751311009525246],[-84.402889026289799,33.75166734422028],[-84.402811636057322,33.752240158633604],[-84.402808427228337,33.752869857139899],[-84.402793026972333,33.753252924011463],[-84.402803763224227,33.753868855424074],[-84.402801101878438,33.754398241832206],[-84.402799861787685,33.754545962287551],[-84.402798500204881,33.75464936754819],[-84.40418541506223,33.754692739949228],[-84.404880429141116,33.754682468974735],[-84.405473487460327,33.75468613257501],[-84.406527996574795,33.754692677322581],[-84.406712042170881,33.75469996471243],[-84.407384204232002,33.754708248567631],[-84.407579928637375,33.754707900122391],[-84.407654208941622,33.754707767763122],[-84.407867938450678,33.754708199708936],[-84.409474209092011,33.754711433641276],[-84.410081209334422,33.754687433612503],[-84.411798209923376,33.754696433856715],[-84.412775210090146,33.754701433603429],[-84.413455396885382,33.754697553773291],[-84.413553270360012,33.754696995608377],[-84.413739209660449,33.754695933839898],[-84.413911305981131,33.754699306803538]]]},"properties":{"OBJECTID":259,"LOCALID":null,"NAME":"T","GEOTYPE":"NPU","FULLFIPS":null,"LEGALAREA":null,"EFFECTDATE":null,"ENDDATE":null,"SRCREF":null,"ACRES":1750.9200000000001,"SQMILES":2.7400000000000002,"OLDNAME":null,"NPU":null,"CREATED_USER":null,"CREATED_DATE":null,"LAST_EDITED_USER":null,"LAST_EDITED_DATE":null,"GLOBALID":"{AF70EEF2-944C-4AF5-8E5A-E044D80B0056}","SHAPE.AREA":76269905.235571802,"SHAPE.LEN":42093.999638085697}},{"type":"Feature","id":260,"geometry":{"type":"Polygon","coordinates":[[[-84.417377207357703,33.772197013770004],[-84.417368132979462,33.773035932492455],[-84.417358365839974,33.773919511304165],[-84.417358146476943,33.77412666075616],[-84.417358014938202,33.774646421566864],[-84.417355368215851,33.775150041573724],[-84.417352585398092,33.775606941857568],[-84.417350357133316,33.775971775186562],[-84.417347751623041,33.776207097899153],[-84.417339617843766,33.776804169725743],[-84.417338377139174,33.777508064111792],[-84.417325724774372,33.779660990197264],[-84.417322660623441,33.780021359109334],[-84.417320940802398,33.780278322185865],[-84.417313651195357,33.781165330216226],[-84.417309215914813,33.782467315937865],[-84.417311552165003,33.783024292053064],[-84.417309371257929,33.783912877117977],[-84.418025468859867,33.784581369841966],[-84.418669378193158,33.78502011752456],[-84.418997407207485,33.785278529018676],[-84.422228373223334,33.786138199034802],[-84.424165922618386,33.786577001621801],[-84.426788365373525,33.786868232131987],[-84.427702060408606,33.786980010480121],[-84.428331967497115,33.787033187307131],[-84.42880166262465,33.787072836717805],[-84.430325052199748,33.787171963336398],[-84.431027227008258,33.787265618296068],[-84.431833276032151,33.787422255279751],[-84.432738149245822,33.78767967033906],[-84.432315445091319,33.785143068827622],[-84.432248396187546,33.784446770102207],[-84.432104022540756,33.783877882914709],[-84.431896703055372,33.783276835523694],[-84.431675207186203,33.782780777410103],[-84.431546059984669,33.782316483243847],[-84.431230365436008,33.78186610652746],[-84.43100206216775,33.781550208626371],[-84.430723862120118,33.781234668622915],[-84.430332576125707,33.780815712346929],[-84.429852331746176,33.780345386388539],[-84.429598234224187,33.780065403033277],[-84.429266146992575,33.779685426202683],[-84.428827818626431,33.779183881966084],[-84.428447234690253,33.778748402896376],[-84.42771363740674,33.777876357618617],[-84.427289071322718,33.777328870163124],[-84.427237320976872,33.777253192095372],[-84.42703973684371,33.776718900484326],[-84.426811261423552,33.775984572050469],[-84.426713566690466,33.775573068808981],[-84.426675889056241,33.775353161588974],[-84.426644233448243,33.77516840244644],[-84.426557270972197,33.774695573156663],[-84.426311871694665,33.771897962764207],[-84.426366931007436,33.77187723516559],[-84.426421173778138,33.771858913965509],[-84.426564188461668,33.7718142976141],[-84.426648057394701,33.771799005686198],[-84.426787909821286,33.771796993360638],[-84.426838506407847,33.771797230240054],[-84.427731659296413,33.771834506526652],[-84.428115089163796,33.771851558384824],[-84.429127967919271,33.771896128520353],[-84.429534435773448,33.771914157559927],[-84.429683365239327,33.771920710849109],[-84.429894845620112,33.771936062323334],[-84.429986997741096,33.771939301036909],[-84.430153990774983,33.771934135224718],[-84.430359639801054,33.771925794838275],[-84.430481370965865,33.771916602930645],[-84.430727266541339,33.771886533557357],[-84.431194362663774,33.771822323924276],[-84.431324294098701,33.771804525380091],[-84.431550388406208,33.771756633311078],[-84.431931047750965,33.771675429014273],[-84.432398859498534,33.771577203899447],[-84.432636485103274,33.771534094422051],[-84.433748142301027,33.771331759794251],[-84.433935653068829,33.771311085653089],[-84.433942218855861,33.771041056596857],[-84.433975633968529,33.769879852760333],[-84.4339778385024,33.769794996259797],[-84.433970871629526,33.769538394988302],[-84.433955462376744,33.769477280149637],[-84.433924051978124,33.769413367870278],[-84.433448238732012,33.76879956187512],[-84.433131933779052,33.768385958710056],[-84.432955512132366,33.768018751334431],[-84.432934235077767,33.767908399881989],[-84.432766321038542,33.767493558510445],[-84.432721533781091,33.767375824476517],[-84.432574734383721,33.766990699919404],[-84.432553144021085,33.766925475839656],[-84.432528231289226,33.766849953028697],[-84.432513283671284,33.766804639339149],[-84.43245237588792,33.766527884875686],[-84.432377983981979,33.76614672643742],[-84.432364691383128,33.766104500926637],[-84.432334164529991,33.766057789823002],[-84.432300524468047,33.76601711566132],[-84.432292124011099,33.765843831677799],[-84.43227482374057,33.765302465498031],[-84.432271155952691,33.765180176878445],[-84.432272657346118,33.76486687380477],[-84.432288582071237,33.76469576181789],[-84.432295748283664,33.764618795774382],[-84.432299738457147,33.764578937757847],[-84.432326546876098,33.764469293227258],[-84.43234360144578,33.764397802368499],[-84.432415605068286,33.764272259069045],[-84.432497573235551,33.764176924869247],[-84.432606594232681,33.764051300824761],[-84.432667265237271,33.763985212409459],[-84.432712355250402,33.763935303439233],[-84.432753333193745,33.763885746846441],[-84.432789394509399,33.763842384373071],[-84.432863142614664,33.763749301041706],[-84.432927813123001,33.763646960144484],[-84.432970313847846,33.763557894287608],[-84.433551921257902,33.763562821643987],[-84.433777320349435,33.76356302114128],[-84.434042204835251,33.763563478231013],[-84.434483953190934,33.763563894659434],[-84.434772693439285,33.763564298418338],[-84.43562657714233,33.763565532525298],[-84.436304428191136,33.763569550099561],[-84.436485408345021,33.763570528735457],[-84.437567175176881,33.763577434595938],[-84.437707838683068,33.763576095209643],[-84.437742229583179,33.762219075062738],[-84.437780159264321,33.760679976088191],[-84.437789551732735,33.760266688286706],[-84.437822692741236,33.758774662921503],[-84.437829953566435,33.758468217455807],[-84.437849390347111,33.757587705898665],[-84.437852962272302,33.757415933102344],[-84.43787024796832,33.756636080393932],[-84.437897723727588,33.755435380043195],[-84.43791771769682,33.755202433578596],[-84.437899937475507,33.755093562806657],[-84.442247992968589,33.754379992129593],[-84.444378938202348,33.753775458392646],[-84.444421514772117,33.753460001125077],[-84.444386989738007,33.753211362135403],[-84.444293480937844,33.752781128371723],[-84.444175742839704,33.752489048978511],[-84.444155011976534,33.752436879001237],[-84.444147617474158,33.752184056553531],[-84.444143915020661,33.751034639118537],[-84.444143083932715,33.750776620956373],[-84.444133035784475,33.750585571316677],[-84.443348390154569,33.750060506603901],[-84.442658414516416,33.749576298290542],[-84.442188443777738,33.749215609716387],[-84.44124274039946,33.748489086963943],[-84.440222640351138,33.747999542189],[-84.440036138622929,33.747909469739533],[-84.439681675947085,33.747745538019473],[-84.439630862182625,33.747722036942434],[-84.438887608939694,33.74748286586096],[-84.438392684965009,33.747285738158034],[-84.437875759175512,33.747152897892597],[-84.436973154463686,33.747037046392727],[-84.436260592656978,33.746938292604803],[-84.435930808014049,33.746945195836531],[-84.43508527294901,33.746930891072559],[-84.43471271740016,33.746937196970343],[-84.433570391669548,33.746960627127194],[-84.432633542077539,33.746938945271893],[-84.431166419820258,33.746719489279357],[-84.430846973445639,33.746611274038379],[-84.42839196827795,33.748787620301513],[-84.427828429585077,33.749283842002292],[-84.427553840273418,33.749595317624461],[-84.427169558811954,33.750079820840881],[-84.426936053714741,33.750379185700993],[-84.426743813590335,33.750725526849742],[-84.426524913523593,33.751232696017468],[-84.426347066570273,33.751716418351933],[-84.425837598539232,33.753567813460442],[-84.42573621542536,33.75359611819971],[-84.425452928638364,33.753675208582834],[-84.42536957384624,33.753711408882545],[-84.424862194167147,33.753954540007761],[-84.424449213097049,33.754152433435898],[-84.424052161161299,33.754339728490862],[-84.423896490442374,33.754413159976814],[-84.423742213208058,33.754485933763554],[-84.423270213561878,33.754651433387863],[-84.422809712540385,33.754753433606425],[-84.422741950371119,33.754760616106047],[-84.422678752790418,33.754767314832371],[-84.422201213360353,33.754817933996073],[-84.42197883292188,33.754812759680668],[-84.42132021237434,33.754797433150742],[-84.421209624388865,33.754792971722864],[-84.420403212373785,33.754760433922762],[-84.419935635137577,33.754754245784035],[-84.41986133637154,33.754753236863777],[-84.418669752306712,33.754735005550124],[-84.418599711781994,33.754733933980141],[-84.418019026003918,33.754729752832809],[-84.417558211492562,33.754726433523686],[-84.417551713579982,33.755571847609382],[-84.417547474796052,33.756093335977639],[-84.417547986133201,33.756268878863601],[-84.417545727639677,33.756623063962003],[-84.417543171449253,33.757439813414727],[-84.41753923829792,33.757783867260748],[-84.417534610150511,33.758171723035552],[-84.417527409193283,33.758805895959988],[-84.417524083877467,33.759076260853611],[-84.417515436789159,33.759778799091343],[-84.417508260647779,33.760421559146955],[-84.41750418870889,33.760718034663519],[-84.417494433409814,33.761887776507265],[-84.417487253099637,33.76224677980079],[-84.41748009875846,33.762614715697595],[-84.417472876324425,33.762959291683522],[-84.417466986763429,33.763479065132522],[-84.417457829571887,33.764289128712285],[-84.41745649952054,33.764397343280578],[-84.41745161255507,33.764978949917037],[-84.417475416666093,33.765243420312672],[-84.417441215989825,33.76621087111841],[-84.417437698155382,33.766415279293355],[-84.417436228979312,33.766475743490751],[-84.417432037568858,33.766731338034354],[-84.417429007989455,33.767103387637086],[-84.417420367586885,33.768091054457287],[-84.417411278791292,33.768924820825845],[-84.417399735672845,33.77004578356788],[-84.417388793530051,33.770243335207802],[-84.417367370611899,33.770514424321931],[-84.417385551981397,33.771390045546262],[-84.417382401095182,33.77172052716481],[-84.417377207357703,33.772197013770004]]]},"properties":{"OBJECTID":260,"LOCALID":null,"NAME":"K","GEOTYPE":"NPU","FULLFIPS":null,"LEGALAREA":null,"EFFECTDATE":null,"ENDDATE":null,"SRCREF":null,"ACRES":1528.29,"SQMILES":2.3900000000000001,"OLDNAME":null,"NPU":null,"CREATED_USER":null,"CREATED_DATE":null,"LAST_EDITED_USER":null,"LAST_EDITED_DATE":null,"GLOBALID":"{9DB861E2-4893-4DBF-9EB5-7268F4584F36}","SHAPE.AREA":66572012.009127401,"SHAPE.LEN":45028.808283274506}},{"type":"Feature","id":261,"geometry":{"type":"Polygon","coordinates":[[[-84.417577378334698,33.83996741007558],[-84.417686938470638,33.839986080976686],[-84.418251218931729,33.84008317917462],[-84.418864274905971,33.840247163401003],[-84.419445509830339,33.840508770144261],[-84.419504046670383,33.840535101581892],[-84.419956108200836,33.840827545383291],[-84.420179696494699,33.840982359361483],[-84.420711030722245,33.841350556457733],[-84.421404043987067,33.84181803965599],[-84.422598696116012,33.842627661338817],[-84.42297739954337,33.842886580683647],[-84.423589599532264,33.843305094376873],[-84.424385775238349,33.843841395040982],[-84.424570588435543,33.843966051766849],[-84.425477341352604,33.844578719147719],[-84.425591202148951,33.844655773244092],[-84.426711676516362,33.845415699116117],[-84.427140720579501,33.8457036989345],[-84.427512832673244,33.845952654944625],[-84.427777687052966,33.846130041186242],[-84.427930375854956,33.845977191675814],[-84.428721110712956,33.845253766342225],[-84.428758039721799,33.84521315187957],[-84.429793206119513,33.844071433499103],[-84.429849955980728,33.843094019260967],[-84.429982887590938,33.842013960735322],[-84.430024545768205,33.840992909136475],[-84.42994384158763,33.839914066511632],[-84.429809692335809,33.839126647293945],[-84.429544216650854,33.838202784734854],[-84.429327048566336,33.837560477942368],[-84.429246797204797,33.837393809063222],[-84.428780329639622,33.836397469258365],[-84.428399952521872,33.835635011994377],[-84.42833448712399,33.835499045350026],[-84.427975190418337,33.834855694834573],[-84.427457443034541,33.833807126872628],[-84.426451653592693,33.831750074974252],[-84.426576647345058,33.831584513417106],[-84.426669331950535,33.831470610054375],[-84.42681532959017,33.831290981613101],[-84.426922860356839,33.831186322836274],[-84.427032854388187,33.831079596706559],[-84.427151056806224,33.83096460941816],[-84.427321107382213,33.83084435954342],[-84.42758180853933,33.830754147945193],[-84.428012211534508,33.830700677057131],[-84.428613967357549,33.830684628647397],[-84.429108859319513,33.830721020719082],[-84.429300716789527,33.830732979184752],[-84.429378110188537,33.830735219009966],[-84.429673248440594,33.830734933414199],[-84.429733750374609,33.830732399678617],[-84.429899186902844,33.830719336182547],[-84.429968315098463,33.830710943977166],[-84.430042363850859,33.830696357757461],[-84.430868338449088,33.830507368349529],[-84.43135208013841,33.830398807375481],[-84.433277998078594,33.829704169627369],[-84.434836767829765,33.82928958825886],[-84.436924406884899,33.828728174286141],[-84.437441780498503,33.82858653723769],[-84.437729655692408,33.82850448915179],[-84.439016162436147,33.827656235412995],[-84.43933078938754,33.827444957833244],[-84.439780421343812,33.827142779830922],[-84.437142792380897,33.825035986078248],[-84.4371728195499,33.824986108025392],[-84.43721563685385,33.824934247143638],[-84.437423239304763,33.824847597122613],[-84.437886290943197,33.824654324003156],[-84.438185676552791,33.824646525108392],[-84.438892433724646,33.82445866767457],[-84.440044988570918,33.824483894191054],[-84.440501372003965,33.82466810897936],[-84.441202587861667,33.82502322115652],[-84.442166720962575,33.825486714845056],[-84.442284715491326,33.825636193392562],[-84.442386800088784,33.825702784172606],[-84.442504256707863,33.825818100446128],[-84.442633920216934,33.82598785484641],[-84.442670504968376,33.826036697030865],[-84.442713035511829,33.826093476583985],[-84.442787447254787,33.826130885974237],[-84.442874044416882,33.826187181795198],[-84.442931835412196,33.826231341054878],[-84.443026348303619,33.826285923945406],[-84.44321040328991,33.826773118101791],[-84.443248241675718,33.826825579195457],[-84.443414242457195,33.827004392093812],[-84.443894755120368,33.827436499954203],[-84.443895256744213,33.827775688757043],[-84.443597274218845,33.828331787377465],[-84.443080548906579,33.829182831501193],[-84.442505232083718,33.829948905617478],[-84.442538610386691,33.830389136358235],[-84.44271999157364,33.830588412701935],[-84.442751847417114,33.830649051676502],[-84.443389311031339,33.831240550079002],[-84.443672742061864,33.831334913458129],[-84.443925892944918,33.831437215606059],[-84.444188242536597,33.831662413813412],[-84.444426102622586,33.831841794665387],[-84.444615812285221,33.831915456043632],[-84.444689242550197,33.831958912859562],[-84.44522568393208,33.832152256763919],[-84.445561792631594,33.83196393112808],[-84.446269664546065,33.831161225304307],[-84.446479797068037,33.830808097431785],[-84.446703618123991,33.830431964253592],[-84.447505328894465,33.829397872265922],[-84.447560310745587,33.829326952775034],[-84.447849509415519,33.828333654651161],[-84.447866976804391,33.827477318435271],[-84.447769888190109,33.82717676346973],[-84.447679246059607,33.826896160602836],[-84.447909870144613,33.826606246271375],[-84.448142715891535,33.826316293969455],[-84.448370110313931,33.826262044940435],[-84.448438809710581,33.826235576248024],[-84.448734904048834,33.826154857815013],[-84.448990750286697,33.826227099868696],[-84.449155077486878,33.826290578813648],[-84.449246471150502,33.826300180204711],[-84.449433381207726,33.826397848720312],[-84.449620164810881,33.826496355767908],[-84.449950110750052,33.826695531273927],[-84.450280058213266,33.8268947049812],[-84.450779642453938,33.826985105126973],[-84.451279228812197,33.827075503239648],[-84.451741726270441,33.82715241534396],[-84.452204224544545,33.827229325708437],[-84.452709098151431,33.82717611106667],[-84.453213971120576,33.827122895262306],[-84.453563185641926,33.827049255853709],[-84.453912398474245,33.826975614559338],[-84.45432345719756,33.826932918473481],[-84.454734515499126,33.826890220117697],[-84.455047574182743,33.826887749171803],[-84.45537134710753,33.826886383008585],[-84.455437833676584,33.826828514998667],[-84.455508506699502,33.826791592223756],[-84.455560071162452,33.826702497343227],[-84.455624020793394,33.826624710675581],[-84.455733016244238,33.826573251852693],[-84.455793953844037,33.8265847564194],[-84.455857214766894,33.826571400826282],[-84.455901278618668,33.826501761002739],[-84.455906460520566,33.82640247438421],[-84.455921873672168,33.826334763638073],[-84.455946340965454,33.826266688125266],[-84.455967131052304,33.826194852366832],[-84.455978077115645,33.826157028022301],[-84.456014035689819,33.826078963285099],[-84.456048763748669,33.826015023854247],[-84.45608521500678,33.825947912898108],[-84.456165358293902,33.825861297823074],[-84.45614714326436,33.82575917093191],[-84.456175725088499,33.825690742184079],[-84.456227319550749,33.825611266569062],[-84.456297086449283,33.825541818702632],[-84.456354481871998,33.825482145714659],[-84.456423358668602,33.825401255314603],[-84.456386877059458,33.825324046792844],[-84.456482390183226,33.825250837088241],[-84.456712544466953,33.825074426960036],[-84.456823026116723,33.82498974354359],[-84.456908453231463,33.824927586132567],[-84.456979565483365,33.824875512072389],[-84.457069212415021,33.824805778028704],[-84.457204906233912,33.824765609416119],[-84.457318469015533,33.824754005467533],[-84.457484234996969,33.824699658565549],[-84.457608217797613,33.824657573183195],[-84.457704875466732,33.82464817089928],[-84.457812966665358,33.824637655969823],[-84.457994896942296,33.824619958970629],[-84.457742017011057,33.824125028463165],[-84.457506613899085,33.823641891141335],[-84.457423355293599,33.823485955344104],[-84.457340096989014,33.823330018583469],[-84.457266867726148,33.823218887825824],[-84.457193639736815,33.823107757920759],[-84.457123754015925,33.82301121950389],[-84.45705386845566,33.822914681946692],[-84.456981125725946,33.822825192906897],[-84.456908383145105,33.822735702920468],[-84.456877400858261,33.82270228249098],[-84.456801835961926,33.822630147597565],[-84.456736597503621,33.822569153417149],[-84.456699029938179,33.822535747528342],[-84.456661462405023,33.822502342529461],[-84.456579721740283,33.822429534965927],[-84.456497981217169,33.822356728248273],[-84.456377460764571,33.822257044428511],[-84.456256940594685,33.822157361389557],[-84.456153381438611,33.822083402877055],[-84.456049823540951,33.822009444273235],[-84.455491694113633,33.821637853660654],[-84.45493356951043,33.821266261376145],[-84.454020293951572,33.820784019816891],[-84.453107029694905,33.820301771401098],[-84.452996928536493,33.820238989547171],[-84.452886826461352,33.82017620849755],[-84.452695902302281,33.820067237869367],[-84.452504978626294,33.8199582669412],[-84.451886879331269,33.819614625311047],[-84.451268786047876,33.819270980535975],[-84.451056027057973,33.819154327931827],[-84.450843268647176,33.819037675857054],[-84.450118782906742,33.818629171659403],[-84.449394305118247,33.818220663141105],[-84.4490067507258,33.818014575827753],[-84.448603736615439,33.817800192334531],[-84.448557354075874,33.817775306579229],[-84.447991275301803,33.817471547591772],[-84.44742520051588,33.817167785069167],[-84.447332832720477,33.817113545897278],[-84.447240465044374,33.817059307556782],[-84.447073874043213,33.816961609148322],[-84.446907282339822,33.816863910513838],[-84.446652477140944,33.816723127593079],[-84.446397671697568,33.816582345042541],[-84.446251653615903,33.816504719045177],[-84.445961617937698,33.816350531347013],[-84.445815600644579,33.816272905728113],[-84.445718922130908,33.81622150986054],[-84.445624244494468,33.816171176938091],[-84.44555747907242,33.816142643005534],[-84.445497253509984,33.816118171488739],[-84.445313256344591,33.816398169228215],[-84.445242713811567,33.816474075727385],[-84.445142180198786,33.816566367864326],[-84.445085112559113,33.81660943751497],[-84.445007894005329,33.816657361987026],[-84.444933944517715,33.816698408504728],[-84.444882990030578,33.816722913836948],[-84.444835310204539,33.816741915338369],[-84.444736643553512,33.816775459896775],[-84.444602601496939,33.816814924048479],[-84.444537608236089,33.816825377186866],[-84.44443885697703,33.816832813681962],[-84.444281666869301,33.816841584441747],[-84.444201855785593,33.816838206168555],[-84.444132194003188,33.816830673677245],[-84.44204343367241,33.819433294195839],[-84.440906687814191,33.818902848041162],[-84.440394400943134,33.818575740669161],[-84.439442755172024,33.817864853035232],[-84.436722051178165,33.815827690927094],[-84.436688103240954,33.817183768542286],[-84.437037428751239,33.817357591420404],[-84.437195224186326,33.817548093808597],[-84.437552636303806,33.817595021665419],[-84.43762514184651,33.817928847746302],[-84.437483251561048,33.818251215957169],[-84.437770192279515,33.818608426586501],[-84.43809337377435,33.819705774231949],[-84.438219467649461,33.819753590366822],[-84.438373132030875,33.820971055712519],[-84.438511329344252,33.82120091383505],[-84.438603917296732,33.821325066255156],[-84.43881959138551,33.821767416687848],[-84.438455916618423,33.821639376468141],[-84.437975452057287,33.821463861821172],[-84.437860074309938,33.821421861841024],[-84.43778343098279,33.82139386118903],[-84.437450482252615,33.821270922269555],[-84.437374654781848,33.821240858412693],[-84.437297175623655,33.821208736975123],[-84.437220515359712,33.821175239586722],[-84.43714796556462,33.821140015503751],[-84.43710179056481,33.821115382864491],[-84.437057659985967,33.821086452096814],[-84.437006502828652,33.821048089289441],[-84.436952427364275,33.820997880745331],[-84.436916919021712,33.820962231815031],[-84.436783993627174,33.820836791458632],[-84.436720810760946,33.820769770865468],[-84.436551152343441,33.820611260832877],[-84.436459541219861,33.820534854880961],[-84.436414180192685,33.820507128462182],[-84.436254248377494,33.820431557916258],[-84.43614871948111,33.820379229000856],[-84.436071226475079,33.820342297445663],[-84.435877648171044,33.820299092285325],[-84.435589348097508,33.820237542966879],[-84.435363673691654,33.820196468136587],[-84.43514706170042,33.8201581213766],[-84.435052333526713,33.820137372438623],[-84.434987251803989,33.820120681250422],[-84.434922157235832,33.820099867738357],[-84.434770524407,33.820044889695637],[-84.434630415894162,33.819990229052152],[-84.434563654854699,33.819962891967876],[-84.43438231517716,33.819884274643101],[-84.434205897619961,33.819800149949153],[-84.4340970599484,33.819742330021256],[-84.433936255014572,33.819649239394977],[-84.433777087113754,33.819553053272926],[-84.433663269533582,33.819481501781958],[-84.433594815929609,33.819439396193815],[-84.433500798979154,33.819382230710161],[-84.433343283681239,33.819287758078552],[-84.433204727703639,33.819201832434864],[-84.433103277405863,33.819136438072043],[-84.433050476863741,33.819098419778712],[-84.432943203055203,33.819013113321567],[-84.432882949690068,33.81896034030634],[-84.432822264079363,33.818900869877147],[-84.432697847256748,33.818728687979892],[-84.432542978713869,33.818424827810787],[-84.432400065891784,33.818155432280761],[-84.431686815275881,33.818326565389796],[-84.430742698366274,33.818344204238976],[-84.43080637293977,33.818232061989761],[-84.430822683580061,33.818182558325944],[-84.430833226979331,33.818131350280893],[-84.43083471483132,33.818079818103875],[-84.430795353811988,33.817860732425771],[-84.430754546276432,33.817706575454892],[-84.430738717816439,33.817645118079334],[-84.430670300790624,33.817345709316974],[-84.430636092456339,33.817196004013638],[-84.430611863038223,33.817079256803495],[-84.430590158978319,33.816980711095788],[-84.430570224651476,33.816922354216558],[-84.430523024978683,33.816830732675584],[-84.430456861976083,33.816728846775227],[-84.430353536400474,33.816587534723361],[-84.43024942284589,33.816457217119186],[-84.43018832979206,33.816397916641954],[-84.430082663152021,33.816297832560544],[-84.430014968550466,33.816233050568201],[-84.429936540914667,33.816157642119634],[-84.429799548073134,33.816042165949391],[-84.429688632497729,33.815974899974066],[-84.42953079330357,33.815905670947004],[-84.429394000989106,33.815855120446386],[-84.429283572588574,33.815812414777142],[-84.428766748422788,33.815573732439724],[-84.42854706070068,33.815466674300566],[-84.428501278685161,33.815434136453767],[-84.428434851488262,33.815379485380461],[-84.428402225170089,33.815342281512713],[-84.428357601572046,33.815284663698115],[-84.428165978822776,33.815067961177682],[-84.427969441432126,33.814858481922641],[-84.42789967195823,33.81478717613313],[-84.42778042669093,33.8146864317454],[-84.427638526560258,33.814579550791223],[-84.427488420844043,33.8144805890418],[-84.427392749455151,33.814417582373139],[-84.427182460214183,33.814286455926009],[-84.42694002708798,33.814141311445425],[-84.426845295015383,33.814116433846763],[-84.426762925039981,33.814096683010597],[-84.426677237772452,33.814068694467359],[-84.426629449347658,33.814052649433968],[-84.42657835505041,33.814032145498864],[-84.426528892385065,33.814007172255494],[-84.42617023269635,33.813804902973892],[-84.426107556232736,33.813764842176504],[-84.425984675821809,33.813686088492751],[-84.425915402357418,33.813641919142967],[-84.425838693166497,33.813588490151538],[-84.425805683522228,33.813560046773837],[-84.425727243897029,33.813478624354978],[-84.425677665366422,33.813414660254125],[-84.425637149694253,33.813353597534402],[-84.425605702548381,33.813297325140297],[-84.425584989743882,33.813252365692144],[-84.425561733190591,33.813182678541978],[-84.425550041288162,33.813126708192023],[-84.425538360783435,33.81307451661278],[-84.425522003289586,33.812972523440692],[-84.425503051394216,33.812828968947912],[-84.425496252559668,33.812757872233746],[-84.42549110714755,33.812689177639271],[-84.425493333277203,33.812608444131996],[-84.425519310819624,33.812488498707125],[-84.42557650116872,33.812347188187346],[-84.425628882247381,33.812248829509933],[-84.425667833047456,33.812200482637657],[-84.425984196423954,33.811890470532056],[-84.426026877176696,33.811850531663573],[-84.4262345580442,33.811665620801833],[-84.426473431662203,33.81145316172887],[-84.426627754518833,33.811315424874422],[-84.426679507081388,33.811258416537534],[-84.42650248168286,33.811261068030191],[-84.4260284102767,33.81126756219065],[-84.425886023351623,33.811269579136727],[-84.42558479128148,33.811273990611063],[-84.425203722404987,33.811279255766607],[-84.424599609817847,33.811287734567436],[-84.424500052017351,33.811280434707022],[-84.424441515508292,33.811266422851432],[-84.424334387163142,33.811223878015376],[-84.424283285310182,33.811200109172283],[-84.424220628097913,33.811165543784632],[-84.424181874911653,33.811142608382816],[-84.424054762313361,33.811022639217754],[-84.423643659692345,33.810617446452511],[-84.423575969287029,33.810550942296317],[-84.423531390434022,33.810506376612686],[-84.423459607476616,33.810447439411242],[-84.423350763265262,33.810380678171398],[-84.423161160819831,33.810281449713322],[-84.423092746382352,33.810247926297471],[-84.42287682819827,33.810155622644615],[-84.422768896859125,33.810119089377523],[-84.422667577757764,33.81009147309657],[-84.422494604603955,33.810047860488751],[-84.422406474020875,33.81002674455636],[-84.422297517997166,33.810002923503824],[-84.42220393227862,33.810004147995677],[-84.42193236609836,33.810019138421374],[-84.421432768912211,33.810020171290226],[-84.420984268374454,33.810043769590216],[-84.420885516641164,33.810049126058701],[-84.420363827467924,33.810094515130203],[-84.420106286083168,33.810120809988973],[-84.419364836086885,33.810165959113753],[-84.419080929018946,33.810183029707979],[-84.418745232166359,33.810204409873023],[-84.418352188624866,33.809509486055092],[-84.417963810977156,33.808982619160659],[-84.417740747795079,33.80870874478704],[-84.41741325776384,33.808316557284478],[-84.417182594152578,33.808088287262677],[-84.417000216184007,33.807921703241718],[-84.416496946817105,33.807504649880691],[-84.416362404090535,33.807371289256494],[-84.416008275212633,33.807110567728976],[-84.415776111793321,33.806908742441735],[-84.415680124253115,33.806826547377739],[-84.415252033174795,33.806533818400531],[-84.414854231094949,33.806273408723349],[-84.414362230803761,33.805977409580301],[-84.413281861373719,33.805241413864586],[-84.411328898596523,33.804335191839584],[-84.410027056144344,33.803769990640411],[-84.409045708157578,33.803354441028034],[-84.40810485111966,33.80301936381229],[-84.40783646552363,33.802923778578389],[-84.40613174538916,33.80231928802133],[-84.40429025557404,33.801888667607628],[-84.398665605123114,33.808648392263748],[-84.396709173519255,33.810154992432729],[-84.396093129407987,33.810571951272202],[-84.3954539222226,33.810932173299761],[-84.394914381861895,33.811158613354088],[-84.394244714467874,33.81135189240775],[-84.393704837417587,33.811453082773298],[-84.393238912485714,33.811529086317321],[-84.392768874935555,33.811563347601918],[-84.392275935880591,33.811589919169926],[-84.392238474289641,33.811774849572267],[-84.392220882893326,33.811897936657303],[-84.392226245992703,33.812059728219225],[-84.392233576267813,33.812121576780854],[-84.39223264505857,33.812283691816575],[-84.392244866009392,33.812327715798972],[-84.392314482691376,33.812436760718064],[-84.392388143959181,33.81259155675022],[-84.392431249530802,33.812707247456565],[-84.392446188704369,33.812754283349221],[-84.392462042136188,33.812836013820714],[-84.392469764007103,33.812955547174724],[-84.392468240579802,33.813002269671578],[-84.392463483461853,33.813071327359658],[-84.392458744387142,33.813147255558867],[-84.392445807795738,33.81323591017248],[-84.392424602362581,33.813310150872177],[-84.392283523587537,33.813693605976432],[-84.392263600272244,33.813747756521394],[-84.392208029176288,33.813900040706919],[-84.391808594823985,33.814752965845372],[-84.391727556614882,33.814926692338361],[-84.391690687727049,33.814992030669288],[-84.391601413041997,33.815113542448174],[-84.391460172772568,33.815289945517442],[-84.391418322632973,33.815339146164959],[-84.391379740636012,33.815379065611069],[-84.391189249908081,33.81556010869059],[-84.39111450994605,33.81562276665781],[-84.390949823945462,33.815721309581178],[-84.390798546087751,33.815855841463701],[-84.390311952466561,33.816248757691604],[-84.39001816306282,33.816591100414328],[-84.38980653212576,33.816857367117159],[-84.389752525106701,33.816923847587184],[-84.389451517038651,33.817294374814168],[-84.389416020607044,33.817338068664732],[-84.389370730705764,33.817393818061696],[-84.389208994884356,33.817592904854223],[-84.389184846967694,33.817642379348449],[-84.38915575080766,33.817701993655582],[-84.389025892361403,33.817865038913013],[-84.388984345031488,33.818053173663969],[-84.388873709487711,33.81829927616154],[-84.388839874095979,33.818397411819795],[-84.388786875422923,33.81859052165975],[-84.38865902698528,33.819068651057243],[-84.388547617020762,33.819429026469201],[-84.388474901953671,33.819664234277845],[-84.388462129775959,33.819705549003459],[-84.388415762672793,33.819965788650251],[-84.389042086720721,33.820096655529525],[-84.389515782174868,33.820181310770955],[-84.3897908919391,33.820308633323556],[-84.390473302063057,33.82062756481313],[-84.391657597528749,33.82116406100274],[-84.391813348098069,33.821229046866257],[-84.39181429064142,33.821588718608083],[-84.391936627879161,33.821782244319841],[-84.39219846265722,33.822120484079832],[-84.39225142551237,33.822226880509753],[-84.392297995427583,33.822406117182062],[-84.392439506557466,33.823003595605847],[-84.392550685736396,33.823335239714005],[-84.392638516453133,33.823552874729259],[-84.392707957204848,33.823664050114985],[-84.392795508348925,33.823775193155427],[-84.39290607218868,33.823871864896027],[-84.393203142477617,33.824144767680778],[-84.393348458968006,33.824309049920757],[-84.393494677393107,33.82450253008718],[-84.393551722136309,33.824594834713594],[-84.393634393300729,33.824727627389002],[-84.393774333355807,33.825037230747768],[-84.393850592274106,33.825235306025448],[-84.394020875153757,33.825811087147457],[-84.394090062025114,33.826135936573053],[-84.39417509617499,33.82653839369511],[-84.394263585127035,33.827001648539458],[-84.394430535953333,33.827871151061537],[-84.394445923464119,33.828085826647808],[-84.394425253842101,33.828673296752939],[-84.394416862261082,33.828923742971924],[-84.394402440145853,33.829073203570999],[-84.394377996985753,33.829169093461601],[-84.394319961022276,33.829325505099597],[-84.394274911073495,33.829411813367429],[-84.394231487502978,33.829490561037296],[-84.394157732017504,33.829617802763593],[-84.394097889667876,33.829714100514337],[-84.394051122767252,33.829773960336333],[-84.393898459113288,33.829948753106493],[-84.393543027055443,33.830341371950226],[-84.393441261904954,33.830462137764378],[-84.393359318827478,33.830607600045184],[-84.393315156682192,33.830718983733775],[-84.39329803687292,33.830782911083986],[-84.39328588831836,33.830858852714613],[-84.393274695338974,33.830984948322161],[-84.393271015914749,33.831150534736004],[-84.393293706294727,33.831325691420005],[-84.393318862941442,33.831499470358374],[-84.394473930551641,33.8324375748929],[-84.394579971261635,33.832531161587831],[-84.394664238083536,33.832641277705783],[-84.394689459286042,33.832683141260247],[-84.39474077385546,33.832785246740599],[-84.394769904731135,33.832904224212825],[-84.394853329772019,33.833316989162689],[-84.394882459620064,33.833435451760877],[-84.39490982702516,33.833510289797566],[-84.394971927262731,33.833643292550036],[-84.395016581545022,33.833717239286543],[-84.39506367441318,33.833778986763953],[-84.395129302122683,33.833845165722288],[-84.395177565006676,33.833882864161545],[-84.395272386711255,33.833936621999165],[-84.395372978877234,33.83399311726906],[-84.395501637174803,33.834077386887174],[-84.395565969328757,33.834120208240947],[-84.39568143885451,33.834198317780043],[-84.395724330625882,33.834228468404419],[-84.395768050301385,33.834260335105647],[-84.395880665726438,33.834348584227421],[-84.395997419865026,33.834445069270593],[-84.396059342147055,33.834510568464943],[-84.396091532298271,33.834541082393443],[-84.396165325293708,33.83473503727695],[-84.396266324957253,33.834943369545577],[-84.396386451251004,33.835222776873884],[-84.396461954465693,33.83544043256353],[-84.396484582661998,33.835589480663366],[-84.396526555264117,33.835891019121874],[-84.39661831045126,33.836643170729594],[-84.39666335389127,33.83686088304276],[-84.396693334710207,33.83698827522236],[-84.39671657904573,33.837059685241513],[-84.396758869767211,33.837172111508359],[-84.396788647832253,33.837223757032035],[-84.396834917206789,33.837284646963553],[-84.396910892531253,33.837370214371127],[-84.396972805649341,33.83743124634848],[-84.397023164690779,33.837481994104309],[-84.397128060424336,33.837606154450469],[-84.397187608114834,33.837706010060181],[-84.397229017570879,33.837796108619933],[-84.397232149658194,33.837889369576843],[-84.397176904211435,33.838012455116633],[-84.396978694664369,33.838398949427386],[-84.397132571136012,33.838979908446056],[-84.397145064125553,33.839033132490506],[-84.39715678912296,33.839106968613194],[-84.39717447903223,33.839255854412009],[-84.397169665805578,33.839303097750921],[-84.397146075743137,33.83940997835824],[-84.397127328856172,33.839480780605427],[-84.397113044853612,33.839527183278584],[-84.397060232894844,33.839636695372207],[-84.397000333899882,33.839713241309006],[-84.396425276082198,33.840347948775545],[-84.396372442525191,33.840449903038042],[-84.396326920839343,33.840566443048338],[-84.396320388542904,33.840689437412337],[-84.396328827920868,33.84076637144593],[-84.396338097104476,33.840845709513637],[-84.396335542550005,33.841121908910189],[-84.396318814430074,33.841332178672225],[-84.396278443034916,33.841630090593412],[-84.396197936804313,33.842006745478599],[-84.396139163164236,33.842197168969221],[-84.396049068930211,33.842375969929037],[-84.395844819356753,33.8426645686258],[-84.395693029793932,33.842865126089528],[-84.395412307078914,33.843193027997025],[-84.395322054908206,33.843313085827049],[-84.395271295435506,33.843422077552049],[-84.395274886275473,33.843533717596138],[-84.395373300348552,33.844048047046456],[-84.39579657955322,33.844034564212926],[-84.395921737803278,33.84403570565172],[-84.396075755857609,33.844052251914697],[-84.396204270140373,33.844076746555899],[-84.396298207039607,33.844102679570575],[-84.396630330692801,33.844213706322058],[-84.396802572391238,33.844270753690211],[-84.397801612683963,33.844674589294996],[-84.398309379082576,33.844879752492773],[-84.398548426853878,33.844976520822904],[-84.399144347653035,33.845199034527404],[-84.399576134662624,33.845318453471371],[-84.400143733179831,33.845419063409963],[-84.400426271098695,33.84545975107843],[-84.400627258263299,33.845487538917141],[-84.40106287669235,33.845501483080689],[-84.401185572694843,33.845504341478467],[-84.402434627000105,33.845485813515381],[-84.402588589381267,33.845480709638117],[-84.402863581105805,33.845471251455209],[-84.403242382403988,33.845484266178431],[-84.403691258226729,33.845527718793903],[-84.404176434417494,33.845596520723056],[-84.404472151214648,33.845637518150177],[-84.404689374562594,33.845581446960672],[-84.405519130366244,33.845496022048138],[-84.40560640203752,33.845492761214018],[-84.405667323027998,33.845488864352291],[-84.40582327813317,33.845460221538652],[-84.405908419927556,33.845431371534424],[-84.406003404128725,33.845388762253343],[-84.406125086959577,33.845323599686125],[-84.406246296900292,33.84523696713299],[-84.406721201744318,33.844871562074189],[-84.406791039259559,33.844817492594544],[-84.407119001293268,33.844612454914994],[-84.40727442658789,33.844542416042366],[-84.40764777688527,33.844374390008717],[-84.407707808966251,33.844347477677516],[-84.408118158606371,33.844161513655266],[-84.408410913570592,33.844029026233265],[-84.40941832614233,33.843590081629181],[-84.41025883247049,33.843239744692006],[-84.411096172524438,33.842936128657868],[-84.411341285349181,33.84284701201598],[-84.411513185243606,33.842781400931536],[-84.411555119421024,33.842761049647841],[-84.411736784598759,33.842655569905403],[-84.411787739941929,33.842622662383405],[-84.411961134129982,33.842503972572707],[-84.412063019870374,33.842429567431751],[-84.412132042407819,33.842380305896533],[-84.412436951564544,33.842183888974837],[-84.413132239784929,33.841735917060838],[-84.413639366963466,33.841426071976841],[-84.413858894303686,33.841318108572509],[-84.414446863830761,33.841063062133493],[-84.415331710239968,33.840686150904503],[-84.415461632628038,33.840628176524241],[-84.415504381191326,33.840605416671636],[-84.415564377283488,33.840567851292938],[-84.415629303464939,33.840526840675061],[-84.415675305482964,33.840490334074822],[-84.415784563940605,33.840404575517773],[-84.416032644722662,33.840207577434093],[-84.416343976198334,33.839959951627186],[-84.416770405898149,33.839937445267005],[-84.416821446351378,33.839934593519494],[-84.417577378334698,33.83996741007558]]]},"properties":{"OBJECTID":261,"LOCALID":null,"NAME":"C","GEOTYPE":"NPU","FULLFIPS":null,"LEGALAREA":null,"EFFECTDATE":null,"ENDDATE":null,"SRCREF":null,"ACRES":3873.7400000000002,"SQMILES":6.0499999999999998,"OLDNAME":null,"NPU":null,"CREATED_USER":null,"CREATED_DATE":null,"LAST_EDITED_USER":null,"LAST_EDITED_DATE":null,"GLOBALID":"{30393597-154D-48B6-B4C4-D40947844146}","SHAPE.AREA":168739253.98096299,"SHAPE.LEN":78067.005365653502}},{"type":"Feature","id":263,"geometry":{"type":"Polygon","coordinates":[[[-84.451991966985787,33.733700625232821],[-84.452549968867643,33.733790624650986],[-84.453089884782088,33.733914701018811],[-84.45326796996801,33.733955626057217],[-84.453824972562543,33.734043127137909],[-84.453893602263776,33.73402863389466],[-84.455460977767885,33.733697625622455],[-84.456240077506337,33.73349720048963],[-84.456770771973737,33.73351928793425],[-84.457021402159711,33.73352971891881],[-84.457023322771576,33.733442799252302],[-84.457074917576961,33.731107693544494],[-84.457005944943148,33.726905315125471],[-84.462261651980356,33.726915749359307],[-84.463554788428439,33.726920068064878],[-84.463812902438349,33.727009210844841],[-84.464783374750866,33.726944040922838],[-84.466318384377146,33.726974679072434],[-84.466193255160221,33.726459684793376],[-84.465710412269473,33.724618131987476],[-84.465158913455426,33.722783973925829],[-84.464207346237956,33.722577260419172],[-84.463760159926935,33.722504619219841],[-84.463501827163711,33.722459894207333],[-84.463408128222838,33.722444270933515],[-84.463001651845119,33.722514776413682],[-84.462865242666808,33.722538463780317],[-84.462764550313722,33.722547293515298],[-84.462531255217002,33.722567792767258],[-84.462259642187078,33.722549533570742],[-84.462059753574067,33.722524246947678],[-84.461748746718683,33.722464185316738],[-84.460519616213659,33.72225206509075],[-84.459976621541344,33.722156136379709],[-84.45833776997533,33.721865953572269],[-84.457883624163486,33.721782859985836],[-84.45685110169758,33.721593942215549],[-84.456465259916811,33.721528203015879],[-84.455567708805575,33.721375716513215],[-84.455470630675308,33.721358766968962],[-84.454780392746954,33.721239455894711],[-84.454661141712023,33.721230458664635],[-84.454255495682474,33.721199356248327],[-84.453874297490017,33.721235382702886],[-84.453437169955023,33.721322968433824],[-84.453092204176528,33.721432668483935],[-84.452727652659618,33.721587415592701],[-84.452321507230721,33.721844974719922],[-84.451956515296857,33.722088357161446],[-84.451991334094046,33.721975699311926],[-84.452015820203641,33.721861791281029],[-84.452504760577554,33.719587145715629],[-84.452578976075799,33.719233579747467],[-84.45288482863252,33.717758519012534],[-84.452911979204004,33.717627574931832],[-84.453245980787173,33.716017568565221],[-84.45344984404008,33.715073835722649],[-84.453495481097008,33.714862565720487],[-84.453520687137356,33.71479015806441],[-84.45355075922518,33.714685654464809],[-84.453977257719657,33.713391949027326],[-84.454028538274642,33.713237583792811],[-84.45425400102323,33.71255651999104],[-84.454569810912673,33.711604541754205],[-84.454767339145803,33.711177413228562],[-84.45486283650925,33.710970727556692],[-84.455296911388828,33.710232491923392],[-84.455482141768528,33.70981775807833],[-84.455561735440554,33.709527287116181],[-84.455619918501711,33.709226215769782],[-84.455650541823033,33.708305475480287],[-84.455659301116782,33.707975319411034],[-84.455676705623972,33.707280998670619],[-84.45567676027153,33.707127243858139],[-84.455363381624196,33.707248065125228],[-84.455223827799415,33.707307822306568],[-84.454975912598485,33.70741386563369],[-84.454848672166619,33.707468440665252],[-84.454592516859606,33.707568662393307],[-84.453815836970662,33.707873123243729],[-84.453749334213299,33.707899042747506],[-84.45339465336653,33.708037966560262],[-84.453129465440043,33.708142328610066],[-84.45189873987772,33.708622688416071],[-84.451427463849271,33.708806534965468],[-84.451350277020254,33.708833851936227],[-84.450964418029713,33.708993796100486],[-84.450732430240237,33.709081300306742],[-84.450690041254987,33.709097288631632],[-84.450589183762673,33.709135164789437],[-84.450197536863683,33.709285844485443],[-84.448826382792603,33.709822490812712],[-84.448618681442696,33.709911939963163],[-84.448367531664701,33.710038933790273],[-84.44811560498573,33.710180012803718],[-84.447913794494596,33.710311701832829],[-84.447718560188562,33.710443032938294],[-84.447276266886746,33.710696878313364],[-84.446930051812188,33.710917869475871],[-84.446719918505735,33.711019001049749],[-84.446443133555292,33.711102076028638],[-84.445969863241274,33.711185251283894],[-84.445858111610576,33.711203024066108],[-84.445477666783134,33.711263657993833],[-84.443860619393107,33.711539375828536],[-84.443688068892882,33.711569306702323],[-84.442803130512416,33.711721755315473],[-84.442412856416112,33.711795456916285],[-84.442250157122473,33.711820897870481],[-84.442109642888994,33.711842853818908],[-84.441916170110972,33.711871423183872],[-84.441964851411171,33.705659944802392],[-84.443065678370445,33.705653283167408],[-84.443125569446963,33.70099689585301],[-84.437966461799732,33.700939227736924],[-84.437842243840265,33.700937836889054],[-84.437843340468291,33.699835194299133],[-84.437843429533785,33.69974542917312],[-84.434921148214869,33.699735319270104],[-84.429301985627404,33.699715444638038],[-84.428809101784481,33.699746435625237],[-84.42695139908993,33.71093512969717],[-84.4268589258227,33.711348939562598],[-84.426748337098076,33.711753510294493],[-84.424708398680309,33.71826808462783],[-84.424497646264427,33.719001967805639],[-84.424248203986693,33.719721845520347],[-84.423966374053506,33.720334951647317],[-84.423602608031388,33.721045448041259],[-84.423221239506987,33.721644674579203],[-84.422773971432036,33.722289020324538],[-84.422451050714557,33.722277342208422],[-84.421209989784927,33.722248301297782],[-84.420706440925343,33.722249338074647],[-84.419840351079571,33.722232565768579],[-84.418758240163015,33.722211418152668],[-84.418568832257861,33.72219084555018],[-84.418024972901193,33.722184404013134],[-84.417962763129864,33.72423831467259],[-84.416451156300496,33.723442998369904],[-84.415051505149719,33.722801696810215],[-84.410978751695197,33.721312634351186],[-84.411413230813196,33.721907186622047],[-84.412781779617831,33.724182296623802],[-84.41303792289537,33.724619103054792],[-84.413321979071227,33.725039363638807],[-84.413630652404152,33.725441023584899],[-84.413963937030303,33.725822365063983],[-84.414320188705531,33.726182703212046],[-84.414698577111935,33.7265199801137],[-84.415096634598882,33.72683316903607],[-84.415513534722066,33.727121239961079],[-84.416736444498383,33.72796542232178],[-84.421039366137236,33.730721848507343],[-84.424007881412564,33.732623268053551],[-84.424217557974416,33.732663843704856],[-84.424461901329678,33.732781475297323],[-84.42477990071626,33.732895148376279],[-84.424843171312958,33.732855539754439],[-84.425441858135699,33.732987301796996],[-84.427121718938707,33.733164427037352],[-84.427448244574876,33.733184349787379],[-84.427525557500672,33.733188995931172],[-84.429384967242271,33.73322868250736],[-84.429879220339274,33.733239310057058],[-84.430301926114353,33.733248714272236],[-84.431640769122197,33.733277453555722],[-84.43346070854399,33.73331681990588],[-84.433896572203452,33.733325839853983],[-84.435031460598211,33.733348800003675],[-84.435413863830718,33.733354838984404],[-84.436196762634538,33.733367560966911],[-84.43729545251189,33.733385082810138],[-84.437350216153661,33.733397428184951],[-84.437440291665098,33.733419461955414],[-84.43753240174442,33.733422351728287],[-84.43765494000418,33.733425861724477],[-84.437799820429959,33.73347363897652],[-84.438465593808232,33.733634322108273],[-84.438672054161742,33.73365138759705],[-84.438841486023946,33.733661320204938],[-84.438927004765816,33.733660101089804],[-84.439093930600336,33.733657328221589],[-84.440536358319918,33.733674405933549],[-84.440792115080086,33.733677617287732],[-84.44139651657089,33.733673182318597],[-84.441482037466145,33.73367264849157],[-84.443828212807972,33.733690077882912],[-84.443968836193932,33.733691136300386],[-84.445121943596732,33.733693621404115],[-84.445262386347949,33.733694213500996],[-84.447398873813313,33.733703195481233],[-84.447500952390925,33.73370362338602],[-84.448133303060345,33.733710386927683],[-84.448248954939828,33.733711623618831],[-84.44840557168304,33.733713967751306],[-84.448983956875153,33.733722623607932],[-84.449116885986001,33.733722744308913],[-84.449536957985543,33.733723124422241],[-84.449892786795189,33.733699595180276],[-84.44995876951107,33.733695232187841],[-84.450545768195269,33.733628694383832],[-84.450672391649064,33.733623937322314],[-84.450748037689621,33.733621358602598],[-84.450939207859761,33.733630395072169],[-84.450996212600501,33.733626624745021],[-84.451991966985787,33.733700625232821]]]},"properties":{"OBJECTID":263,"LOCALID":null,"NAME":"S","GEOTYPE":"NPU","FULLFIPS":null,"LEGALAREA":null,"EFFECTDATE":null,"ENDDATE":null,"SRCREF":null,"ACRES":2486.2400000000002,"SQMILES":3.8799999999999999,"OLDNAME":null,"NPU":null,"CREATED_USER":null,"CREATED_DATE":null,"LAST_EDITED_USER":null,"LAST_EDITED_DATE":null,"GLOBALID":"{FD9A625E-CED9-4822-8B4C-6D71BAE63D11}","SHAPE.AREA":108300147.59936599,"SHAPE.LEN":59199.388273518001}},{"type":"Feature","id":264,"geometry":{"type":"Polygon","coordinates":[[[-84.454661141712023,33.721230458664635],[-84.454780392746954,33.721239455894711],[-84.455470630675308,33.721358766968962],[-84.455567708805575,33.721375716513215],[-84.456465259916811,33.721528203015879],[-84.45685110169758,33.721593942215549],[-84.457883624163486,33.721782859985836],[-84.45833776997533,33.721865953572269],[-84.459976621541344,33.722156136379709],[-84.460519616213659,33.72225206509075],[-84.461748746718683,33.722464185316738],[-84.462059753574067,33.722524246947678],[-84.462259642187078,33.722549533570742],[-84.462531255217002,33.722567792767258],[-84.462764550313722,33.722547293515298],[-84.462865242666808,33.722538463780317],[-84.463001651845119,33.722514776413682],[-84.463408128222838,33.722444270933515],[-84.464043194393298,33.722181705456563],[-84.464190514726809,33.722125745425224],[-84.464315844988917,33.722086576588772],[-84.464890400250439,33.721894187027765],[-84.465701076863681,33.721577202115576],[-84.465898997077616,33.721499812255452],[-84.466479759394261,33.721290477053081],[-84.466754434652586,33.721191784456934],[-84.466908553690402,33.721138312175917],[-84.467211802400229,33.721073645285216],[-84.467887979058503,33.720929450446945],[-84.468524813868953,33.720793640615092],[-84.469201272883339,33.720649376590764],[-84.469209605437186,33.719242262373676],[-84.469211322465199,33.719028581470305],[-84.469226741605524,33.718033329655867],[-84.469227872941318,33.717652693717042],[-84.469227529504039,33.717554787107105],[-84.469232862061759,33.717199905730652],[-84.469203708262583,33.716857818583811],[-84.469160252146466,33.716657301543798],[-84.46902875490575,33.716202442950582],[-84.468966556086514,33.716049379994629],[-84.468900215418373,33.71588739530948],[-84.46886123606464,33.715791301762295],[-84.468745504311585,33.715494256670873],[-84.468703945970603,33.715248217255002],[-84.468694595615588,33.715160639486314],[-84.46867335155153,33.714963504119488],[-84.468654835742726,33.714606275294955],[-84.468645937258771,33.71441288767091],[-84.468635433023195,33.714230497889609],[-84.468592646116193,33.71351571065459],[-84.468582132499336,33.713330572608548],[-84.468606319089076,33.713194131283878],[-84.468652745756486,33.713069830516901],[-84.468732137971131,33.712968465764881],[-84.468892011018141,33.712841654919842],[-84.469427376400859,33.712417455041887],[-84.469631123631302,33.71226030487022],[-84.469741382661269,33.712170028092473],[-84.469780723710855,33.712135578355024],[-84.469919206651952,33.712005726871489],[-84.469970664018831,33.711948365927853],[-84.472370124255335,33.712284749479267],[-84.472383417781671,33.712154829919889],[-84.474542443929536,33.71240631134345],[-84.474560670672858,33.712449744798214],[-84.475410066226274,33.712431954746258],[-84.475969079330412,33.712421967941488],[-84.476170928533065,33.7124262717929],[-84.476793649758648,33.712406908462782],[-84.476814805881403,33.712925734632329],[-84.479455735104708,33.712908847862721],[-84.479787043909624,33.713098727261716],[-84.479787449145121,33.71321037409168],[-84.479794507484343,33.713342959497524],[-84.479909074044812,33.713422368407578],[-84.479972666326816,33.713501562982287],[-84.479928503247919,33.713565572816982],[-84.479971618434689,33.713665774762447],[-84.480062497376409,33.713787841551515],[-84.48031102408865,33.71385351238353],[-84.480616104922404,33.713871631593378],[-84.480707261373524,33.714069618626269],[-84.480798211835264,33.714210922460182],[-84.480956371538198,33.714295372485545],[-84.481250222046711,33.714389439221037],[-84.481217166931529,33.714568504359654],[-84.48120771917354,33.714908625765055],[-84.481163154975647,33.715088062812697],[-84.481209028170667,33.71526761310303],[-84.481333378090468,33.715323635583438],[-84.481672793233301,33.715511370259385],[-84.481785911030883,33.715643341431829],[-84.481888169198839,33.715728276368957],[-84.482057601566652,33.71574639546705],[-84.482181852200171,33.715774934803107],[-84.482238994243517,33.715887810750395],[-84.482337621352968,33.716103640155048],[-84.482726133323652,33.71622631892572],[-84.483043392013428,33.716423724464306],[-84.483249511804729,33.716581220885956],[-84.483428034223081,33.716611681033307],[-84.483586166818768,33.716686853253421],[-84.483626996436541,33.71705844969005],[-84.483717856182537,33.717172613418811],[-84.483835217713946,33.717339268458616],[-84.483980066420742,33.717602386041165],[-84.484268933923218,33.7176789381897],[-84.484312409078967,33.71774867329875],[-84.48449064975236,33.717747009264087],[-84.48481776985922,33.717796592290469],[-84.485015591874017,33.717711025606093],[-84.485308430626333,33.717527167267434],[-84.485442051241151,33.717197719243671],[-84.485669259003927,33.717053192009971],[-84.485569995055556,33.716667662365779],[-84.485596549717371,33.71651162955223],[-84.485798960838551,33.716331783240761],[-84.485957596671426,33.716320380255176],[-84.486160466120126,33.716264890610347],[-84.486384723530932,33.715990514728695],[-84.486703571829594,33.715728260519604],[-84.486745306536534,33.715454014124887],[-84.487062429437557,33.715170464484714],[-84.48745477290727,33.714996306197733],[-84.487735794440212,33.714954695772946],[-84.487897947131927,33.714957530961811],[-84.488080907838878,33.715005129601529],[-84.488260901467086,33.714887715167777],[-84.488369046566646,33.714786091711922],[-84.488460259035392,33.714553282273137],[-84.488617791634042,33.714481126844149],[-84.488781148473095,33.714493744333375],[-84.489038829112843,33.714493373237474],[-84.489177411013841,33.714396478173477],[-84.489338478388731,33.714376820647765],[-84.489441153006496,33.714376552386867],[-84.48962584426333,33.714491388066286],[-84.489787417403733,33.714606735674579],[-84.490041677806943,33.714664127128351],[-84.490227672526984,33.714933656823654],[-84.490598726102021,33.715222281436752],[-84.490876950446093,33.715530387278527],[-84.491039035966139,33.71578074068632],[-84.491433260030476,33.716107777414777],[-84.491826522265015,33.716396684291539],[-84.49235926005511,33.716607239640773],[-84.493012493926216,33.716818133477972],[-84.493736286967007,33.716797461807261],[-84.494197681699305,33.716622067803549],[-84.494682610997074,33.716582305419593],[-84.495075383425331,33.716523204903403],[-84.495351054363795,33.716155923531495],[-84.495811474684572,33.715942394099493],[-84.496088698774102,33.715767828105363],[-84.496440871133274,33.715627757190518],[-84.496711301917102,33.715611919495039],[-84.496926307441001,33.715544056807346],[-84.497173127992284,33.715552627784135],[-84.497310721729789,33.715628867061369],[-84.49739543194714,33.715850562518746],[-84.497567597888249,33.715937701935893],[-84.497753814398365,33.716043697679879],[-84.497890743174764,33.716160819229145],[-84.497929074207434,33.716294006640759],[-84.49826222657677,33.716553510435325],[-84.498318720939778,33.716705886711608],[-84.498504797540136,33.716775123815012],[-84.498841173730554,33.716803076282211],[-84.49923513024315,33.717265097397565],[-84.499420341305424,33.717322311841059],[-84.500021943517623,33.717475279646457],[-84.500993075758259,33.717723432694335],[-84.501409171610121,33.717954190251191],[-84.501641326468473,33.718242814212708],[-84.502317252539669,33.718280350956839],[-84.502166376212458,33.717622618908933],[-84.50192286968435,33.716853811354603],[-84.501768072873858,33.716363335887962],[-84.501364552288607,33.715590280561948],[-84.50114483410897,33.71518316430506],[-84.501103868228952,33.715096468162457],[-84.500825433590776,33.714585186684957],[-84.500604986461198,33.714085428743971],[-84.500134846574198,33.713267717806708],[-84.499336484479642,33.71175832858966],[-84.498824840938042,33.7108307938839],[-84.497980026448474,33.708558877505816],[-84.497726397026426,33.707162753967133],[-84.497561394670825,33.705294721784668],[-84.497646138988628,33.703813180687312],[-84.497876439916212,33.702132688307245],[-84.498456822723583,33.700215590403104],[-84.499004000547146,33.698647609344029],[-84.499110360602955,33.698304476926971],[-84.499502501995835,33.697038188337181],[-84.499599528955798,33.696620534007501],[-84.499931756299134,33.695381201637566],[-84.50008385632222,33.693900849100409],[-84.500099686189131,33.693743124884215],[-84.500094810281439,33.693331928509025],[-84.500076053592466,33.691667559346811],[-84.500066319720872,33.690849633069746],[-84.500059165556237,33.690486880780703],[-84.500056130772435,33.690339512468107],[-84.50005207778608,33.690141304934713],[-84.500048141312135,33.689866831876287],[-84.499969079377692,33.686099511524858],[-84.499959038978943,33.685627523198669],[-84.499944343207005,33.685014011728128],[-84.499920804767399,33.684025728406425],[-84.499906983173702,33.683425611308678],[-84.499914085497679,33.683349327772717],[-84.499616170026286,33.679833372580539],[-84.499151263009651,33.676907369493172],[-84.499077321634573,33.676485364650588],[-84.498719719844104,33.674314844839152],[-84.498595507413313,33.673426798281099],[-84.498587940106802,33.673382159206362],[-84.498223599160497,33.671161842460251],[-84.498035287745964,33.670055821783485],[-84.497671579794599,33.667135376884296],[-84.497653967506196,33.666143542481429],[-84.49765349947171,33.666104677478408],[-84.497438295574952,33.666100604573316],[-84.497323475308335,33.666098431302132],[-84.492121430923177,33.666117047276586],[-84.492022872219422,33.66962067597391],[-84.492010495316393,33.670043599951192],[-84.49195962645291,33.671840612606388],[-84.491899526576304,33.673963623012384],[-84.487570168175722,33.673881498709385],[-84.487564779486547,33.674421892480673],[-84.486570347137615,33.674396987764595],[-84.486539648510714,33.677203057165727],[-84.48653350528329,33.67798530123229],[-84.486472795184014,33.681462109843523],[-84.486460955011111,33.682140192706775],[-84.486457241550767,33.68258963158592],[-84.486450739759277,33.683376598807655],[-84.486426355644809,33.686335520098908],[-84.486417001660669,33.686916804376985],[-84.486353080662553,33.690105068325522],[-84.486341379858914,33.690688657555327],[-84.485685053475763,33.690759516684835],[-84.484209335055013,33.690918825727991],[-84.484016094288975,33.690939613181172],[-84.483113317289536,33.691036722018325],[-84.483014606753642,33.691020318387615],[-84.482949349582711,33.691013429943418],[-84.482489121536588,33.691005256010676],[-84.482438308727808,33.693227445703485],[-84.481847309041513,33.693219765859723],[-84.481785625879411,33.693211934472018],[-84.480187599874711,33.693167905105476],[-84.479690399808788,33.693189435073293],[-84.478620970330425,33.693168435089163],[-84.477081289171821,33.693120095820724],[-84.47700533338903,33.697142034450152],[-84.476988034513269,33.698046257949578],[-84.476153299276064,33.698035094642492],[-84.467795247256959,33.697923004298858],[-84.466701120788073,33.697907458948087],[-84.465036400047026,33.697853776919267],[-84.464578088060279,33.697719873551421],[-84.463370496704073,33.697694609782104],[-84.46318768219021,33.697741829565437],[-84.463006677051197,33.69778858128474],[-84.461766154071711,33.697748264468345],[-84.461281159573957,33.697742551273571],[-84.459327047770529,33.69864210071173],[-84.459213786405968,33.698693556261176],[-84.459098875098093,33.698743297045851],[-84.458983135847049,33.698791322017975],[-84.458866566416617,33.698837287647599],[-84.458748349302198,33.698881882930941],[-84.458630126254917,33.698924760450609],[-84.458510253292175,33.698965924090075],[-84.458389552413891,33.699005371903624],[-84.458268843382356,33.699042758421065],[-84.458146486692016,33.699078774576243],[-84.458024122944153,33.699112730331166],[-84.457900931304039,33.699144969350314],[-84.4577608423604,33.699179200156877],[-84.457652063303016,33.6992042998789],[-84.457527208873685,33.699231045915433],[-84.457401526582743,33.699256076109442],[-84.457275015280345,33.699279046928226],[-84.457148498206436,33.699300643499519],[-84.457084063931958,33.699310355293655],[-84.457021152059355,33.699319837159379],[-84.456893801234216,33.699337656567437],[-84.45676562142927,33.69935341659334],[-84.456637433573249,33.699367115307723],[-84.456509242139916,33.699379439765941],[-84.456396129095154,33.69938813831682],[-84.456252016415206,33.699397906666611],[-84.456122981063302,33.699404049109759],[-84.455993120165431,33.699408819219812],[-84.4558640743453,33.699411526087957],[-84.455735021613052,33.699412171639892],[-84.455670059780687,33.699411632043351],[-84.455605963127894,33.699411099405857],[-84.455476896669339,33.6994079658581],[-84.455347825553048,33.699403114521665],[-84.45521874870802,33.699396545399082],[-84.455154025577571,33.699392217996433],[-84.45508966499402,33.699387914960006],[-84.454961395340533,33.699377221288735],[-84.454832299063156,33.699364811747571],[-84.454704841087405,33.699350680587081],[-84.454576554278461,33.699334490028825],[-84.454512878386012,33.699325543343818],[-84.454449082709488,33.699316579773431],[-84.4543224274002,33.699296606288122],[-84.454195767571122,33.699275258551459],[-84.454069099796669,33.699251505972491],[-84.453944070434076,33.6992263753218],[-84.453819035364901,33.699199183359774],[-84.452591406177959,33.698855287665552],[-84.451357321241986,33.698509567834961],[-84.449685537459288,33.698057539528527],[-84.449680920884703,33.698576499614475],[-84.449663913580906,33.700488090471083],[-84.449676337995569,33.702416026252102],[-84.449697390155293,33.705682583038559],[-84.447019914538402,33.705682161242315],[-84.446463384622902,33.70568479711784],[-84.44638117005961,33.705685326831933],[-84.446298973834828,33.70568585644974],[-84.446196920329498,33.70568426425627],[-84.443933767705914,33.705648933119562],[-84.443759294138246,33.70564980788081],[-84.443065678370445,33.705653283167408],[-84.441964851411171,33.705659944802392],[-84.441916170110972,33.711871423183872],[-84.442109642888994,33.711842853818908],[-84.442250157122473,33.711820897870481],[-84.442412856416112,33.711795456916285],[-84.442803130512416,33.711721755315473],[-84.443688068892882,33.711569306702323],[-84.443860619393107,33.711539375828536],[-84.445477666783134,33.711263657993833],[-84.445858111610576,33.711203024066108],[-84.445969863241274,33.711185251283894],[-84.446443133555292,33.711102076028638],[-84.446719918505735,33.711019001049749],[-84.446930051812188,33.710917869475871],[-84.447276266886746,33.710696878313364],[-84.447718560188562,33.710443032938294],[-84.447913794494596,33.710311701832829],[-84.44811560498573,33.710180012803718],[-84.448367531664701,33.710038933790273],[-84.448618681442696,33.709911939963163],[-84.448826382792603,33.709822490812712],[-84.450197536863683,33.709285844485443],[-84.450589183762673,33.709135164789437],[-84.450690041254987,33.709097288631632],[-84.450732430240237,33.709081300306742],[-84.450964418029713,33.708993796100486],[-84.451350277020254,33.708833851936227],[-84.451427463849271,33.708806534965468],[-84.45189873987772,33.708622688416071],[-84.453129465440043,33.708142328610066],[-84.45339465336653,33.708037966560262],[-84.453749334213299,33.707899042747506],[-84.453815836970662,33.707873123243729],[-84.454592516859606,33.707568662393307],[-84.454848672166619,33.707468440665252],[-84.454975912598485,33.70741386563369],[-84.455223827799415,33.707307822306568],[-84.455363381624196,33.707248065125228],[-84.45567676027153,33.707127243858139],[-84.455676705623972,33.707280998670619],[-84.455659301116782,33.707975319411034],[-84.455650541823033,33.708305475480287],[-84.455619918501711,33.709226215769782],[-84.455561735440554,33.709527287116181],[-84.455482141768528,33.70981775807833],[-84.455296911388828,33.710232491923392],[-84.45486283650925,33.710970727556692],[-84.454767339145803,33.711177413228562],[-84.454569810912673,33.711604541754205],[-84.45425400102323,33.71255651999104],[-84.454028538274642,33.713237583792811],[-84.453977257719657,33.713391949027326],[-84.45355075922518,33.714685654464809],[-84.453520687137356,33.71479015806441],[-84.453495481097008,33.714862565720487],[-84.45344984404008,33.715073835722649],[-84.453245980787173,33.716017568565221],[-84.452911979204004,33.717627574931832],[-84.45288482863252,33.717758519012534],[-84.452578976075799,33.719233579747467],[-84.452504760577554,33.719587145715629],[-84.452015820203641,33.721861791281029],[-84.451991334094046,33.721975699311926],[-84.451956515296857,33.722088357161446],[-84.452321507230721,33.721844974719922],[-84.452727652659618,33.721587415592701],[-84.453092204176528,33.721432668483935],[-84.453437169955023,33.721322968433824],[-84.453874297490017,33.721235382702886],[-84.454255495682474,33.721199356248327],[-84.454661141712023,33.721230458664635]]]},"properties":{"OBJECTID":264,"LOCALID":null,"NAME":"R","GEOTYPE":"NPU","FULLFIPS":null,"LEGALAREA":null,"EFFECTDATE":null,"ENDDATE":null,"SRCREF":null,"ACRES":3448.1399999999999,"SQMILES":5.3899999999999997,"OLDNAME":null,"NPU":null,"CREATED_USER":null,"CREATED_DATE":null,"LAST_EDITED_USER":null,"LAST_EDITED_DATE":null,"GLOBALID":"{63CD01CB-0590-4E24-8F44-4837CB1B213A}","SHAPE.AREA":150200447.59946001,"SHAPE.LEN":84905.097259290895}},{"type":"Feature","id":265,"geometry":{"type":"Polygon","coordinates":[[[-84.450388520572801,33.785788042169479],[-84.450653776456988,33.786129242505659],[-84.450743513697418,33.786642268799859],[-84.451739931566266,33.786878035774059],[-84.452631265927565,33.787184805944747],[-84.453830546529744,33.785577397302234],[-84.455021691381219,33.785975174204928],[-84.455137744325796,33.785985208791736],[-84.455807549615344,33.78599085517709],[-84.456482294155748,33.785996829853524],[-84.456571851098829,33.7857135523141],[-84.456928453952841,33.784100532727862],[-84.456977014471065,33.783860978427036],[-84.457031861108021,33.783289561028909],[-84.457025949641761,33.783244572738354],[-84.457015905639892,33.783194097718876],[-84.457097130795034,33.783125200922548],[-84.457303103068497,33.782961882676908],[-84.457372925861179,33.782927708907515],[-84.458003856108917,33.782637313656295],[-84.458147623740444,33.78257136024591],[-84.457162224221619,33.782177594897902],[-84.45654262938487,33.781924840072634],[-84.456536780540219,33.779944409070978],[-84.456534816775758,33.779849943362287],[-84.457790371392434,33.779850079507902],[-84.458677410410701,33.779875809494726],[-84.462013844325,33.779899473985076],[-84.46215947405426,33.779899125357396],[-84.462249127317506,33.779890665967109],[-84.462334666729348,33.779882216368328],[-84.462512399576369,33.77988591274336],[-84.463183004000612,33.779898387889411],[-84.463863482979264,33.779911179138089],[-84.464009947233833,33.779913918071891],[-84.465021104863297,33.779904606959704],[-84.465899116075747,33.779936146834316],[-84.468451593392928,33.780001041475082],[-84.468689396055709,33.780006986733575],[-84.471524248201519,33.779949456069808],[-84.475162622478052,33.779971348818428],[-84.475137320748203,33.779781339977916],[-84.475016850976871,33.779394268337569],[-84.474797684924724,33.778983629574817],[-84.474514891501698,33.778673358407978],[-84.474347025714906,33.778459011453265],[-84.474284320358095,33.778350977096387],[-84.474197999021783,33.778059489809003],[-84.474212947475905,33.777803467140352],[-84.474234724434467,33.777654201644566],[-84.474038605188042,33.777338643278625],[-84.473942525684677,33.777159217203355],[-84.473884367336026,33.777000650980959],[-84.473871029394161,33.776951903151954],[-84.47379924167403,33.776662830916045],[-84.473755542441481,33.776308815055664],[-84.473733279833851,33.776131464610778],[-84.47366012377968,33.77476680524542],[-84.473629286288826,33.774194218977257],[-84.473611722116203,33.773883024883688],[-84.473599467949626,33.773676594685888],[-84.473517022938751,33.772243252049044],[-84.473499677388077,33.771762354124562],[-84.473493339370549,33.771599879907242],[-84.473440937061824,33.770977535234628],[-84.473427442407214,33.770884472488731],[-84.473412470133837,33.770838476850265],[-84.473366866589927,33.770738622417674],[-84.473342432354315,33.770692306753439],[-84.4732658647943,33.77056058194367],[-84.473212111885701,33.770482390906601],[-84.473119589530526,33.770375439698725],[-84.473014386184332,33.7702670168445],[-84.472676812890398,33.769914173813476],[-84.471948242440391,33.769147411207577],[-84.47174251672871,33.768931175720212],[-84.471205228399882,33.768366434625854],[-84.470953984871002,33.768088527177369],[-84.470681646076002,33.767787282341622],[-84.470602228016119,33.767699434440814],[-84.470528949617645,33.76756289845796],[-84.470373195363862,33.767272690566585],[-84.470256988233942,33.766964888658734],[-84.470164227547158,33.766715934731295],[-84.47014798435238,33.766631187923316],[-84.470110353173837,33.766434859385804],[-84.470066478588976,33.766205958705882],[-84.470053727478629,33.766139434677974],[-84.470032418783177,33.765546603679596],[-84.470020227211506,33.765207434284427],[-84.470026681089138,33.764607252322243],[-84.470035135943121,33.763820953722657],[-84.470037227192279,33.763626433525054],[-84.470027677928343,33.763523299056665],[-84.470020203729021,33.763442575442255],[-84.469997327870388,33.763195518752703],[-84.46998722768835,33.763086433826047],[-84.469751227398618,33.761631433182217],[-84.469716583564193,33.761424164493889],[-84.469579371804102,33.760603240761917],[-84.469517227165511,33.760231432990139],[-84.469378226704052,33.759557432942991],[-84.469347524393143,33.759447714964757],[-84.469328559063555,33.759379942807293],[-84.469280574574185,33.759035029760213],[-84.469239491512951,33.758813897498463],[-84.469216010747232,33.758686162089766],[-84.469184995455208,33.758520999524109],[-84.469146874949999,33.758206419928705],[-84.46910114423126,33.757832770971376],[-84.468954335755441,33.757017933155737],[-84.468901072244421,33.756982753965033],[-84.468093596779852,33.756449434363333],[-84.467309820566769,33.755775277564695],[-84.467207536024176,33.755692392450477],[-84.466138246476802,33.75482624867157],[-84.465882802300413,33.754619330145935],[-84.464923136334733,33.753973409998551],[-84.463964058502015,33.753493406671382],[-84.463058175794487,33.753171635383175],[-84.462837498241782,33.753101054327367],[-84.460044636824236,33.752256797675905],[-84.457946740160281,33.75162451636789],[-84.45648119656164,33.751183093226636],[-84.455976541235316,33.751045490754692],[-84.455304055738679,33.750895223668223],[-84.454695818650166,33.750772629867441],[-84.454421795511493,33.750733072250497],[-84.454046247798132,33.750702043806633],[-84.4538864665586,33.750697103098098],[-84.453216154530409,33.750703813715631],[-84.453036068429256,33.750716255131827],[-84.4525485527261,33.750784030762908],[-84.451993657991295,33.750871540528301],[-84.451529300938617,33.7509787636724],[-84.450734570454628,33.751168849394993],[-84.448989883640948,33.75149577078863],[-84.447873745341298,33.75159161683888],[-84.446399895940459,33.75146605756774],[-84.446104219487793,33.751380932107956],[-84.44543756067111,33.751210242312418],[-84.444879903526711,33.750955225876304],[-84.444754482641045,33.750897798089525],[-84.444680564562944,33.750863952377131],[-84.44427282726258,33.750677645944769],[-84.444133035784475,33.750585571316677],[-84.444143083932715,33.750776620956373],[-84.444143915020661,33.751034639118537],[-84.444147617474158,33.752184056553531],[-84.444155011976534,33.752436879001237],[-84.444175742839704,33.752489048978511],[-84.444293480937844,33.752781128371723],[-84.444386989738007,33.753211362135403],[-84.444421514772117,33.753460001125077],[-84.444378938202348,33.753775458392646],[-84.442247992968589,33.754379992129593],[-84.437899937475507,33.755093562806657],[-84.43791771769682,33.755202433578596],[-84.437897723727588,33.755435380043195],[-84.43787024796832,33.756636080393932],[-84.437852962272302,33.757415933102344],[-84.437849390347111,33.757587705898665],[-84.437829953566435,33.758468217455807],[-84.437822692741236,33.758774662921503],[-84.437789551732735,33.760266688286706],[-84.437780159264321,33.760679976088191],[-84.437742229583179,33.762219075062738],[-84.437707838683068,33.763576095209643],[-84.437567175176881,33.763577434595938],[-84.436485408345021,33.763570528735457],[-84.436304428191136,33.763569550099561],[-84.43562657714233,33.763565532525298],[-84.434772693439285,33.763564298418338],[-84.434483953190934,33.763563894659434],[-84.434042204835251,33.763563478231013],[-84.433777320349435,33.76356302114128],[-84.433551921257902,33.763562821643987],[-84.432970313847846,33.763557894287608],[-84.432927813123001,33.763646960144484],[-84.432863142614664,33.763749301041706],[-84.432789394509399,33.763842384373071],[-84.432753333193745,33.763885746846441],[-84.432712355250402,33.763935303439233],[-84.432667265237271,33.763985212409459],[-84.432606594232681,33.764051300824761],[-84.432497573235551,33.764176924869247],[-84.432415605068286,33.764272259069045],[-84.43234360144578,33.764397802368499],[-84.432326546876098,33.764469293227258],[-84.432299738457147,33.764578937757847],[-84.432295748283664,33.764618795774382],[-84.432288582071237,33.76469576181789],[-84.432272657346118,33.76486687380477],[-84.432271155952691,33.765180176878445],[-84.43227482374057,33.765302465498031],[-84.432292124011099,33.765843831677799],[-84.432300524468047,33.76601711566132],[-84.432334164529991,33.766057789823002],[-84.432364691383128,33.766104500926637],[-84.432377983981979,33.76614672643742],[-84.43245237588792,33.766527884875686],[-84.432513283671284,33.766804639339149],[-84.432528231289226,33.766849953028697],[-84.432553144021085,33.766925475839656],[-84.432574734383721,33.766990699919404],[-84.432721533781091,33.767375824476517],[-84.432766321038542,33.767493558510445],[-84.432934235077767,33.767908399881989],[-84.432955512132366,33.768018751334431],[-84.433131933779052,33.768385958710056],[-84.433448238732012,33.76879956187512],[-84.433924051978124,33.769413367870278],[-84.433955462376744,33.769477280149637],[-84.433970871629526,33.769538394988302],[-84.4339778385024,33.769794996259797],[-84.433975633968529,33.769879852760333],[-84.433942218855861,33.771041056596857],[-84.433935653068829,33.771311085653089],[-84.433748142301027,33.771331759794251],[-84.432636485103274,33.771534094422051],[-84.432398859498534,33.771577203899447],[-84.431931047750965,33.771675429014273],[-84.431550388406208,33.771756633311078],[-84.431324294098701,33.771804525380091],[-84.431194362663774,33.771822323924276],[-84.430727266541339,33.771886533557357],[-84.430481370965865,33.771916602930645],[-84.430359639801054,33.771925794838275],[-84.430153990774983,33.771934135224718],[-84.429986997741096,33.771939301036909],[-84.429894845620112,33.771936062323334],[-84.429683365239327,33.771920710849109],[-84.429534435773448,33.771914157559927],[-84.429127967919271,33.771896128520353],[-84.428115089163796,33.771851558384824],[-84.427731659296413,33.771834506526652],[-84.426838506407847,33.771797230240054],[-84.426787909821286,33.771796993360638],[-84.426648057394701,33.771799005686198],[-84.426564188461668,33.7718142976141],[-84.426421173778138,33.771858913965509],[-84.426366931007436,33.77187723516559],[-84.426311871694665,33.771897962764207],[-84.426557270972197,33.774695573156663],[-84.426644233448243,33.77516840244644],[-84.426675889056241,33.775353161588974],[-84.426713566690466,33.775573068808981],[-84.426811261423552,33.775984572050469],[-84.42703973684371,33.776718900484326],[-84.427237320976872,33.777253192095372],[-84.427289071322718,33.777328870163124],[-84.42771363740674,33.777876357618617],[-84.428447234690253,33.778748402896376],[-84.428827818626431,33.779183881966084],[-84.429266146992575,33.779685426202683],[-84.429598234224187,33.780065403033277],[-84.429852331746176,33.780345386388539],[-84.430332576125707,33.780815712346929],[-84.430723862120118,33.781234668622915],[-84.43100206216775,33.781550208626371],[-84.431230365436008,33.78186610652746],[-84.431546059984669,33.782316483243847],[-84.431675207186203,33.782780777410103],[-84.431896703055372,33.783276835523694],[-84.432104022540756,33.783877882914709],[-84.432248396187546,33.784446770102207],[-84.432315445091319,33.785143068827622],[-84.432555836678318,33.785144622157588],[-84.436772880925176,33.785164091528486],[-84.436646155473397,33.779743852119999],[-84.439891566064915,33.779738977791759],[-84.439912691809894,33.77842958273984],[-84.441052780482195,33.778438758315147],[-84.441608371078232,33.778154088025353],[-84.442104573831699,33.778178746176216],[-84.442570832855381,33.778358744248955],[-84.442911869639218,33.778487835150841],[-84.442955408410953,33.778978985470637],[-84.4430376338874,33.779219271399164],[-84.443096677876085,33.779414607844004],[-84.443317377328754,33.779731877238333],[-84.443713329420092,33.780048753792798],[-84.443962788865704,33.780353247763117],[-84.444270433256563,33.78058478137865],[-84.444418227761489,33.780999775709887],[-84.444361073232926,33.78139118421258],[-84.444464439125454,33.78180627840122],[-84.444714376103093,33.782001183189301],[-84.444890064309575,33.782135107727051],[-84.445024082241346,33.782867896059194],[-84.444951881113596,33.783185823578343],[-84.445011011130546,33.783405548381225],[-84.445142976237165,33.783502813600791],[-84.445274783710886,33.78355164063148],[-84.445407928312406,33.783759174601926],[-84.44552520084325,33.783892885695643],[-84.445627268910926,33.783905022014935],[-84.445891192369558,33.783843277040923],[-84.446241232031255,33.783695797865313],[-84.446489242971595,33.78354889263305],[-84.446796614400867,33.783438265263058],[-84.44716221724876,33.783522974211735],[-84.447382304498902,33.783644426294742],[-84.44852305479688,33.783495139337177],[-84.448757512874124,33.783482236560516],[-84.450014213746869,33.783064374175524],[-84.450350697337129,33.783051234061062],[-84.450834366011975,33.783257612301021],[-84.451010672507977,33.783574970754493],[-84.450909129563016,33.783721891281211],[-84.45074802100325,33.783771043304178],[-84.450514385270637,33.783783947972125],[-84.450456609785434,33.783979549357419],[-84.450503684205827,33.785029952293414],[-84.450387472635228,33.785470280097947],[-84.450388520572801,33.785788042169479]]]},"properties":{"OBJECTID":265,"LOCALID":null,"NAME":"J","GEOTYPE":"NPU","FULLFIPS":null,"LEGALAREA":null,"EFFECTDATE":null,"ENDDATE":null,"SRCREF":null,"ACRES":2840.2200000000003,"SQMILES":4.4400000000000004,"OLDNAME":null,"NPU":null,"CREATED_USER":null,"CREATED_DATE":null,"LAST_EDITED_USER":null,"LAST_EDITED_DATE":null,"GLOBALID":"{FFFA74EA-2A0D-47B3-8C66-80DB679EFC12}","SHAPE.AREA":123719558.495092,"SHAPE.LEN":57119.4466666507}},{"type":"Feature","id":266,"geometry":{"type":"Polygon","coordinates":[[[-84.432738149245822,33.78767967033906],[-84.433787823019671,33.788043262712442],[-84.434812729276459,33.788452587386274],[-84.436588497662541,33.789252572358173],[-84.455562935649112,33.804192588342154],[-84.457342860117777,33.805581411994439],[-84.458350886093285,33.806257842809323],[-84.459357253288871,33.806683838083423],[-84.460171377115685,33.806967375463927],[-84.461601838013308,33.80707093483214],[-84.462841229652781,33.80699672090072],[-84.47023308613727,33.806469013005866],[-84.471116828330764,33.806476829791237],[-84.473844323072655,33.806162383484065],[-84.475836328573692,33.806050055356344],[-84.479170638783486,33.805869889282],[-84.481325550194029,33.805671338566114],[-84.482349815599918,33.805704344728774],[-84.483928816997093,33.806122545801657],[-84.485080210165393,33.806820947805413],[-84.486187685167863,33.80800098671898],[-84.48656528989585,33.80883924505109],[-84.488201867861648,33.811550116857646],[-84.489158525931657,33.813141149234959],[-84.489676527835655,33.813027948529147],[-84.490392277529978,33.812719303195664],[-84.491326068002707,33.81218361958566],[-84.491510114891668,33.812088053094584],[-84.492413137549079,33.811351188187238],[-84.493465315835607,33.810419014117727],[-84.493602996362441,33.810299962294472],[-84.494375947258973,33.809548436873449],[-84.494491903041634,33.809435693763284],[-84.494747103304803,33.809202853679281],[-84.495331825653011,33.808669357825707],[-84.495146232911054,33.808536011248286],[-84.495334232546668,33.808409011624114],[-84.497435232922157,33.806210010282079],[-84.497555264017194,33.806092780274632],[-84.497596184635569,33.80605281421991],[-84.497632953863686,33.806076656033042],[-84.497899167942762,33.805755317684834],[-84.498296421717441,33.805384005446143],[-84.498360954906701,33.805310625632622],[-84.498417368752897,33.805250314414707],[-84.498477225476549,33.805192440972966],[-84.4985170112178,33.805153327913068],[-84.498559215734488,33.805111835204549],[-84.498616596620366,33.805052250723044],[-84.498673975853521,33.804991979165962],[-84.498733550672853,33.804921612270633],[-84.498804199089321,33.804827422036858],[-84.498854118176908,33.804753772945816],[-84.498900595452028,33.804697006477639],[-84.498985510025065,33.804627951628319],[-84.499057815495476,33.804572785364613],[-84.4991115337765,33.804492685484249],[-84.499189785993821,33.804438667139536],[-84.499269967017128,33.804387139296495],[-84.499358320234194,33.804363384356137],[-84.499455701938203,33.804306785137761],[-84.499520642299487,33.804298863903455],[-84.499607691101119,33.804249848225901],[-84.499665378321041,33.804184918378915],[-84.499704973772367,33.804161905210584],[-84.499734532846105,33.804127901933597],[-84.499792308989953,33.804061438089178],[-84.499834402916477,33.803924259116997],[-84.499935555425409,33.803896652533894],[-84.499999484966025,33.803823110287027],[-84.500042906750437,33.803776411288403],[-84.500102674490861,33.803705051394239],[-84.500200201343191,33.803599324188802],[-84.500250735439522,33.803534077992154],[-84.50035455616657,33.803414643973916],[-84.500392508106174,33.803370984663594],[-84.500435500760574,33.803295375451931],[-84.500499574342072,33.803238848388879],[-84.50053358675224,33.803193404520755],[-84.500569558012501,33.803131471474316],[-84.500603931066451,33.803059052108068],[-84.500621802123248,33.803021401543205],[-84.500656000273054,33.802907595342738],[-84.500706265454767,33.802819195448102],[-84.500747297725724,33.802700894949659],[-84.500762464624117,33.802629438207177],[-84.500809529579229,33.802407697289844],[-84.500912555550045,33.80227718011983],[-84.500943789199667,33.802203875627008],[-84.500969854398548,33.802155457001831],[-84.501057697819832,33.801998280442902],[-84.501078272118363,33.801888242945502],[-84.501155303235663,33.801830258514705],[-84.50119968734117,33.801788978080189],[-84.501242217698589,33.801727339911132],[-84.501313652744642,33.801678739548777],[-84.501352572314119,33.801567405260805],[-84.501419828346002,33.801469930794887],[-84.501475387666048,33.801366378490819],[-84.501500390976901,33.801322203066469],[-84.50154097794281,33.801267777814822],[-84.501612567998521,33.801171778288314],[-84.501653605087526,33.801060498559316],[-84.50171740556388,33.800960015503343],[-84.501782032869187,33.800860559845709],[-84.501810366689227,33.800818334583184],[-84.501848309713992,33.800761787626485],[-84.501899869778015,33.80068813281266],[-84.501969442480615,33.800590725677282],[-84.502040664967211,33.800494344596885],[-84.502113535891084,33.800398645143979],[-84.502188056595912,33.800303972642055],[-84.50226504869255,33.800209980424746],[-84.502335456965056,33.800116006072514],[-84.502379832986591,33.80005310919173],[-84.502423849127467,33.799990720900141],[-84.502469693167853,33.799928761308223],[-84.502528646718361,33.799851994359393],[-84.502600712397793,33.799761107080919],[-84.502679615340398,33.799674621903023],[-84.502765205228513,33.799592490533463],[-84.502853314859863,33.799507941238687],[-84.502910400224266,33.799431389278524],[-84.502980858892244,33.799363895729229],[-84.503064875682682,33.79928341394033],[-84.503139163882409,33.79918972788731],[-84.503212145427469,33.799122884623038],[-84.503245383265423,33.799093890811989],[-84.503287599730427,33.799057064246917],[-84.503349118983465,33.799005367354617],[-84.503426225700196,33.798941260919221],[-84.503504986000436,33.798878867554549],[-84.503568983250503,33.79882956847387],[-84.50360619666634,33.798801770109549],[-84.503650217828024,33.798768885893182],[-84.503716690476082,33.798721297608026],[-84.503783165743982,33.798674396333354],[-84.503850466572487,33.798628178918371],[-84.503918594316218,33.798582990688168],[-84.503965254981878,33.798552922194496],[-84.504004786278145,33.798527447223456],[-84.504092630482745,33.798473273286675],[-84.504181300482131,33.798420127608473],[-84.504274092275665,33.79839906374545],[-84.504338617929079,33.798334915427247],[-84.504428011419961,33.798286494015372],[-84.504495392448732,33.798237214942901],[-84.504574974920288,33.798180756876697],[-84.50467798424468,33.798114402135688],[-84.504763352307236,33.798058860397333],[-84.504848717557309,33.798002631553899],[-84.504933258408201,33.797946061384756],[-84.505016974860496,33.797889149891688],[-84.505100689577816,33.797831551292788],[-84.505183578816158,33.797773611375071],[-84.505266465233817,33.797714983453922],[-84.505348527255663,33.797656015114875],[-84.505429764878841,33.797596705457927],[-84.505510999682656,33.79753670870133],[-84.505591410087575,33.797476370628978],[-84.505671820105249,33.797415688978262],[-84.505751403289963,33.797354322493696],[-84.505830162076421,33.797292614697113],[-84.505908918035871,33.797230218902421],[-84.505986850956035,33.797167826222541],[-84.50606478105145,33.797104746447239],[-84.506141885393006,33.797040981840894],[-84.506218167773511,33.79697721944828],[-84.506294446247495,33.796912769965303],[-84.506369900321175,33.796847978276304],[-84.506493667927174,33.796722593645093],[-84.506604366301545,33.796612175244697],[-84.506748017400639,33.79647639189286],[-84.50687709125819,33.796354386941218],[-84.506972265299098,33.796264426070366],[-84.507008634354065,33.796238046391224],[-84.507064830248211,33.79616908048461],[-84.50712074984871,33.796100454333065],[-84.507246990840372,33.795976779747548],[-84.507374055461568,33.795853101855492],[-84.507501120002772,33.795729768260088],[-84.507639105242347,33.795634096588557],[-84.507779490901541,33.795501395661056],[-84.506913456748762,33.795081837686595],[-84.50616326096852,33.794742437571358],[-84.505622746209085,33.794569411102898],[-84.504909467679013,33.794408193304101],[-84.504615629495333,33.794393196274711],[-84.502831198633402,33.794302227127453],[-84.502095569094365,33.794211755583774],[-84.500062277719479,33.796251712343384],[-84.498795546794483,33.795044433261523],[-84.498771482324429,33.794634710805553],[-84.499040114132399,33.794526633846317],[-84.499106054853726,33.794496113097281],[-84.499240781235983,33.794423758086516],[-84.499362366071338,33.794354580602281],[-84.499448325096822,33.794305028746102],[-84.49970698301928,33.794110525619828],[-84.499928164667878,33.793954642400742],[-84.500123815765235,33.793815686764852],[-84.500203883713581,33.793749103783796],[-84.500302604973982,33.793659656863362],[-84.499823234743147,33.793395228118122],[-84.499561116256018,33.793282915193011],[-84.499043053978937,33.792951776697478],[-84.498686583371295,33.792698181931193],[-84.498287024483716,33.792367065685454],[-84.497683264071398,33.791788811173504],[-84.497169313102688,33.791238483229897],[-84.497037079539041,33.791089402988618],[-84.496889871478984,33.790898107916306],[-84.496847807555,33.790843540134546],[-84.496678988045886,33.790624537326835],[-84.496147935335941,33.789902486125229],[-84.495894822777331,33.789558946399943],[-84.494601145175864,33.788013766941617],[-84.49440793530519,33.787839767405309],[-84.493904271507844,33.787386272810096],[-84.493745103683253,33.787291881221066],[-84.493054872253524,33.786884089697914],[-84.492654969965272,33.786647812551308],[-84.492283931292505,33.786446797093667],[-84.492043993803549,33.786316889524663],[-84.491296015148976,33.786093161957432],[-84.490661719115295,33.785903483256071],[-84.490178030383532,33.785720965020978],[-84.489880459434474,33.785580210513274],[-84.489524257771464,33.785382927528332],[-84.48929495700358,33.785235123294228],[-84.489006124586282,33.785009835980844],[-84.488674372690809,33.784748934000177],[-84.488486067575181,33.784561171124842],[-84.488419172068177,33.784495044708905],[-84.488053852103093,33.78405765434966],[-84.487372986584404,33.78328854749163],[-84.486955761834338,33.782829989919257],[-84.48685501292357,33.782731315341316],[-84.486624611033989,33.78250552806184],[-84.486377913956716,33.782322379122895],[-84.486132093012401,33.782153312961483],[-84.485919498177466,33.782069011753293],[-84.485841241782893,33.782044480175848],[-84.485563633497122,33.781956566782547],[-84.48490566965026,33.781807456591181],[-84.483377479095154,33.781512174405492],[-84.48308761650145,33.781446617094744],[-84.482754056358274,33.781356780547767],[-84.482471466113893,33.781254789183571],[-84.482173909269633,33.781110237054101],[-84.481680803526984,33.780815375618339],[-84.480424984407676,33.780069338384543],[-84.479715631500838,33.779584016069215],[-84.479388143546743,33.779350903703076],[-84.479247085920036,33.779250606414962],[-84.479036781167011,33.779113384119817],[-84.4780880013287,33.77839540155054],[-84.477744836669814,33.778147552594028],[-84.477454842293199,33.777967641476522],[-84.477398502073981,33.777932688463963],[-84.477189104158512,33.777816759443041],[-84.47692784432536,33.777693059309556],[-84.476588348989338,33.777548256364405],[-84.476025543647921,33.777307480105996],[-84.475725602209437,33.777179408498903],[-84.474305837095159,33.776572504171547],[-84.473880595189769,33.776374660538742],[-84.473755542441481,33.776308815055664],[-84.47379924167403,33.776662830916045],[-84.473871029394161,33.776951903151954],[-84.473884367336026,33.777000650980959],[-84.473942525684677,33.777159217203355],[-84.474038605188042,33.777338643278625],[-84.474234724434467,33.777654201644566],[-84.474212947475905,33.777803467140352],[-84.474197999021783,33.778059489809003],[-84.474284320358095,33.778350977096387],[-84.474347025714906,33.778459011453265],[-84.474514891501698,33.778673358407978],[-84.474797684924724,33.778983629574817],[-84.475016850976871,33.779394268337569],[-84.475137320748203,33.779781339977916],[-84.475162622478052,33.779971348818428],[-84.471524248201519,33.779949456069808],[-84.468689396055709,33.780006986733575],[-84.468451593392928,33.780001041475082],[-84.465899116075747,33.779936146834316],[-84.465021104863297,33.779904606959704],[-84.464009947233833,33.779913918071891],[-84.463863482979264,33.779911179138089],[-84.463183004000612,33.779898387889411],[-84.462512399576369,33.77988591274336],[-84.462334666729348,33.779882216368328],[-84.462249127317506,33.779890665967109],[-84.46215947405426,33.779899125357396],[-84.462013844325,33.779899473985076],[-84.458677410410701,33.779875809494726],[-84.457790371392434,33.779850079507902],[-84.456534816775758,33.779849943362287],[-84.456536780540219,33.779944409070978],[-84.45654262938487,33.781924840072634],[-84.457162224221619,33.782177594897902],[-84.458147623740444,33.78257136024591],[-84.458003856108917,33.782637313656295],[-84.457372925861179,33.782927708907515],[-84.457303103068497,33.782961882676908],[-84.457097130795034,33.783125200922548],[-84.457015905639892,33.783194097718876],[-84.457025949641761,33.783244572738354],[-84.457031861108021,33.783289561028909],[-84.456977014471065,33.783860978427036],[-84.456928453952841,33.784100532727862],[-84.456571851098829,33.7857135523141],[-84.456482294155748,33.785996829853524],[-84.455807549615344,33.78599085517709],[-84.455137744325796,33.785985208791736],[-84.455021691381219,33.785975174204928],[-84.453830546529744,33.785577397302234],[-84.452631265927565,33.787184805944747],[-84.451739931566266,33.786878035774059],[-84.450743513697418,33.786642268799859],[-84.450653776456988,33.786129242505659],[-84.450388520572801,33.785788042169479],[-84.450387472635228,33.785470280097947],[-84.450503684205827,33.785029952293414],[-84.450456609785434,33.783979549357419],[-84.450514385270637,33.783783947972125],[-84.45074802100325,33.783771043304178],[-84.450909129563016,33.783721891281211],[-84.451010672507977,33.783574970754493],[-84.450834366011975,33.783257612301021],[-84.450350697337129,33.783051234061062],[-84.450014213746869,33.783064374175524],[-84.448757512874124,33.783482236560516],[-84.44852305479688,33.783495139337177],[-84.447382304498902,33.783644426294742],[-84.44716221724876,33.783522974211735],[-84.446796614400867,33.783438265263058],[-84.446489242971595,33.78354889263305],[-84.446241232031255,33.783695797865313],[-84.445891192369558,33.783843277040923],[-84.445627268910926,33.783905022014935],[-84.44552520084325,33.783892885695643],[-84.445407928312406,33.783759174601926],[-84.445274783710886,33.78355164063148],[-84.445142976237165,33.783502813600791],[-84.445011011130546,33.783405548381225],[-84.444951881113596,33.783185823578343],[-84.445024082241346,33.782867896059194],[-84.444890064309575,33.782135107727051],[-84.444714376103093,33.782001183189301],[-84.444464439125454,33.78180627840122],[-84.444361073232926,33.78139118421258],[-84.444418227761489,33.780999775709887],[-84.444270433256563,33.78058478137865],[-84.443962788865704,33.780353247763117],[-84.443713329420092,33.780048753792798],[-84.443317377328754,33.779731877238333],[-84.443096677876085,33.779414607844004],[-84.4430376338874,33.779219271399164],[-84.442955408410953,33.778978985470637],[-84.442911869639218,33.778487835150841],[-84.442570832855381,33.778358744248955],[-84.442104573831699,33.778178746176216],[-84.441608371078232,33.778154088025353],[-84.441052780482195,33.778438758315147],[-84.439912691809894,33.77842958273984],[-84.439891566064915,33.779738977791759],[-84.436646155473397,33.779743852119999],[-84.436772880925176,33.785164091528486],[-84.432555836678318,33.785144622157588],[-84.432315445091319,33.785143068827622],[-84.432738149245822,33.78767967033906]]]},"properties":{"OBJECTID":266,"LOCALID":null,"NAME":"G","GEOTYPE":"NPU","FULLFIPS":null,"LEGALAREA":null,"EFFECTDATE":null,"ENDDATE":null,"SRCREF":null,"ACRES":3597.8299999999999,"SQMILES":5.6200000000000001,"OLDNAME":null,"NPU":null,"CREATED_USER":null,"CREATED_DATE":null,"LAST_EDITED_USER":null,"LAST_EDITED_DATE":null,"GLOBALID":"{4FB09935-245C-4883-BBA6-4B52081610CE}","SHAPE.AREA":156721002.14201999,"SHAPE.LEN":68740.927181375795}},{"type":"Feature","id":267,"geometry":{"type":"Polygon","coordinates":[[[-84.33869171405469,33.779280915152611],[-84.339269975290193,33.779284368920386],[-84.340369975050962,33.779293413585698],[-84.344194910980917,33.779324787561364],[-84.345107044534856,33.779332252304172],[-84.345193705802089,33.779332960992441],[-84.345126428243859,33.779277065694984],[-84.345443360403991,33.778960215361693],[-84.345627286081722,33.778780282820911],[-84.345775904830376,33.778634753305134],[-84.346270293933642,33.77819637720021],[-84.346800781712005,33.77771088285067],[-84.347295810350289,33.777189711017492],[-84.347370486000429,33.777096505165268],[-84.348000705624642,33.776311987812853],[-84.348745804801567,33.775389542310961],[-84.348821297520274,33.775295647294456],[-84.348920509535589,33.775135759496713],[-84.348977002708452,33.775005820914608],[-84.348983009265069,33.774733736483519],[-84.348982417651726,33.774454446760885],[-84.348981330392405,33.773941161674976],[-84.348971226189505,33.773845594168073],[-84.349162157389543,33.773850217877019],[-84.349842537233371,33.773848374983046],[-84.350753194762035,33.77384590285191],[-84.351642624461604,33.773842874253475],[-84.352418433416304,33.773840226704671],[-84.352513195387317,33.773839902809826],[-84.35261920765511,33.773839580826333],[-84.352889882324277,33.773838758838131],[-84.353500194829365,33.773836902304112],[-84.354119824081224,33.773835137701255],[-84.354355117843653,33.773834466317453],[-84.354774698229875,33.773833269386571],[-84.355602196284721,33.773830902625136],[-84.356161791086322,33.773829287286169],[-84.356239126090173,33.773829063927636],[-84.357331196293529,33.773825902902431],[-84.35747895181899,33.773825375196765],[-84.358078705218759,33.773823232833855],[-84.358237488519691,33.773822665476217],[-84.35873019653711,33.773820902458759],[-84.360252337760329,33.773822707920843],[-84.360989197795035,33.773813902081386],[-84.362367197815104,33.773809902423466],[-84.362964834228762,33.773818423356197],[-84.363147864306768,33.773767902829952],[-84.363223176357707,33.773745658152251],[-84.363747121695013,33.773590902340842],[-84.363870698053788,33.773554401696138],[-84.364102741926402,33.773500438260676],[-84.36458076023338,33.773349003733877],[-84.364489563413088,33.772877911921142],[-84.364219837332229,33.771856341105405],[-84.363878467154223,33.770980884205223],[-84.363228128567968,33.769899800729299],[-84.362619702124761,33.769153588789479],[-84.361877642434109,33.768424762570824],[-84.360568604816038,33.767069879616557],[-84.360228257444049,33.766623823788471],[-84.359949456427586,33.766108963688325],[-84.359794363532473,33.765731323280889],[-84.359690532602372,33.765284895557443],[-84.359627872713659,33.764855579866932],[-84.359657701049329,33.764400354770004],[-84.359738904355723,33.763927872769536],[-84.359861372468799,33.763515443903323],[-84.359984205769976,33.763266191216687],[-84.360212751704324,33.76280264779917],[-84.360381000578329,33.762630275171091],[-84.361455669899144,33.761494693002227],[-84.362489801318901,33.760858609302659],[-84.363185801643652,33.760366886742666],[-84.363606553268909,33.760005508298072],[-84.363986014970891,33.759575488318283],[-84.36430373929791,33.759128389485483],[-84.364570011309709,33.758664195782472],[-84.364784908551215,33.758217260467731],[-84.364823841072351,33.758059050395069],[-84.364896963630528,33.757761901677569],[-84.365354603185253,33.755571153641164],[-84.365435767140326,33.755098667358631],[-84.365568042023042,33.754497274618195],[-84.365630279131011,33.754320567057697],[-84.365731476231744,33.754033243752353],[-84.365977260174873,33.753612021062871],[-84.366336258417078,33.753242144422479],[-84.366695333352325,33.752906619681099],[-84.36711623375956,33.75263111141016],[-84.368431028296996,33.7521050841342],[-84.37063893763866,33.751426938032296],[-84.370984116152783,33.751320914083031],[-84.370864166234995,33.751093922308677],[-84.370722041634323,33.75081761402231],[-84.370645112820142,33.750633265046943],[-84.37017609354227,33.749854222024666],[-84.369631069814147,33.749277986278862],[-84.369514811357504,33.749155535878451],[-84.369253464867299,33.748892476708868],[-84.36878700078509,33.748491996092774],[-84.368625470814607,33.748353473883242],[-84.368103173133107,33.747990870377713],[-84.368129195711759,33.746747945821021],[-84.367420874273236,33.746730532691586],[-84.366763712597376,33.746723698289721],[-84.366684753366158,33.746722795640643],[-84.366282561321228,33.74671863712701],[-84.366123821499841,33.746716832489845],[-84.365714225811104,33.746711997022807],[-84.365224850874952,33.746707288526885],[-84.365039790924101,33.7467048377598],[-84.364686125480532,33.74670128312831],[-84.364010045822468,33.746694120877756],[-84.36376412528503,33.746691765463076],[-84.363097093843621,33.746684583767838],[-84.362304222588364,33.746676223811775],[-84.362345338603546,33.74413814412037],[-84.362324993501815,33.743383273829572],[-84.35884827590111,33.743490388100675],[-84.358316690560784,33.743607866289345],[-84.356747185797602,33.743841833607988],[-84.355677737222265,33.744086695647773],[-84.354940393645023,33.744260962043242],[-84.354407760675784,33.744401591283257],[-84.352801707034999,33.74486057709796],[-84.351877746713598,33.745077360764171],[-84.351828424625111,33.745088771277985],[-84.351206908336223,33.745206503374035],[-84.34974268892573,33.745469080004185],[-84.349225512743303,33.745515246039247],[-84.349220715773981,33.746070311451227],[-84.349220223769819,33.746226275408247],[-84.349218357622789,33.746510035947985],[-84.349217863432045,33.746664969303175],[-84.349216142119189,33.747017092336542],[-84.349215523461041,33.747113282012897],[-84.349212497850701,33.747626179581118],[-84.349211198654615,33.747789358848557],[-84.349210609833904,33.747899634151473],[-84.349211810795296,33.74807826862066],[-84.349212133245288,33.748230452479177],[-84.349216968557656,33.749347955013725],[-84.34922037371345,33.750178610081569],[-84.349224759448461,33.751083809829481],[-84.349229890126409,33.752340441464895],[-84.349228409647239,33.752418081659236],[-84.349218317787205,33.753089700539924],[-84.349211298166964,33.753555181822932],[-84.349187952252237,33.755062991444063],[-84.349186255562216,33.755426793108263],[-84.349182194677951,33.756227571219441],[-84.349175913669981,33.757533343573463],[-84.349172431371485,33.758219037782126],[-84.349171787891819,33.758303547277912],[-84.34920667429968,33.758463237452204],[-84.34917925669626,33.759153088415459],[-84.349170825825666,33.759875903686492],[-84.349158085405136,33.759945149794362],[-84.348842266527214,33.760042095186733],[-84.347349120804452,33.760500424447606],[-84.345493386008556,33.760890791588672],[-84.342855757551007,33.761382329450456],[-84.341139268321314,33.761702174458954],[-84.340012829742477,33.761830846156087],[-84.339392962114758,33.761947025951805],[-84.338880709334376,33.762005354739983],[-84.338729360939368,33.76202868333506],[-84.338086940025505,33.762085915268479],[-84.337083167421241,33.762243076880104],[-84.335883701100542,33.762330609684454],[-84.334398232313163,33.762227669201465],[-84.33279564224209,33.761819507706726],[-84.331103459449693,33.761153795864679],[-84.329994334050014,33.760678141288906],[-84.329113969428647,33.76033577232338],[-84.328622377034947,33.760164652035186],[-84.328153816536684,33.760088925452166],[-84.32773048179719,33.759980274548717],[-84.327306808205094,33.759958497133667],[-84.32688234547193,33.759954582886181],[-84.326457916555199,33.759968874263997],[-84.32603516616274,33.760000682082897],[-84.325615737051066,33.760050005146624],[-84.325202921653641,33.76011752451862],[-84.324796717203256,33.760201867047343],[-84.324398770365207,33.760303374224293],[-84.324010723321777,33.760421700504892],[-84.323634220269312,33.760555814200529],[-84.323270906234782,33.760705711525731],[-84.322922426108292,33.760870704354026],[-84.322588776391271,33.7610501066547],[-84.316819233851874,33.764444821611896],[-84.316424635498294,33.764637942289838],[-84.316581575206555,33.764833056544923],[-84.316202658837994,33.765069216887426],[-84.317013125440184,33.76507387760801],[-84.317041231902863,33.766136286651644],[-84.319065711849902,33.766133790977847],[-84.319567869589775,33.767119083256333],[-84.319794185494473,33.767563134415909],[-84.321020213997116,33.767581370628726],[-84.321027365996557,33.767785878547052],[-84.322969167199005,33.767790564165985],[-84.322974983055587,33.769107625746109],[-84.322977331715947,33.769639447238006],[-84.324853242718376,33.769645263152761],[-84.325046904916661,33.769648896410928],[-84.326786066023075,33.769681509444581],[-84.326790690301706,33.769193491294999],[-84.326802927490732,33.767887995547767],[-84.328314261078205,33.767889318283018],[-84.328444909194602,33.767859636864387],[-84.328436686940776,33.768884052139498],[-84.328417805036395,33.771536634546642],[-84.328610767961976,33.770575152727901],[-84.329030042671207,33.77055795734244],[-84.32905003972111,33.771002040630435],[-84.329031166525382,33.771058200622619],[-84.328850571369372,33.771595577559999],[-84.328834097969107,33.771652299700328],[-84.330213654320389,33.771649046580706],[-84.330691546643976,33.771647915571187],[-84.331387982832368,33.771689655188759],[-84.330457472964284,33.772696443836082],[-84.330011415018504,33.772293469297971],[-84.330017907314414,33.773516759264851],[-84.330032496366641,33.774900957223807],[-84.330078268767309,33.779243464356604],[-84.331843986018455,33.779253853939231],[-84.3322028975862,33.778248629950497],[-84.333160105557582,33.778839294338091],[-84.332930685531451,33.779278574997399],[-84.33517293462468,33.779277859908895],[-84.335706411321127,33.779277683924306],[-84.336510668927431,33.779277413666101],[-84.336846627776424,33.779277778542351],[-84.337165706834995,33.779278123448883],[-84.337824791654128,33.779278834060008],[-84.338288262913252,33.779279330964606],[-84.337454021765211,33.778729053906368],[-84.33769766072102,33.778505786500446],[-84.33869171405469,33.779280915152611]]]},"properties":{"OBJECTID":267,"LOCALID":null,"NAME":"N","GEOTYPE":"NPU","FULLFIPS":null,"LEGALAREA":null,"EFFECTDATE":null,"ENDDATE":null,"SRCREF":null,"ACRES":2204.4299999999998,"SQMILES":3.4399999999999999,"OLDNAME":null,"NPU":null,"CREATED_USER":null,"CREATED_DATE":null,"LAST_EDITED_USER":null,"LAST_EDITED_DATE":null,"GLOBALID":"{BC5D698E-A85B-4A7F-AE10-B248AE33153A}","SHAPE.AREA":96024389.648368299,"SHAPE.LEN":60294.351129761701}},{"type":"Feature","id":251,"geometry":{"type":"Polygon","coordinates":[[[-84.369883866186925,33.77385890162472],[-84.370104504618666,33.773865260841823],[-84.370224755018626,33.773836362058084],[-84.37037232063544,33.773828172313763],[-84.370909499297682,33.773676706704926],[-84.371162742557416,33.773611703774144],[-84.371665921270051,33.77347551831479],[-84.372410819854963,33.773274000970503],[-84.372806261004087,33.77315516600342],[-84.373377634917034,33.77298381961716],[-84.37346560094052,33.772957220467148],[-84.374190650625678,33.772716218825785],[-84.374764440435499,33.772525624294765],[-84.3750735303813,33.772423074428147],[-84.375245382461316,33.772384652319104],[-84.375358031627741,33.772359384221261],[-84.375685365627973,33.772316918763423],[-84.375865952413122,33.772318330439752],[-84.376070458752679,33.77234443630762],[-84.376572541431159,33.772439771703276],[-84.3767997134007,33.772483013391039],[-84.377328077068853,33.772559063297678],[-84.377723002925123,33.772569725042736],[-84.377770786151842,33.771254952524174],[-84.379168592926419,33.771274883145068],[-84.380384550217642,33.771280341188252],[-84.380492324270548,33.771280841574736],[-84.381893388325039,33.771286994502198],[-84.38306245163615,33.771292164399192],[-84.383255786292565,33.771292855855748],[-84.383453229207532,33.771291478615368],[-84.383777394249847,33.77130052762292],[-84.384803248606417,33.771282229323766],[-84.384995772748042,33.771287728902315],[-84.385761758254446,33.77130973151084],[-84.385850651599128,33.771326406627047],[-84.38677037788986,33.771307936878145],[-84.387299367280804,33.771306992354305],[-84.387417780152404,33.771285138247777],[-84.387681738175104,33.771235884635445],[-84.388850032031513,33.771262299925304],[-84.389451456120781,33.771275644001307],[-84.390067205039699,33.771286438197151],[-84.390458611427292,33.771293878229478],[-84.39055120460911,33.771295638031759],[-84.390692966652878,33.771295525957811],[-84.390850106116631,33.771295402019568],[-84.390942304776331,33.771295328283841],[-84.391042926848911,33.771295249083948],[-84.392060205271875,33.7712944377895],[-84.392736505654497,33.771291240655479],[-84.39290620503975,33.771290438296077],[-84.39317660521742,33.771307170203222],[-84.393407205266442,33.771321438294855],[-84.393746878262405,33.771323478177571],[-84.394527621235,33.771328164136278],[-84.394664050148236,33.77132898334397],[-84.394899483682863,33.771330475926163],[-84.39509455600448,33.771331719975947],[-84.39552120640279,33.771334437910731],[-84.395668139999856,33.771338786334702],[-84.396000544068968,33.771348621974759],[-84.396166846007986,33.77135354333064],[-84.39622528885323,33.771355272208751],[-84.396368762740138,33.771354144187093],[-84.396721870144802,33.771373609571576],[-84.396835399478704,33.771372710839771],[-84.398055476153814,33.771380048271183],[-84.398490957238991,33.771337438567599],[-84.398569939395387,33.77131873508349],[-84.399013529816671,33.771236771914211],[-84.399073706891144,33.771199438404061],[-84.39919568212629,33.771154203582753],[-84.399487643118704,33.77102185864787],[-84.400108144168541,33.770762825719721],[-84.400253834171792,33.770681971202961],[-84.401178301615474,33.770293746433723],[-84.401649278117489,33.770164026148194],[-84.401655825487964,33.769958931939378],[-84.401678132709392,33.768185585938014],[-84.401697190684629,33.766728980956024],[-84.401695475250364,33.766401942985844],[-84.401692752459681,33.766007232448892],[-84.401691655992281,33.765906922934199],[-84.401685491739656,33.765456909714949],[-84.401677375690497,33.764894565916521],[-84.402249987494855,33.76491614731043],[-84.402771542008679,33.764917898991982],[-84.403623797677938,33.764920388164583],[-84.403926528409059,33.764921180741787],[-84.403710336994052,33.764680781698971],[-84.403632709558067,33.764571687359705],[-84.403408913031654,33.764257786978469],[-84.403356795142727,33.764151391765488],[-84.403152087112758,33.763897572019694],[-84.402923773823744,33.763435273541752],[-84.40283691604121,33.763259208004548],[-84.402832685205041,33.763216274857236],[-84.402727497719425,33.762355244644553],[-84.402727840963109,33.762180387221619],[-84.402717688171009,33.762077691167427],[-84.402715191725534,33.761166996030958],[-84.402714633311689,33.760963282871494],[-84.402714316912451,33.760847857373314],[-84.402716508769558,33.760747198869872],[-84.402724435228421,33.760037792257265],[-84.402748526789566,33.759223922381153],[-84.402755019261861,33.758891715386589],[-84.402764559375129,33.758170968975854],[-84.402765922911854,33.758068250831045],[-84.402774015550037,33.757419649349501],[-84.402779093835363,33.756871707040162],[-84.402794748997408,33.756581393991361],[-84.402784189973886,33.756330292625741],[-84.402798500204881,33.75464936754819],[-84.402799861787685,33.754545962287551],[-84.402801101878438,33.754398241832206],[-84.402803763224227,33.753868855424074],[-84.402793026972333,33.753252924011463],[-84.402808427228337,33.752869857139899],[-84.402811636057322,33.752240158633604],[-84.402889026289799,33.75166734422028],[-84.402937400345962,33.751311009525246],[-84.403138066383036,33.751002477465427],[-84.403302692337959,33.750748979955745],[-84.40363767621534,33.75023338408328],[-84.403907954204271,33.749817879054277],[-84.404215902745236,33.749343557185419],[-84.404534207949609,33.748899432646738],[-84.405158055178006,33.748005060006541],[-84.405616829762678,33.747352493240747],[-84.40578149679294,33.747118917017481],[-84.405814264456509,33.747071789829747],[-84.40619229698882,33.7466677509167],[-84.406564584016664,33.746269562016771],[-84.406343676417805,33.746093415297167],[-84.405957140259801,33.745803537948262],[-84.405471708938677,33.745439990645984],[-84.404739687001211,33.744734974917172],[-84.404632396763958,33.744631906970504],[-84.404366358174485,33.744192011832745],[-84.404015914354105,33.743563679841529],[-84.403800211477602,33.74318243042871],[-84.403577437821824,33.742698292646885],[-84.402659367848273,33.743131712470429],[-84.402147659323063,33.743374191797344],[-84.401350975409855,33.743767678498628],[-84.400790780953457,33.74402673473714],[-84.399969424055541,33.744424381667038],[-84.399331211378367,33.744728580334211],[-84.398048227405511,33.745043949018957],[-84.397522209242936,33.745173070747427],[-84.397145664332982,33.745223242699588],[-84.395599187531886,33.745428231541084],[-84.395519227056212,33.745423455835969],[-84.394457262588858,33.745353621725663],[-84.394199791127619,33.745336576404753],[-84.393696423492287,33.745325135914413],[-84.393342751250572,33.745317197470172],[-84.392258698534221,33.745291185649677],[-84.391873686963464,33.745250492589626],[-84.391644161499599,33.745226175905387],[-84.390956407052755,33.745153568033018],[-84.390469993522473,33.745019442994654],[-84.39009437028281,33.744915683548257],[-84.388692921027882,33.74608942988997],[-84.387720539914,33.746830465160436],[-84.386896236493897,33.747458637073585],[-84.385185522251902,33.748274452085276],[-84.383563159160218,33.748987497758982],[-84.383257218313986,33.749121957821075],[-84.38106886413388,33.748777292053113],[-84.380174421802295,33.748778842123336],[-84.379269803356692,33.748823344607054],[-84.378612012237369,33.748901770071392],[-84.378077654644059,33.74900574554816],[-84.376577446842873,33.749343248976103],[-84.370984116152783,33.751320914083031],[-84.37063893763866,33.751426938032296],[-84.368431028296996,33.7521050841342],[-84.36711623375956,33.75263111141016],[-84.366695333352325,33.752906619681099],[-84.366336258417078,33.753242144422479],[-84.365977260174873,33.753612021062871],[-84.365731476231744,33.754033243752353],[-84.365630279131011,33.754320567057697],[-84.365568042023042,33.754497274618195],[-84.365435767140326,33.755098667358631],[-84.365354603185253,33.755571153641164],[-84.364896963630528,33.757761901677569],[-84.364823841072351,33.758059050395069],[-84.364784908551215,33.758217260467731],[-84.364570011309709,33.758664195782472],[-84.36430373929791,33.759128389485483],[-84.363986014970891,33.759575488318283],[-84.363606553268909,33.760005508298072],[-84.363185801643652,33.760366886742666],[-84.362489801318901,33.760858609302659],[-84.361455669899144,33.761494693002227],[-84.360381000578329,33.762630275171091],[-84.360212751704324,33.76280264779917],[-84.359984205769976,33.763266191216687],[-84.359861372468799,33.763515443903323],[-84.359738904355723,33.763927872769536],[-84.359657701049329,33.764400354770004],[-84.359627872713659,33.764855579866932],[-84.359690532602372,33.765284895557443],[-84.359794363532473,33.765731323280889],[-84.359949456427586,33.766108963688325],[-84.360228257444049,33.766623823788471],[-84.360568604816038,33.767069879616557],[-84.361877642434109,33.768424762570824],[-84.362619702124761,33.769153588789479],[-84.363228128567968,33.769899800729299],[-84.363878467154223,33.770980884205223],[-84.364219837332229,33.771856341105405],[-84.364489563413088,33.772877911921142],[-84.36458076023338,33.773349003733877],[-84.364746598091543,33.773350701478464],[-84.364847448062974,33.773355204726421],[-84.364987599991366,33.773330468160459],[-84.365156271397055,33.773337067595641],[-84.365583850327909,33.773388083555524],[-84.365799081276364,33.773397692515623],[-84.36616219904333,33.773413902074523],[-84.366859612356052,33.773452547374944],[-84.366938199255827,33.773456901989391],[-84.367080960973368,33.773466294482546],[-84.367508198859994,33.773494402346024],[-84.367661600250088,33.773518299772078],[-84.368429971521579,33.773637998204407],[-84.369147200205802,33.773759901860664],[-84.369320682142941,33.773783216070044],[-84.369562302005562,33.773852412235613],[-84.369767248328955,33.773843229918981],[-84.369883866186925,33.77385890162472]]]},"properties":{"OBJECTID":251,"LOCALID":null,"NAME":"M","GEOTYPE":"NPU","FULLFIPS":null,"LEGALAREA":null,"EFFECTDATE":null,"ENDDATE":null,"SRCREF":null,"ACRES":2421.9000000000001,"SQMILES":3.7800000000000002,"OLDNAME":null,"NPU":null,"CREATED_USER":null,"CREATED_DATE":null,"LAST_EDITED_USER":null,"LAST_EDITED_DATE":null,"GLOBALID":"{74F21C58-742F-4E79-99E0-2F2749579EEB}","SHAPE.AREA":105497512.9821,"SHAPE.LEN":44189.978766636501}},{"type":"Feature","id":252,"geometry":{"type":"Polygon","coordinates":[[[-84.368465571928581,33.724675241952212],[-84.368464321365096,33.724843574863549],[-84.368445187353799,33.725802750257714],[-84.368421125100213,33.726256161155092],[-84.370482089743717,33.725600063885658],[-84.372988093043915,33.724811502141804],[-84.373792625925191,33.72456682006235],[-84.374196669641904,33.724471670382016],[-84.374700128883376,33.724402115984788],[-84.375193316204616,33.724335440551293],[-84.375717447837133,33.724314515087464],[-84.376758948964323,33.724309884994973],[-84.378578004540657,33.724321139710213],[-84.380268112880302,33.724332493337677],[-84.380572185942995,33.724337692598063],[-84.380979880696202,33.724336985800718],[-84.381503989400429,33.72430744751447],[-84.381829410946679,33.724286841618962],[-84.382161605644512,33.724234732587718],[-84.38245268685931,33.72418269450435],[-84.382774574079747,33.72411915075751],[-84.383147777794079,33.724026888541545],[-84.38363729255974,33.72386571355532],[-84.383948741063421,33.72373920416473],[-84.384369697043553,33.723563833927528],[-84.385064329959022,33.723230525386697],[-84.388066037179982,33.721723877815329],[-84.388549330498165,33.721481287243257],[-84.390305839954095,33.720619144796096],[-84.391442341792313,33.720153049628522],[-84.392708808371864,33.719732772920814],[-84.393196999392856,33.719588603824086],[-84.393489280252311,33.719496594903923],[-84.393855623345033,33.719412900342078],[-84.394459391047235,33.71936894320492],[-84.395102544685855,33.719381972732414],[-84.395463461259581,33.719458005291052],[-84.395793183024665,33.719465638840212],[-84.396209684083203,33.719606079854515],[-84.396594318623855,33.719698952207722],[-84.397464012477926,33.718588064768554],[-84.398095595473805,33.717414576059952],[-84.398638271121669,33.715899606418908],[-84.399115169031234,33.714694626152614],[-84.400946364578189,33.712367850191853],[-84.401741858415804,33.711039612427996],[-84.401855219143755,33.710704451204897],[-84.402443960673438,33.709239188920478],[-84.403109100519245,33.707460817834402],[-84.403579188183414,33.705611362047485],[-84.403814262712444,33.704700717644656],[-84.403824831438897,33.704589468342633],[-84.403967530446138,33.703146862386639],[-84.404040866494825,33.701529546084338],[-84.404471433028363,33.699003811388607],[-84.404879136571054,33.697140742348111],[-84.404910162966203,33.697002463899082],[-84.404334466641458,33.6971799289392],[-84.404280261258947,33.697196522811957],[-84.403977178608116,33.697280240461659],[-84.403736518779112,33.697347004460255],[-84.402360727698735,33.697727868074118],[-84.402051069936235,33.697813654745183],[-84.400986374256519,33.698037602195491],[-84.399895632457913,33.698054781526182],[-84.39368223130883,33.698139920372604],[-84.392164571574028,33.699318416014513],[-84.392101201697926,33.699304422438608],[-84.391008634946161,33.698894518900907],[-84.389605397570151,33.697503490710851],[-84.389393620864567,33.697037282626482],[-84.388435427083678,33.697026318050376],[-84.38484691277165,33.69698537974562],[-84.38262261491306,33.696992028689515],[-84.382610637224644,33.69799689495035],[-84.380365587644604,33.697998012388616],[-84.380343938225266,33.697723339123378],[-84.378123787509622,33.697710020966326],[-84.378178218096181,33.69896074508133],[-84.377747094143672,33.699136112055285],[-84.377442450330904,33.699211064471513],[-84.37695619554836,33.699251972017109],[-84.376421927501511,33.699267194144589],[-84.376048745959977,33.699327946464791],[-84.375853776849425,33.699434199637338],[-84.375648614286774,33.699574823116798],[-84.375240722822937,33.699721632352009],[-84.375158918789566,33.699610003850289],[-84.374096318464467,33.699603351110298],[-84.373460355353771,33.6997187815046],[-84.372421941887069,33.699731255865956],[-84.372836504916862,33.700187809046035],[-84.373333491115261,33.700734916735179],[-84.374217884299526,33.701717659843538],[-84.374508704873179,33.701985127138684],[-84.374706314749872,33.702118773534544],[-84.374853482709909,33.702198477880351],[-84.368899196735271,33.70307292965235],[-84.368894281623653,33.70494750642392],[-84.3673179839505,33.704932712512999],[-84.364285975624028,33.707047733951669],[-84.364093250342592,33.707250383280595],[-84.360639926795002,33.709783493049571],[-84.360676664401652,33.709808254508424],[-84.361224272571008,33.710210015123508],[-84.361445788273471,33.710372500793319],[-84.36148449179889,33.710400953018087],[-84.362621397209509,33.711090345370316],[-84.363108813028532,33.711406652324527],[-84.363197733368864,33.711464224455099],[-84.364163400734313,33.712038791171139],[-84.365230342162207,33.712673648423383],[-84.365371910924907,33.712743845051847],[-84.365670687391642,33.71289142771986],[-84.366523913058515,33.71318033559632],[-84.366717267432847,33.713245293878508],[-84.367079293205634,33.7133676927563],[-84.368092883605811,33.713672131977319],[-84.368590631080252,33.713821444119837],[-84.36858007311136,33.714228205328872],[-84.368569544802781,33.714647677180913],[-84.368558225603195,33.715080547178751],[-84.368543146849973,33.715663548967783],[-84.368541194910136,33.715883413203166],[-84.368538668424094,33.716209087392812],[-84.368538113177337,33.716323141208377],[-84.368531722932843,33.717105721244046],[-84.368521399650902,33.718315663255325],[-84.368507884909562,33.719918611611867],[-84.368507261287434,33.720003465195639],[-84.368490344187663,33.721909416186158],[-84.368475916803774,33.722771364652644],[-84.368476617221148,33.723422014919514],[-84.368465571928581,33.724675241952212]]]},"properties":{"OBJECTID":252,"LOCALID":null,"NAME":"Y","GEOTYPE":"NPU","FULLFIPS":null,"LEGALAREA":null,"EFFECTDATE":null,"ENDDATE":null,"SRCREF":null,"ACRES":2106.6300000000001,"SQMILES":3.29,"OLDNAME":null,"NPU":null,"CREATED_USER":null,"CREATED_DATE":null,"LAST_EDITED_USER":null,"LAST_EDITED_DATE":null,"GLOBALID":"{64802558-2DC7-4EFD-A0B9-66D50B73C8B1}","SHAPE.AREA":91764249.534568697,"SHAPE.LEN":43649.393524957202}},{"type":"Feature","id":253,"geometry":{"type":"Polygon","coordinates":[[[-84.415870230423849,33.782572403541842],[-84.416484982507001,33.783144874212212],[-84.417309371257929,33.783912877117977],[-84.417311552165003,33.783024292053064],[-84.417309215914813,33.782467315937865],[-84.417313651195357,33.781165330216226],[-84.417320940802398,33.780278322185865],[-84.417322660623441,33.780021359109334],[-84.417325724774372,33.779660990197264],[-84.417338377139174,33.777508064111792],[-84.417339617843766,33.776804169725743],[-84.417347751623041,33.776207097899153],[-84.417350357133316,33.775971775186562],[-84.417352585398092,33.775606941857568],[-84.417355368215851,33.775150041573724],[-84.417358014938202,33.774646421566864],[-84.417358146476943,33.77412666075616],[-84.417358365839974,33.773919511304165],[-84.417368132979462,33.773035932492455],[-84.417377207357703,33.772197013770004],[-84.417382401095182,33.77172052716481],[-84.417385551981397,33.771390045546262],[-84.417367370611899,33.770514424321931],[-84.417388793530051,33.770243335207802],[-84.417399735672845,33.77004578356788],[-84.417411278791292,33.768924820825845],[-84.417420367586885,33.768091054457287],[-84.417429007989455,33.767103387637086],[-84.417432037568858,33.766731338034354],[-84.417436228979312,33.766475743490751],[-84.417437698155382,33.766415279293355],[-84.417441215989825,33.76621087111841],[-84.417475416666093,33.765243420312672],[-84.41745161255507,33.764978949917037],[-84.41745649952054,33.764397343280578],[-84.417457829571887,33.764289128712285],[-84.417466986763429,33.763479065132522],[-84.417472876324425,33.762959291683522],[-84.41748009875846,33.762614715697595],[-84.417487253099637,33.76224677980079],[-84.417494433409814,33.761887776507265],[-84.41750418870889,33.760718034663519],[-84.417508260647779,33.760421559146955],[-84.417515436789159,33.759778799091343],[-84.417524083877467,33.759076260853611],[-84.417527409193283,33.758805895959988],[-84.417534610150511,33.758171723035552],[-84.41753923829792,33.757783867260748],[-84.417543171449253,33.757439813414727],[-84.417545727639677,33.756623063962003],[-84.417547986133201,33.756268878863601],[-84.417547474796052,33.756093335977639],[-84.417551713579982,33.755571847609382],[-84.417558211492562,33.754726433523686],[-84.415147211326513,33.754714433733255],[-84.415087353316764,33.754714143048254],[-84.414684289737679,33.754712182708609],[-84.414530210311099,33.754711433627847],[-84.414475939428115,33.75471037043198],[-84.414384044665638,33.754708570325199],[-84.414311289474057,33.754707144714139],[-84.414229509649431,33.754705542401112],[-84.413911305981131,33.754699306803538],[-84.413739209660449,33.754695933839898],[-84.413553270360012,33.754696995608377],[-84.413455396885382,33.754697553773291],[-84.412775210090146,33.754701433603429],[-84.411798209923376,33.754696433856715],[-84.410081209334422,33.754687433612503],[-84.409474209092011,33.754711433641276],[-84.407867938450678,33.754708199708936],[-84.407654208941622,33.754707767763122],[-84.407579928637375,33.754707900122391],[-84.407384204232002,33.754708248567631],[-84.406712042170881,33.75469996471243],[-84.406527996574795,33.754692677322581],[-84.405473487460327,33.75468613257501],[-84.404880429141116,33.754682468974735],[-84.40418541506223,33.754692739949228],[-84.402798500204881,33.75464936754819],[-84.402784189973886,33.756330292625741],[-84.402794748997408,33.756581393991361],[-84.402779093835363,33.756871707040162],[-84.402774015550037,33.757419649349501],[-84.402765922911854,33.758068250831045],[-84.402764559375129,33.758170968975854],[-84.402755019261861,33.758891715386589],[-84.402748526789566,33.759223922381153],[-84.402724435228421,33.760037792257265],[-84.402716508769558,33.760747198869872],[-84.402714316912451,33.760847857373314],[-84.402714633311689,33.760963282871494],[-84.402715191725534,33.761166996030958],[-84.402717688171009,33.762077691167427],[-84.402727840963109,33.762180387221619],[-84.402727497719425,33.762355244644553],[-84.402832685205041,33.763216274857236],[-84.40283691604121,33.763259208004548],[-84.402923773823744,33.763435273541752],[-84.403152087112758,33.763897572019694],[-84.403356795142727,33.764151391765488],[-84.403408913031654,33.764257786978469],[-84.403632709558067,33.764571687359705],[-84.403710336994052,33.764680781698971],[-84.403926528409059,33.764921180741787],[-84.403623797677938,33.764920388164583],[-84.402771542008679,33.764917898991982],[-84.402249987494855,33.76491614731043],[-84.401677375690497,33.764894565916521],[-84.401685491739656,33.765456909714949],[-84.401691655992281,33.765906922934199],[-84.401692752459681,33.766007232448892],[-84.401695475250364,33.766401942985844],[-84.401697190684629,33.766728980956024],[-84.401678132709392,33.768185585938014],[-84.401655825487964,33.769958931939378],[-84.401649278117489,33.770164026148194],[-84.401178301615474,33.770293746433723],[-84.400253834171792,33.770681971202961],[-84.400442230430926,33.770816283488173],[-84.40115908421771,33.771221603024799],[-84.402237053775025,33.771572275653632],[-84.403335616650963,33.771728899869061],[-84.404275507639028,33.771780002887319],[-84.405067842629791,33.771928382686951],[-84.405913441055915,33.772244199123953],[-84.406918317750254,33.772877151572345],[-84.408107761496765,33.77423133025929],[-84.408279796836737,33.774555286105461],[-84.408428502081534,33.774773823018684],[-84.408497812045084,33.775078596918043],[-84.409017503710785,33.775888844660223],[-84.409568586334913,33.776593210511315],[-84.410928888273915,33.777901266659583],[-84.41307503118027,33.779964868654567],[-84.413322069592951,33.780202397377245],[-84.415870230423849,33.782572403541842]]]},"properties":{"OBJECTID":253,"LOCALID":null,"NAME":"L","GEOTYPE":"NPU","FULLFIPS":null,"LEGALAREA":null,"EFFECTDATE":null,"ENDDATE":null,"SRCREF":null,"ACRES":846.17000000000007,"SQMILES":1.3200000000000001,"OLDNAME":null,"NPU":null,"CREATED_USER":null,"CREATED_DATE":null,"LAST_EDITED_USER":null,"LAST_EDITED_DATE":null,"GLOBALID":"{7CB60E1B-FA45-4035-B45B-F693E7526874}","SHAPE.AREA":36859113.138193697,"SHAPE.LEN":29366.1494113894}},{"type":"Feature","id":254,"geometry":{"type":"Polygon","coordinates":[[[-84.380477510467799,33.745629056805974],[-84.38046823158956,33.746879622506412],[-84.380577376333378,33.746880652490205],[-84.380729806198659,33.746882191609302],[-84.380717825497314,33.747348360554582],[-84.380708133479956,33.747419831810141],[-84.38150431090817,33.747431846644602],[-84.382182488669869,33.74745299418818],[-84.38353834430076,33.747787281211941],[-84.383817889646195,33.747852325816808],[-84.383879949430337,33.747857909702766],[-84.385185522251902,33.748274452085276],[-84.386896236493897,33.747458637073585],[-84.387720539914,33.746830465160436],[-84.388692921027882,33.74608942988997],[-84.39009437028281,33.744915683548257],[-84.390469993522473,33.745019442994654],[-84.390956407052755,33.745153568033018],[-84.391644161499599,33.745226175905387],[-84.391873686963464,33.745250492589626],[-84.392258698534221,33.745291185649677],[-84.393342751250572,33.745317197470172],[-84.393696423492287,33.745325135914413],[-84.394199791127619,33.745336576404753],[-84.394457262588858,33.745353621725663],[-84.395519227056212,33.745423455835969],[-84.395599187531886,33.745428231541084],[-84.397145664332982,33.745223242699588],[-84.397522209242936,33.745173070747427],[-84.398048227405511,33.745043949018957],[-84.399331211378367,33.744728580334211],[-84.399969424055541,33.744424381667038],[-84.400790780953457,33.74402673473714],[-84.401350975409855,33.743767678498628],[-84.402147659323063,33.743374191797344],[-84.402659367848273,33.743131712470429],[-84.403577437821824,33.742698292646885],[-84.403800211477602,33.74318243042871],[-84.404015914354105,33.743563679841529],[-84.404366358174485,33.744192011832745],[-84.404632396763958,33.744631906970504],[-84.404739687001211,33.744734974917172],[-84.405305843407646,33.744225583246653],[-84.405378154550576,33.744202426886233],[-84.406802163438925,33.743746203710039],[-84.407521111622074,33.743502957506074],[-84.408241702372436,33.743260733593537],[-84.408369879516826,33.743217541365127],[-84.408461082350684,33.743186788533514],[-84.409075657120411,33.742973624829766],[-84.409708174811868,33.742707861602355],[-84.409814080250115,33.742641695134743],[-84.41060056764357,33.742150267672294],[-84.411204530633199,33.741679808674327],[-84.411302182405819,33.741603693969132],[-84.411561579667534,33.741288677510838],[-84.411927529096445,33.740847371177722],[-84.412071574488976,33.74060248992344],[-84.412254083556817,33.740291574922232],[-84.412443663730656,33.739864874667525],[-84.412474715560805,33.739795075130424],[-84.412712275634206,33.739180023825512],[-84.412829564394173,33.73849478794196],[-84.412842842196682,33.738248792212552],[-84.412881087464839,33.737530390309011],[-84.412834953629755,33.735486810813754],[-84.412845329768999,33.734512533240888],[-84.412964731090383,33.73399356175004],[-84.413046772311844,33.733638529171095],[-84.41321006190671,33.733226995164735],[-84.413311328593963,33.732949163576663],[-84.413579799877425,33.732212593154003],[-84.413609170386735,33.732132010987272],[-84.414456745646248,33.730948598765103],[-84.415007112468629,33.730176262871971],[-84.41570835165713,33.729258649914449],[-84.416161459690557,33.728698808329838],[-84.416736444498383,33.72796542232178],[-84.415513534722066,33.727121239961079],[-84.415096634598882,33.72683316903607],[-84.414698577111935,33.7265199801137],[-84.414320188705531,33.726182703212046],[-84.413963937030303,33.725822365063983],[-84.413630652404152,33.725441023584899],[-84.413321979071227,33.725039363638807],[-84.41303792289537,33.724619103054792],[-84.412781779617831,33.724182296623802],[-84.411413230813196,33.721907186622047],[-84.410978751695197,33.721312634351186],[-84.409896909165113,33.72089676034134],[-84.409509398670735,33.720760109078448],[-84.408446746660275,33.720536035158219],[-84.407819647148571,33.720477143021995],[-84.40607225433952,33.720406110465696],[-84.402474774315735,33.720289931295781],[-84.398705902601435,33.720133891553459],[-84.397886780440132,33.720006603084542],[-84.396995520631123,33.719805010798702],[-84.396594318623855,33.719698952207722],[-84.396209684083203,33.719606079854515],[-84.395793183024665,33.719465638840212],[-84.395463461259581,33.719458005291052],[-84.395102544685855,33.719381972732414],[-84.394459391047235,33.71936894320492],[-84.393855623345033,33.719412900342078],[-84.393489280252311,33.719496594903923],[-84.393196999392856,33.719588603824086],[-84.392708808371864,33.719732772920814],[-84.391442341792313,33.720153049628522],[-84.390305839954095,33.720619144796096],[-84.388549330498165,33.721481287243257],[-84.388066037179982,33.721723877815329],[-84.385064329959022,33.723230525386697],[-84.384369697043553,33.723563833927528],[-84.383948741063421,33.72373920416473],[-84.38363729255974,33.72386571355532],[-84.383147777794079,33.724026888541545],[-84.382774574079747,33.72411915075751],[-84.38245268685931,33.72418269450435],[-84.382161605644512,33.724234732587718],[-84.381829410946679,33.724286841618962],[-84.381503989400429,33.72430744751447],[-84.380979880696202,33.724336985800718],[-84.380572185942995,33.724337692598063],[-84.380268112880302,33.724332493337677],[-84.378578004540657,33.724321139710213],[-84.378552416106942,33.724826335702105],[-84.378561915780438,33.726517188736679],[-84.378564192690646,33.727443692910683],[-84.378561289426017,33.727600692082547],[-84.37855096035463,33.728416600389188],[-84.378542815179642,33.729117421602744],[-84.378527692991511,33.730325307943893],[-84.378520097164071,33.730915167176505],[-84.378510056271239,33.731513961475358],[-84.379711539992954,33.731546934772993],[-84.379932756996908,33.731552392973043],[-84.379922180835038,33.731598444513274],[-84.379913318430141,33.732337742240297],[-84.379904583604556,33.733128225899854],[-84.379890292246614,33.734331987767682],[-84.379876335708758,33.735505004088161],[-84.379849195636965,33.73666773519426],[-84.37989214783137,33.736744269485769],[-84.379867217897939,33.737921816191005],[-84.38152917486147,33.737942763540204],[-84.38153072841439,33.738565928822069],[-84.38153214737207,33.73946495003981],[-84.381533443228946,33.739984711756222],[-84.381534739838358,33.740834607993108],[-84.381536587396383,33.741575602819374],[-84.381536720162615,33.741628849945457],[-84.381537855024845,33.742413818823607],[-84.381539385774076,33.74302770834943],[-84.38154126012995,33.74344956145638],[-84.38112839995398,33.743448905148988],[-84.381046979141033,33.743448703016703],[-84.38045648433507,33.74345281867037],[-84.380489020456935,33.743969778629967],[-84.380477510467799,33.745629056805974]]]},"properties":{"OBJECTID":254,"LOCALID":null,"NAME":"V","GEOTYPE":"NPU","FULLFIPS":null,"LEGALAREA":null,"EFFECTDATE":null,"ENDDATE":null,"SRCREF":null,"ACRES":2027.0900000000001,"SQMILES":3.1699999999999999,"OLDNAME":null,"NPU":null,"CREATED_USER":null,"CREATED_DATE":null,"LAST_EDITED_USER":null,"LAST_EDITED_DATE":null,"GLOBALID":"{C9E52550-FA86-4F1E-B34B-DAC5F795BE30}","SHAPE.AREA":88299870.6383183,"SHAPE.LEN":39368.511305992804}},{"type":"Feature","id":255,"geometry":{"type":"Polygon","coordinates":[[[-84.348086463005941,33.882026869150522],[-84.348297640077533,33.882133789773128],[-84.348465667145987,33.88215684931113],[-84.348961755422891,33.882019038706488],[-84.34921649102823,33.881948296927042],[-84.350357435162678,33.882007804543257],[-84.350417406256099,33.882010932171511],[-84.350479476974854,33.882014169343293],[-84.350553561780558,33.882013079631854],[-84.351002539465028,33.882006476038363],[-84.351784146720078,33.881994976978454],[-84.353114563269642,33.881975392831571],[-84.353900407880261,33.881966987290681],[-84.354057772602289,33.881641374292478],[-84.354784308914276,33.880947063378741],[-84.354916054268386,33.880821159527947],[-84.355321409558101,33.880479763102841],[-84.355326965958511,33.879827419075156],[-84.355334501789201,33.878942814634541],[-84.35586499768452,33.878949902343457],[-84.35551951058271,33.878419343428426],[-84.355231059949872,33.877977325409475],[-84.357922352099024,33.878022732825073],[-84.359835799740878,33.878047486281062],[-84.359836166691238,33.8778279739224],[-84.359837652758344,33.877041987001618],[-84.362067195468569,33.876938162989362],[-84.362127844768267,33.877016823055889],[-84.362172418932047,33.877074634781664],[-84.362217369367841,33.877132933679569],[-84.362268777304649,33.87719960844256],[-84.362326577025897,33.877261007471276],[-84.362393346043817,33.877361834364301],[-84.362449730505958,33.877445285128566],[-84.362480927749189,33.877521012790616],[-84.362506049463107,33.877579513493451],[-84.362541617295292,33.877644382984435],[-84.362574721899975,33.877712691619351],[-84.362616059743274,33.877779269533754],[-84.362697763454435,33.877847500847743],[-84.362700476819242,33.877952959269642],[-84.362813516455901,33.878036255703371],[-84.362901851171273,33.878122339565685],[-84.362930877781466,33.878208174310323],[-84.362977180461954,33.878284362858388],[-84.363081992296728,33.878371451810949],[-84.363017101202743,33.878451252759263],[-84.362964106199712,33.878524835966282],[-84.36291814315662,33.878584316259996],[-84.362815854729831,33.878698223381939],[-84.364098310648131,33.880092946784714],[-84.364209553446841,33.880090844411818],[-84.364774916689569,33.880080156742871],[-84.36492859406205,33.880077251560913],[-84.365002660052326,33.880075851147531],[-84.36570700027103,33.880062532577732],[-84.365775115518048,33.880040312591966],[-84.365930959000323,33.880020604258512],[-84.366022412761453,33.880028357387197],[-84.366128692645077,33.880036086450801],[-84.366272865051357,33.880044097573624],[-84.366384040954117,33.880031894108711],[-84.366487673514044,33.87996405192802],[-84.366556763144118,33.879918938264794],[-84.36661236910733,33.879844126677348],[-84.366679073049582,33.879657352484358],[-84.366736214271313,33.879609619019725],[-84.366778099091249,33.879584107710194],[-84.366836192733672,33.879571162323515],[-84.366973731804705,33.879540513987195],[-84.367028673719858,33.879528271499979],[-84.367120061183897,33.879507854974015],[-84.367235270514158,33.879459574184352],[-84.367415878996738,33.879276177410844],[-84.36746205594109,33.879218738213083],[-84.367516241487863,33.879141699678989],[-84.36761176554397,33.879124558005515],[-84.367718542425564,33.879105397166285],[-84.367653821723678,33.878972698787436],[-84.367438971670524,33.878532178130989],[-84.367745296931574,33.878430956767431],[-84.367813633643664,33.878395633598956],[-84.368431562606034,33.878076221007859],[-84.368489015549216,33.878029516783386],[-84.36958079116306,33.878063799309771],[-84.370171866951864,33.878068638381393],[-84.370273410896289,33.87806945433605],[-84.372050805288552,33.878083727937167],[-84.372665254568503,33.878088571992556],[-84.373309470698374,33.878093647088413],[-84.373475855700107,33.878097061077412],[-84.373526120058145,33.878098092939766],[-84.373642259532701,33.8780961803118],[-84.37408375588835,33.878089598095002],[-84.374953213382597,33.878095613389156],[-84.37564061023869,33.878100365274094],[-84.375753082192475,33.878097262206794],[-84.375841587364178,33.878095902011772],[-84.375942079570706,33.878095387870388],[-84.376042575970374,33.87809659125886],[-84.376142251177001,33.878098826532579],[-84.376242753460986,33.878102434414231],[-84.376363423079312,33.878108821907574],[-84.376440474366262,33.878113777806561],[-84.376538514788436,33.878121168399161],[-84.376752714860984,33.878134887890447],[-84.37703529276682,33.878151925538141],[-84.377149794910906,33.878154134684785],[-84.377273688229778,33.878155697431133],[-84.377378794385834,33.878156148000691],[-84.377493289784482,33.878155608649557],[-84.377610253787267,33.878154034395095],[-84.378076997462784,33.878154334552981],[-84.378193447722765,33.878154408819093],[-84.378930739660987,33.878154408755428],[-84.379810371144245,33.878152976123225],[-84.379898525851615,33.878146317404195],[-84.380315753439064,33.878144438856026],[-84.380984223817222,33.878141425238475],[-84.38113820963855,33.878140730864395],[-84.381556162261333,33.878138754887807],[-84.381692312882279,33.878138110756801],[-84.381828477553199,33.878137466450873],[-84.382236214251535,33.878135723298939],[-84.38236065098792,33.87813842686252],[-84.382484990435657,33.87814112776595],[-84.382976728570469,33.87813236454722],[-84.384082986562561,33.87813385298999],[-84.384161972665169,33.878133878609837],[-84.384247730115192,33.878133905748172],[-84.38522831767493,33.878135153110222],[-84.386054975564448,33.878136197954092],[-84.387290558253682,33.878138114345361],[-84.38737046476345,33.878135808234283],[-84.387412204992302,33.877085319119942],[-84.387419172527572,33.876912170672931],[-84.387444235176858,33.876089041019512],[-84.387428769395029,33.875995275008293],[-84.387430705560689,33.874993222457739],[-84.387457775153763,33.873990081523928],[-84.387467335705665,33.873224692175739],[-84.387477501288586,33.872374450319192],[-84.387488964598816,33.87138851401977],[-84.387495003615129,33.870855008516571],[-84.387519829709618,33.868661558759044],[-84.387522650048908,33.868157601870998],[-84.38748224982632,33.86750119851083],[-84.387529844153264,33.866793451389945],[-84.38753426176531,33.866620594841628],[-84.387536578075654,33.866529956171298],[-84.387559249758482,33.866383843767061],[-84.387565743780968,33.866341995192315],[-84.387634098880184,33.866162974023872],[-84.387708242966355,33.866028101990757],[-84.387828019538318,33.865846161839634],[-84.388000440873554,33.865639050664257],[-84.388101852210383,33.865521726700877],[-84.388173601574806,33.865399645720359],[-84.388190819864576,33.865359292586312],[-84.388210409398866,33.865301331591311],[-84.388225070051874,33.865237409702225],[-84.388233120483306,33.865165598632622],[-84.388229695244277,33.865114935392342],[-84.38820508599575,33.864994058136844],[-84.388183297797525,33.864904159722101],[-84.388155672305459,33.864835266453248],[-84.388087914829114,33.864748820041818],[-84.387793894203497,33.864429525737428],[-84.387706404343049,33.8643223155008],[-84.387673247683935,33.86427309497796],[-84.387644061268432,33.864214364954591],[-84.387617197008424,33.864158773874429],[-84.387595230434002,33.864105044008497],[-84.387576765973961,33.863978386002763],[-84.387566863171912,33.863898499598832],[-84.387513667102226,33.863389490735671],[-84.38749439897768,33.86322805431449],[-84.38748549866537,33.863164703963058],[-84.387439834547536,33.863021879563632],[-84.387406602526426,33.862933036558744],[-84.387383859645809,33.862872717952875],[-84.387346564953404,33.862781750729233],[-84.387299343381656,33.862673624133542],[-84.387255456821947,33.862581294580032],[-84.387202482020243,33.86247764496013],[-84.387134620548636,33.862349631699637],[-84.387060354073654,33.862194949443008],[-84.387028623801584,33.862124124702277],[-84.387008725136084,33.862072288064219],[-84.38695564509149,33.861927415566228],[-84.386877608980029,33.86168536926656],[-84.386844209751786,33.861523789334136],[-84.386825995928675,33.861391801120931],[-84.38681506476118,33.861282249815524],[-84.386780734746068,33.860520648462284],[-84.386776361421482,33.860421033216085],[-84.386762306052091,33.860078564206283],[-84.386712848714552,33.859097886728499],[-84.38670268912351,33.85900961810237],[-84.386691861907892,33.858915550417073],[-84.386199067140765,33.858386220656719],[-84.386162452484399,33.85834689141123],[-84.385960425661352,33.858244536171597],[-84.385329058972872,33.857888352289955],[-84.385127454682234,33.857769888928374],[-84.384998709888691,33.857693502876081],[-84.384767079520088,33.857549158226036],[-84.384662833889195,33.857473800519379],[-84.384398172549766,33.857262761557415],[-84.383883138540114,33.856804720049254],[-84.38352413153531,33.856496866775579],[-84.383239404494532,33.856253120217055],[-84.382923316983096,33.855981602487148],[-84.38275600724846,33.855838270899675],[-84.382656333694158,33.85572944989071],[-84.382661096161357,33.855518136718935],[-84.382662815361968,33.855339460139902],[-84.382665937103241,33.85501516436485],[-84.382671328193993,33.854455139701628],[-84.382672590970159,33.854323980348404],[-84.382676297266059,33.854006535062403],[-84.382678753114831,33.853797673827287],[-84.3826819566099,33.8535252059364],[-84.382662785085955,33.853384734158418],[-84.382672079114172,33.853306234559838],[-84.382715862979694,33.853292962321383],[-84.382810308996326,33.853291650775837],[-84.383014412992338,33.853244573328205],[-84.383109859782394,33.853214175573022],[-84.38323489607852,33.853161740158164],[-84.383353310819174,33.853095575251189],[-84.383562508306184,33.852946288770838],[-84.383672269325046,33.852877906319279],[-84.383912431702811,33.852762057978978],[-84.384211077352305,33.852653493121672],[-84.384679243335555,33.852499625168981],[-84.384916185227169,33.852414011680217],[-84.384965496416527,33.852375448652779],[-84.385031240831168,33.85232311639389],[-84.385163427234701,33.852189898274574],[-84.385372719500779,33.85189756953816],[-84.385809248488357,33.851288410338768],[-84.385864244524797,33.851219607526176],[-84.385976673335179,33.851068943533178],[-84.3864060425025,33.850609754925898],[-84.386498355387005,33.850515990094017],[-84.38653923805235,33.850472000054964],[-84.386654968614849,33.850325280532118],[-84.386710722062915,33.850231225524823],[-84.386753303364699,33.850138397698238],[-84.386780284080729,33.850063117498834],[-84.386818703950269,33.849953120814767],[-84.38684489019272,33.849889178351475],[-84.386884173888646,33.849794981361995],[-84.38693659904196,33.849687707820692],[-84.386993205837172,33.849605160601925],[-84.387127565428685,33.849462144626827],[-84.38718536531978,33.849409618031409],[-84.387236312498729,33.849368303855869],[-84.387340670835314,33.849283266353623],[-84.387459051225733,33.849207477931508],[-84.387644122745101,33.84912847904679],[-84.388013510040167,33.848997963823841],[-84.388479191798069,33.848849067435779],[-84.388775390141404,33.848756468472345],[-84.388933361694029,33.848707059648348],[-84.389265760559837,33.848603058802212],[-84.389552083002428,33.848513568433631],[-84.390353502170399,33.848280923498656],[-84.391218359993388,33.84806361736419],[-84.391308877325912,33.848040779790132],[-84.391684953551177,33.847952494992846],[-84.392097212659976,33.84784627867375],[-84.392334076443603,33.847738665429887],[-84.392739331943773,33.847475126081349],[-84.392920215987274,33.847373109852136],[-84.393259784293662,33.847181486115417],[-84.393501565292112,33.847066304028772],[-84.393680939014274,33.847016162690309],[-84.394252245564147,33.846960831476409],[-84.394397520636048,33.846938921116354],[-84.394499937117203,33.846901631154488],[-84.394585471725975,33.846863685267373],[-84.394662758617145,33.84682025816808],[-84.394722741749419,33.846772740725704],[-84.395133408877228,33.846381734666494],[-84.395307475960138,33.846215308887061],[-84.395426590392645,33.846081025566384],[-84.395498760639938,33.845972337608416],[-84.395673438890142,33.845243737579075],[-84.395694952776438,33.845128960118352],[-84.395697244231911,33.845061968399634],[-84.395690422434058,33.844974038556771],[-84.395682819416649,33.84490191233445],[-84.395672000737392,33.844858990846241],[-84.395628080507052,33.844753953626686],[-84.39553285075911,33.844552137463154],[-84.39546417149262,33.844425504031832],[-84.395415160365559,33.844263793567279],[-84.395373300348552,33.844048047046456],[-84.395274886275473,33.843533717596138],[-84.395271295435506,33.843422077552049],[-84.395322054908206,33.843313085827049],[-84.395412307078914,33.843193027997025],[-84.395693029793932,33.842865126089528],[-84.395844819356753,33.8426645686258],[-84.396049068930211,33.842375969929037],[-84.396139163164236,33.842197168969221],[-84.396197936804313,33.842006745478599],[-84.396278443034916,33.841630090593412],[-84.396318814430074,33.841332178672225],[-84.396335542550005,33.841121908910189],[-84.396338097104476,33.840845709513637],[-84.396328827920868,33.84076637144593],[-84.396320388542904,33.840689437412337],[-84.396326920839343,33.840566443048338],[-84.396372442525191,33.840449903038042],[-84.396425276082198,33.840347948775545],[-84.397000333899882,33.839713241309006],[-84.397060232894844,33.839636695372207],[-84.397113044853612,33.839527183278584],[-84.397127328856172,33.839480780605427],[-84.397146075743137,33.83940997835824],[-84.397169665805578,33.839303097750921],[-84.39717447903223,33.839255854412009],[-84.39715678912296,33.839106968613194],[-84.397145064125553,33.839033132490506],[-84.397132571136012,33.838979908446056],[-84.396978694664369,33.838398949427386],[-84.397176904211435,33.838012455116633],[-84.397232149658194,33.837889369576843],[-84.397229017570879,33.837796108619933],[-84.397187608114834,33.837706010060181],[-84.397128060424336,33.837606154450469],[-84.397023164690779,33.837481994104309],[-84.396972805649341,33.83743124634848],[-84.396910892531253,33.837370214371127],[-84.396834917206789,33.837284646963553],[-84.396788647832253,33.837223757032035],[-84.396758869767211,33.837172111508359],[-84.39671657904573,33.837059685241513],[-84.396693334710207,33.83698827522236],[-84.39666335389127,33.83686088304276],[-84.39661831045126,33.836643170729594],[-84.396526555264117,33.835891019121874],[-84.396484582661998,33.835589480663366],[-84.396461954465693,33.83544043256353],[-84.396386451251004,33.835222776873884],[-84.396266324957253,33.834943369545577],[-84.396165325293708,33.83473503727695],[-84.396091532298271,33.834541082393443],[-84.396059342147055,33.834510568464943],[-84.395997419865026,33.834445069270593],[-84.395880665726438,33.834348584227421],[-84.395768050301385,33.834260335105647],[-84.395724330625882,33.834228468404419],[-84.39568143885451,33.834198317780043],[-84.395565969328757,33.834120208240947],[-84.395501637174803,33.834077386887174],[-84.395372978877234,33.83399311726906],[-84.395272386711255,33.833936621999165],[-84.395177565006676,33.833882864161545],[-84.395129302122683,33.833845165722288],[-84.39506367441318,33.833778986763953],[-84.395016581545022,33.833717239286543],[-84.394971927262731,33.833643292550036],[-84.39490982702516,33.833510289797566],[-84.394882459620064,33.833435451760877],[-84.394853329772019,33.833316989162689],[-84.394769904731135,33.832904224212825],[-84.39474077385546,33.832785246740599],[-84.394689459286042,33.832683141260247],[-84.394664238083536,33.832641277705783],[-84.394579971261635,33.832531161587831],[-84.394473930551641,33.8324375748929],[-84.393318862941442,33.831499470358374],[-84.393293706294727,33.831325691420005],[-84.393271015914749,33.831150534736004],[-84.393274695338974,33.830984948322161],[-84.39328588831836,33.830858852714613],[-84.39329803687292,33.830782911083986],[-84.393315156682192,33.830718983733775],[-84.393359318827478,33.830607600045184],[-84.393441261904954,33.830462137764378],[-84.393543027055443,33.830341371950226],[-84.393898459113288,33.829948753106493],[-84.394051122767252,33.829773960336333],[-84.394097889667876,33.829714100514337],[-84.394157732017504,33.829617802763593],[-84.394231487502978,33.829490561037296],[-84.394274911073495,33.829411813367429],[-84.394319961022276,33.829325505099597],[-84.394377996985753,33.829169093461601],[-84.394402440145853,33.829073203570999],[-84.394416862261082,33.828923742971924],[-84.394425253842101,33.828673296752939],[-84.394445923464119,33.828085826647808],[-84.394430535953333,33.827871151061537],[-84.394263585127035,33.827001648539458],[-84.39417509617499,33.82653839369511],[-84.394090062025114,33.826135936573053],[-84.394020875153757,33.825811087147457],[-84.393850592274106,33.825235306025448],[-84.393774333355807,33.825037230747768],[-84.393634393300729,33.824727627389002],[-84.393551722136309,33.824594834713594],[-84.393494677393107,33.82450253008718],[-84.393348458968006,33.824309049920757],[-84.393203142477617,33.824144767680778],[-84.39290607218868,33.823871864896027],[-84.392795508348925,33.823775193155427],[-84.392707957204848,33.823664050114985],[-84.392638516453133,33.823552874729259],[-84.392550685736396,33.823335239714005],[-84.392439506557466,33.823003595605847],[-84.392297995427583,33.822406117182062],[-84.39225142551237,33.822226880509753],[-84.39219846265722,33.822120484079832],[-84.391936627879161,33.821782244319841],[-84.39181429064142,33.821588718608083],[-84.391813348098069,33.821229046866257],[-84.391657597528749,33.82116406100274],[-84.390473302063057,33.82062756481313],[-84.3897908919391,33.820308633323556],[-84.389515782174868,33.820181310770955],[-84.389042086720721,33.820096655529525],[-84.388415762672793,33.819965788650251],[-84.388462129775959,33.819705549003459],[-84.388474901953671,33.819664234277845],[-84.388547617020762,33.819429026469201],[-84.38865902698528,33.819068651057243],[-84.388786875422923,33.81859052165975],[-84.388839874095979,33.818397411819795],[-84.388873709487711,33.81829927616154],[-84.388984345031488,33.818053173663969],[-84.389025892361403,33.817865038913013],[-84.38915575080766,33.817701993655582],[-84.389184846967694,33.817642379348449],[-84.388638579771111,33.817486228460098],[-84.388402763435195,33.817186918513798],[-84.388518453293088,33.816868437598096],[-84.388813435666933,33.816348492785579],[-84.389700675458769,33.815679417494223],[-84.390290809821934,33.815030583882695],[-84.390290304233133,33.81483629087802],[-84.390111790916691,33.814559173364344],[-84.389578538297513,33.814288407313768],[-84.388925936761169,33.814017511430897],[-84.388333362579203,33.813721769346991],[-84.387946752722925,33.813178658946626],[-84.387856650385373,33.812709217824136],[-84.38726320233225,33.812388738106215],[-84.386611383126592,33.81241463608275],[-84.386346349238636,33.812736650884624],[-84.385635767066617,33.812960176569561],[-84.384836547371066,33.812961592791183],[-84.384214980298324,33.813234765179907],[-84.383309369042053,33.813479919985596],[-84.38297389695272,33.813619981744161],[-84.382556759535817,33.813361348533277],[-84.382201553962048,33.813510030014925],[-84.381195710932559,33.813833326019157],[-84.380988352232677,33.813858420464463],[-84.379833702358653,33.814256165737021],[-84.377556013184574,33.815199286531652],[-84.376460654091289,33.81562128925885],[-84.375335995409714,33.815845803656877],[-84.374655396829681,33.81589642114853],[-84.374214435933283,33.8157852110294],[-84.373973437294666,33.81572443060287],[-84.373650080681358,33.815705331297501],[-84.373380692272789,33.815683458309522],[-84.372670282655235,33.815659912912984],[-84.372048301597943,33.815784276470346],[-84.37139721580975,33.815785358909984],[-84.371041510980987,33.815736480892227],[-84.370656175224767,33.815687994383843],[-84.370478382369072,33.815688288301054],[-84.370241500191341,33.815762537873475],[-84.369620450275221,33.816282975522746],[-84.369059072424065,33.816629830847013],[-84.368703888770156,33.816803550909434],[-84.368185521407639,33.816890967807183],[-84.366838664641321,33.817152868540283],[-84.366364973268773,33.817339141122055],[-84.365832978846072,33.817586998321843],[-84.365137034189061,33.817773624879742],[-84.364634125907841,33.817786800097466],[-84.364071185383196,33.817824803323589],[-84.363701086176491,33.817961432808112],[-84.363256731687798,33.818023633250803],[-84.362028486572314,33.818334760277615],[-84.361269294472436,33.819573124535957],[-84.360486228814892,33.820874514927496],[-84.359559665025174,33.821925635724654],[-84.358589164584345,33.822511624536993],[-84.357269319189342,33.822904256201547],[-84.356757535026929,33.823012570049045],[-84.353579454402265,33.823509359190751],[-84.353005059090947,33.82359920188977],[-84.352336892852605,33.823723535823078],[-84.352047326520434,33.823816037565358],[-84.35112103943689,33.824111485555406],[-84.349897171941208,33.824606272091316],[-84.349695700556623,33.824706538510782],[-84.348499330445009,33.825282107373489],[-84.348507973644573,33.825694229564704],[-84.34851951282144,33.826244407397589],[-84.348538157632689,33.827133399466],[-84.348547822751414,33.827594259354377],[-84.348567806898913,33.828547069485985],[-84.348513749545972,33.83107194142265],[-84.348500203274625,33.831704614769215],[-84.348433702376113,33.83481045650754],[-84.348414913479317,33.835694662507898],[-84.3484004143276,33.83637700022318],[-84.3483887783011,33.83692458838631],[-84.348388354118256,33.837113184942233],[-84.34837695749296,33.837205206370115],[-84.348354355407395,33.837387713437721],[-84.348383891330258,33.837775159412814],[-84.348468346255956,33.838905875418746],[-84.348468185420217,33.839050870751365],[-84.348471073729911,33.839452004064015],[-84.34834491519581,33.839085055226604],[-84.348107497691515,33.839141924346571],[-84.348221597531563,33.839752937201744],[-84.348482694386263,33.839673352109862],[-84.348509381048842,33.840745286422091],[-84.348458775428995,33.841208951724511],[-84.348357022205136,33.841760461901451],[-84.348348158013721,33.841857211349485],[-84.348308691879865,33.842287957337028],[-84.348258837967762,33.842832066823249],[-84.348159093175184,33.8439455830406],[-84.348129367837842,33.844295680579506],[-84.348128997147924,33.844389197705503],[-84.34812614492391,33.845108125783092],[-84.348127182552076,33.845209464376808],[-84.348139808787323,33.845764890970038],[-84.348151694230467,33.846287757588655],[-84.348167139591268,33.846726428965852],[-84.348204290686823,33.847781518463513],[-84.348231414005525,33.848551822653178],[-84.348234871040688,33.849140842290801],[-84.348240504825711,33.85010081849186],[-84.348242899292913,33.85050880880506],[-84.348254643694503,33.852509761599258],[-84.348256931919622,33.852899629816982],[-84.348259928043205,33.853410028390371],[-84.348263739035247,33.854059315450407],[-84.348268756888203,33.854914216331267],[-84.348259312559179,33.857455634313418],[-84.348255797267299,33.857578855018296],[-84.348211329307503,33.859137640849447],[-84.348197225346183,33.859632016694199],[-84.348121310312109,33.862293023161143],[-84.348122615728414,33.862374176060968],[-84.34816234287463,33.864844115914153],[-84.348166525787931,33.865104157973924],[-84.348180628067979,33.865980906002513],[-84.348192080741839,33.866692849837747],[-84.348200252934163,33.867200903498329],[-84.348209500581774,33.867775794955179],[-84.348221154201752,33.868500198035356],[-84.348217413044665,33.86871656809555],[-84.347969669318829,33.868957649699368],[-84.347924027753081,33.869436662108107],[-84.348236371929815,33.86946822406351],[-84.348240122424116,33.872494360076914],[-84.348240172923539,33.872535054559144],[-84.348241677576326,33.873602437268417],[-84.34824345474982,33.874862774489372],[-84.348242749866259,33.875413483528071],[-84.348242523787832,33.875590017400548],[-84.348234403083183,33.876033863434159],[-84.34823169565405,33.876131036057245],[-84.348184643398071,33.877819578414773],[-84.348159548629141,33.87787135315768],[-84.348130629765507,33.877931017447303],[-84.347874759187263,33.87845890976493],[-84.348170758808692,33.878476039856366],[-84.348141021513385,33.879392642517089],[-84.348119842680205,33.88007817700958],[-84.348107101233751,33.880490596632967],[-84.348096331706614,33.881277518315052],[-84.348086463005941,33.882026869150522]]]},"properties":{"OBJECTID":255,"LOCALID":null,"NAME":"B","GEOTYPE":"NPU","FULLFIPS":null,"LEGALAREA":null,"EFFECTDATE":null,"ENDDATE":null,"SRCREF":null,"ACRES":6516.1100000000006,"SQMILES":10.18,"OLDNAME":null,"NPU":null,"CREATED_USER":null,"CREATED_DATE":null,"LAST_EDITED_USER":null,"LAST_EDITED_DATE":null,"GLOBALID":"{1487F50C-E325-47F2-9A1E-A9F0E313BC1D}","SHAPE.AREA":283840655.82575899,"SHAPE.LEN":79033.795908215703}},{"type":"Feature","id":256,"geometry":{"type":"Polygon","coordinates":[[[-84.357448280830965,33.70711894502891],[-84.358278877374033,33.707990923247046],[-84.358341503258359,33.708057128036408],[-84.359224384394324,33.708773741520254],[-84.359520833900206,33.708994514532257],[-84.359627885435188,33.709074390623364],[-84.359795865763587,33.709195395376206],[-84.360571583481004,33.709752997033007],[-84.360639926795002,33.709783493049571],[-84.364093250342592,33.707250383280595],[-84.364285975624028,33.707047733951669],[-84.3673179839505,33.704932712512999],[-84.368894281623653,33.70494750642392],[-84.368899196735271,33.70307292965235],[-84.374853482709909,33.702198477880351],[-84.374706314749872,33.702118773534544],[-84.374508704873179,33.701985127138684],[-84.374217884299526,33.701717659843538],[-84.373333491115261,33.700734916735179],[-84.372836504916862,33.700187809046035],[-84.372421941887069,33.699731255865956],[-84.373460355353771,33.6997187815046],[-84.374096318464467,33.699603351110298],[-84.375158918789566,33.699610003850289],[-84.375240722822937,33.699721632352009],[-84.375648614286774,33.699574823116798],[-84.375853776849425,33.699434199637338],[-84.376048745959977,33.699327946464791],[-84.376421927501511,33.699267194144589],[-84.37695619554836,33.699251972017109],[-84.377442450330904,33.699211064471513],[-84.377747094143672,33.699136112055285],[-84.378178218096181,33.69896074508133],[-84.378123787509622,33.697710020966326],[-84.380343938225266,33.697723339123378],[-84.380365587644604,33.697998012388616],[-84.382610637224644,33.69799689495035],[-84.38262261491306,33.696992028689515],[-84.38484691277165,33.69698537974562],[-84.388435427083678,33.697026318050376],[-84.389393620864567,33.697037282626482],[-84.389605397570151,33.697503490710851],[-84.391008634946161,33.698894518900907],[-84.392101201697926,33.699304422438608],[-84.392164571574028,33.699318416014513],[-84.39368223130883,33.698139920372604],[-84.399895632457913,33.698054781526182],[-84.400986374256519,33.698037602195491],[-84.402051069936235,33.697813654745183],[-84.402360727698735,33.697727868074118],[-84.403736518779112,33.697347004460255],[-84.403977178608116,33.697280240461659],[-84.404280261258947,33.697196522811957],[-84.404334466641458,33.6971799289392],[-84.404910162966203,33.697002463899082],[-84.404957844956229,33.696080792043801],[-84.404573916399769,33.69489078553616],[-84.40430689772225,33.694369562713518],[-84.401355036556296,33.690486642895145],[-84.400515291841003,33.689524335313465],[-84.400117784914457,33.689027305184375],[-84.399876972447728,33.688725449003037],[-84.399592291397681,33.688309278168177],[-84.399314216012684,33.687903400231072],[-84.398846426969996,33.686938260124769],[-84.398659647110946,33.685941844053588],[-84.39886945734726,33.684499462432385],[-84.398880948865141,33.683577049221846],[-84.398586761974926,33.681449057612518],[-84.398544014822832,33.681138581705561],[-84.398331138759872,33.679598569142811],[-84.398157888219529,33.678429499080821],[-84.397950333830551,33.677030324447919],[-84.397750587525962,33.675782633405646],[-84.39767831622062,33.675185016943828],[-84.397732817736369,33.672923314499627],[-84.39782362947669,33.672924216770255],[-84.397899181382641,33.67292504022646],[-84.397956035293447,33.67292572460692],[-84.398009432136959,33.672926134112188],[-84.398076237239238,33.672926647428696],[-84.398169951969336,33.672926700049445],[-84.39821469898574,33.672937232449456],[-84.398216812547474,33.672805998116672],[-84.398190263172665,33.671484809350694],[-84.39826972067074,33.671084441195504],[-84.398218666505599,33.670953777110583],[-84.398217586224817,33.670908404547419],[-84.398201725783608,33.67024256217961],[-84.398204734395136,33.669832031118801],[-84.39821095408054,33.669086547186268],[-84.398181568818146,33.66904441231879],[-84.398152389647819,33.669003520457139],[-84.398136617869071,33.668637341434689],[-84.398101053553304,33.668306830638578],[-84.398092775807314,33.668224595139122],[-84.398061925529504,33.668054843682775],[-84.397763648420096,33.668056432329607],[-84.397731336474436,33.667957211041383],[-84.397698739579099,33.667860283215823],[-84.397663428755038,33.667759805177219],[-84.397004826039961,33.666062591874883],[-84.396983186217724,33.665992653766892],[-84.396818773070194,33.665263453970802],[-84.39662080768494,33.664410210709377],[-84.39643306844971,33.66395159548351],[-84.396157068680608,33.663673157352292],[-84.396144547063287,33.663623880092899],[-84.396131328068478,33.663571861252059],[-84.395939734675025,33.663207382006497],[-84.395741704820452,33.662583886724043],[-84.395701232645536,33.662504261458679],[-84.395662353790271,33.662405738768463],[-84.395637255038366,33.662312324639174],[-84.395617583378851,33.662226655700614],[-84.395509468115705,33.661699265405304],[-84.395324362970058,33.660743304690044],[-84.395306860562172,33.660649551814366],[-84.39529507863449,33.660580353412911],[-84.395288499307128,33.660541715558558],[-84.395272602993273,33.660433873837917],[-84.395258349984928,33.660326029976169],[-84.395245739365137,33.660217839538127],[-84.395233914980977,33.660096249748989],[-84.395225411656853,33.659987707272897],[-84.395221958223345,33.65993314557322],[-84.395217694561154,33.659865766347686],[-84.395212477787851,33.659757218691787],[-84.395209761324779,33.659662064306282],[-84.395197939957384,33.659202633649848],[-84.395182290110952,33.658594403118904],[-84.395179789250449,33.658551005911796],[-84.39517712341268,33.658504749817311],[-84.39523586704307,33.657905720272133],[-84.395390440587434,33.65649905788932],[-84.395400495443425,33.656407556835248],[-84.395416023844206,33.656326863877808],[-84.39547885390779,33.656095657004208],[-84.395589239019984,33.655692621999954],[-84.395728506967998,33.655265571498582],[-84.395785459315363,33.655090933435019],[-84.395813704506764,33.655029385431668],[-84.395886353429646,33.654851299090218],[-84.396234541473291,33.654479976726002],[-84.396681864827542,33.654162689950994],[-84.39672574315621,33.654132091302728],[-84.396961465582393,33.653488895515459],[-84.39720847764751,33.653383656626886],[-84.397365300854787,33.653419809568788],[-84.397453119939698,33.653313805886846],[-84.397555877888635,33.653336974474186],[-84.399359423074714,33.653715949576537],[-84.399316548656842,33.650117659381515],[-84.399294692432264,33.648283157082901],[-84.397660209708363,33.648290756094937],[-84.397484948691442,33.648291569411654],[-84.395820827504423,33.648299282389381],[-84.394749832618274,33.648304233763973],[-84.393863036114354,33.648308327171854],[-84.393552114594698,33.648309761026034],[-84.389294260228269,33.648329313981932],[-84.385919411270493,33.648344707751193],[-84.385470270471828,33.648346749524556],[-84.380584614356934,33.648307809995238],[-84.379471399374623,33.64830757877197],[-84.375826464287584,33.648259244877124],[-84.37512663852003,33.648249952086495],[-84.371344723875595,33.648199665631196],[-84.370162191972597,33.648183918706998],[-84.370036680841565,33.648182247040403],[-84.369724085754441,33.648178082054862],[-84.369650801034695,33.648177105058608],[-84.369039383116416,33.648168934646456],[-84.366063442282311,33.648128997404626],[-84.365296413192226,33.648118686145089],[-84.361117283486479,33.648104167210484],[-84.361008233947771,33.648103785943789],[-84.360615347059948,33.648102413792621],[-84.36044256271812,33.648100512588258],[-84.36026972770965,33.648098610320062],[-84.359835968568319,33.648093836367394],[-84.359673762929489,33.648092050105895],[-84.359353022724846,33.6480885181102],[-84.354022740888894,33.648029700753],[-84.352608607250431,33.648014058221058],[-84.351776244883908,33.648006723307589],[-84.350226411329544,33.64799305094585],[-84.349877007368264,33.647992213980523],[-84.349895231586657,33.652770017384427],[-84.349905084770285,33.655352838837509],[-84.3499084205841,33.656227255668448],[-84.349894519673711,33.657812706201653],[-84.349861718135728,33.661553552403738],[-84.349856319241326,33.662169195902166],[-84.349848176123771,33.663097785737754],[-84.349842146624141,33.6637853309131],[-84.349834310046333,33.664679057922775],[-84.349824874080156,33.665762012291097],[-84.349788704153866,33.669913245739991],[-84.349735219477466,33.676015687849656],[-84.349697307793718,33.680340890857835],[-84.349668257345286,33.683654860065332],[-84.349645065247955,33.684733595444278],[-84.349610774648312,33.688720717440965],[-84.349579474876421,33.692389028071773],[-84.349557949271073,33.694911609480364],[-84.349553643215629,33.695416245019977],[-84.349542295032421,33.696746140129129],[-84.349541367274099,33.697300611810263],[-84.349541206788018,33.69739645263958],[-84.349539499640144,33.698328471098954],[-84.349538485656197,33.69888195273861],[-84.349536753209591,33.699827479738715],[-84.349535114405342,33.700721986717014],[-84.349534097176132,33.701277492381806],[-84.349530070097018,33.703475455397687],[-84.349528877656866,33.704126457126122],[-84.349528108084925,33.704546303293654],[-84.349527865442923,33.704678717391666],[-84.349529124357915,33.707389626415669],[-84.350133674742366,33.70736338069031],[-84.351217128475881,33.707629750893851],[-84.351723857847333,33.707593265348358],[-84.351720342426816,33.70727710890948],[-84.35185188180904,33.707278945943152],[-84.352890974700514,33.707161681637743],[-84.352848248390814,33.707004351798055],[-84.354970185034261,33.707341234565533],[-84.355029759564971,33.706959903640495],[-84.354853586964097,33.706770733711018],[-84.355448511449779,33.706621281569809],[-84.356959176371291,33.706606007780941],[-84.357448280830965,33.70711894502891]]]},"properties":{"OBJECTID":256,"LOCALID":null,"NAME":"Z","GEOTYPE":"NPU","FULLFIPS":null,"LEGALAREA":null,"EFFECTDATE":null,"ENDDATE":null,"SRCREF":null,"ACRES":6704.4200000000001,"SQMILES":10.48,"OLDNAME":null,"NPU":null,"CREATED_USER":null,"CREATED_DATE":null,"LAST_EDITED_USER":null,"LAST_EDITED_DATE":null,"GLOBALID":"{C99D0105-F3E6-4260-9282-7C71A1BB274C}","SHAPE.AREA":292043289.21164101,"SHAPE.LEN":79031.944374736806}},{"type":"Feature","id":257,"geometry":{"type":"MultiPolygon","coordinates":[[[[-84.415051505149719,33.722801696810215],[-84.416451156300496,33.723442998369904],[-84.417962763129864,33.72423831467259],[-84.418024972901193,33.722184404013134],[-84.418568832257861,33.72219084555018],[-84.418758240163015,33.722211418152668],[-84.419840351079571,33.722232565768579],[-84.420706440925343,33.722249338074647],[-84.421209989784927,33.722248301297782],[-84.422451050714557,33.722277342208422],[-84.422773971432036,33.722289020324538],[-84.423221239506987,33.721644674579203],[-84.423602608031388,33.721045448041259],[-84.423966374053506,33.720334951647317],[-84.424248203986693,33.719721845520347],[-84.424497646264427,33.719001967805639],[-84.424708398680309,33.71826808462783],[-84.426748337098076,33.711753510294493],[-84.4268589258227,33.711348939562598],[-84.42695139908993,33.71093512969717],[-84.428809101784481,33.699746435625237],[-84.429301985627404,33.699715444638038],[-84.429310017069028,33.699604880201392],[-84.42931602183539,33.699519943501109],[-84.429322359501953,33.699441603552472],[-84.429330285754702,33.699345053865962],[-84.429339027717376,33.699246441243837],[-84.429346187343427,33.699168099543016],[-84.429356523442337,33.699059492210417],[-84.429365321447065,33.698972931979618],[-84.429374126068907,33.698894931211029],[-84.429386921452391,33.698777759163704],[-84.429395726033249,33.698699757489635],[-84.429409779924825,33.698589212681661],[-84.429425428705514,33.69846609170154],[-84.429441512969376,33.69834925617932],[-84.429457597188033,33.698232419751385],[-84.429474665143474,33.698117701034484],[-84.429497089124581,33.697974342242745],[-84.429618707602643,33.697422711590882],[-84.42878116633868,33.697401857765151],[-84.428004199240661,33.697382507565699],[-84.427544691648379,33.697376951542836],[-84.427370204240546,33.697375292915105],[-84.423152296400602,33.697335124788381],[-84.422458080873128,33.697328499532219],[-84.421953697495923,33.697318793127728],[-84.419572739134892,33.697272946995213],[-84.418842817509315,33.697274438977821],[-84.418664859610445,33.697274802075491],[-84.41847374784787,33.697275191726291],[-84.41531393634493,33.697244146150538],[-84.415413560869709,33.69530435164387],[-84.415414733986239,33.694855693491121],[-84.415457651350067,33.692818896008113],[-84.415459564278663,33.692728094657703],[-84.415468660546338,33.69217670376878],[-84.415550863474436,33.692176881749859],[-84.415633049144077,33.692177059710978],[-84.416847077332932,33.692184913553994],[-84.416937285992873,33.689278772772369],[-84.416882236250757,33.68927836850726],[-84.416827147678788,33.689277964296259],[-84.416885199176406,33.686620263320876],[-84.416887878222838,33.685210512967636],[-84.416889771507357,33.684214496285009],[-84.416891059433496,33.683537026174292],[-84.416892762742691,33.682514506973341],[-84.416894660235684,33.681375840140063],[-84.415957175077139,33.681343693385273],[-84.415134934567448,33.681315493388112],[-84.415172209155614,33.680670643157114],[-84.415174275362631,33.680577222888779],[-84.41517428134452,33.68049008415467],[-84.415171124013654,33.680407430351181],[-84.415153412345916,33.68031095984179],[-84.415140890360306,33.680243307834736],[-84.415103463757987,33.68008913611704],[-84.415086807162723,33.680012217885313],[-84.415074257523557,33.679935291395061],[-84.415064173445444,33.679858016412354],[-84.41505652914401,33.679771803726439],[-84.415054661269295,33.679693825157692],[-84.415050980850353,33.679557105836437],[-84.415051597192289,33.679485649426987],[-84.415053858144773,33.67941453324574],[-84.41505716422084,33.679354315194963],[-84.41506331089893,33.679272290068269],[-84.415072913788691,33.679182264729917],[-84.415129181658102,33.67874414422144],[-84.415142112156673,33.678668197095597],[-84.415151073369117,33.678628094640452],[-84.415160773518423,33.678584680684871],[-84.415184054697789,33.678501778932755],[-84.41520879636397,33.678423465518513],[-84.41539049837931,33.677881345078703],[-84.415420654590775,33.677794370138749],[-84.415452455322153,33.677707735414465],[-84.415495701742103,33.677600465561987],[-84.415529161747145,33.677519323126383],[-84.417030753023923,33.677575378221427],[-84.417042155943079,33.677256555038383],[-84.417050399080097,33.676981709766402],[-84.418119580871561,33.676990875646389],[-84.418090361947989,33.673163264357434],[-84.416488070910248,33.673149122140003],[-84.414273926995335,33.67312954567609],[-84.413152937407773,33.67311961929623],[-84.412112939440476,33.673110401057087],[-84.408500200761353,33.67307831026946],[-84.406969855899334,33.67305327861186],[-84.405392016046733,33.673027449641864],[-84.403455196008764,33.672995716555242],[-84.402964591296183,33.672987674010365],[-84.40196776552169,33.672975147342278],[-84.400660304096448,33.672958048108413],[-84.399563218773096,33.672943287075007],[-84.399466263240015,33.672942782666816],[-84.399369280747294,33.672942278233336],[-84.399113718019706,33.672943446212059],[-84.399016751393631,33.672943628542079],[-84.398855825140956,33.672943529728265],[-84.39877515365157,33.672943395426586],[-84.398678184255743,33.672942546891164],[-84.39858121486138,33.672941698279658],[-84.39821469898574,33.672937232449456],[-84.398169951969336,33.672926700049445],[-84.398076237239238,33.672926647428696],[-84.398009432136959,33.672926134112188],[-84.397956035293447,33.67292572460692],[-84.397899181382641,33.67292504022646],[-84.39782362947669,33.672924216770255],[-84.397732817736369,33.672923314499627],[-84.39767831622062,33.675185016943828],[-84.397750587525962,33.675782633405646],[-84.397950333830551,33.677030324447919],[-84.398157888219529,33.678429499080821],[-84.398331138759872,33.679598569142811],[-84.398544014822832,33.681138581705561],[-84.398586761974926,33.681449057612518],[-84.398880948865141,33.683577049221846],[-84.39886945734726,33.684499462432385],[-84.398659647110946,33.685941844053588],[-84.398846426969996,33.686938260124769],[-84.399314216012684,33.687903400231072],[-84.399592291397681,33.688309278168177],[-84.399876972447728,33.688725449003037],[-84.400117784914457,33.689027305184375],[-84.400515291841003,33.689524335313465],[-84.401355036556296,33.690486642895145],[-84.40430689772225,33.694369562713518],[-84.404573916399769,33.69489078553616],[-84.404957844956229,33.696080792043801],[-84.404910162966203,33.697002463899082],[-84.404879136571054,33.697140742348111],[-84.404471433028363,33.699003811388607],[-84.404040866494825,33.701529546084338],[-84.403967530446138,33.703146862386639],[-84.403824831438897,33.704589468342633],[-84.403814262712444,33.704700717644656],[-84.403579188183414,33.705611362047485],[-84.403109100519245,33.707460817834402],[-84.402443960673438,33.709239188920478],[-84.401855219143755,33.710704451204897],[-84.401741858415804,33.711039612427996],[-84.400946364578189,33.712367850191853],[-84.399115169031234,33.714694626152614],[-84.398638271121669,33.715899606418908],[-84.398095595473805,33.717414576059952],[-84.397464012477926,33.718588064768554],[-84.396594318623855,33.719698952207722],[-84.396995520631123,33.719805010798702],[-84.397886780440132,33.720006603084542],[-84.398705902601435,33.720133891553459],[-84.402474774315735,33.720289931295781],[-84.40607225433952,33.720406110465696],[-84.407819647148571,33.720477143021995],[-84.408446746660275,33.720536035158219],[-84.409509398670735,33.720760109078448],[-84.409896909165113,33.72089676034134],[-84.410978751695197,33.721312634351186],[-84.415051505149719,33.722801696810215]]],[[[-84.421355022322032,33.658880260502158],[-84.42271970926987,33.658905512982159],[-84.425819908365469,33.65896282491402],[-84.426899639618426,33.658982766547886],[-84.426827442349889,33.657652746230625],[-84.426874201270977,33.65759560197823],[-84.426872116673053,33.657481915026175],[-84.428424520262524,33.65747296980841],[-84.428431081809407,33.656790863767156],[-84.428430724697634,33.656607752833203],[-84.428429600527906,33.656030278139866],[-84.428428026661877,33.654967722938814],[-84.428425734779211,33.653506978657809],[-84.428425577619961,33.653411972862152],[-84.428417886959195,33.648771718795153],[-84.423255665772132,33.648776560952015],[-84.423080043192726,33.648776721526289],[-84.419066758394337,33.648780250356971],[-84.418983710180086,33.6487803215865],[-84.418996347577732,33.650177631150875],[-84.418993448308882,33.650672683337575],[-84.419016312628429,33.654689180266253],[-84.419021022959967,33.655516535577647],[-84.419189903996411,33.655644354813809],[-84.420643191211255,33.656652112979714],[-84.421464354624575,33.657226938277979],[-84.421102063048693,33.657797611889777],[-84.42072691838851,33.658535565759763],[-84.420560463049597,33.658863000497014],[-84.420686893775397,33.658862740763979],[-84.420900612019594,33.658862301417741],[-84.421355022322032,33.658880260502158]]]]},"properties":{"OBJECTID":257,"LOCALID":null,"NAME":"X","GEOTYPE":"NPU","FULLFIPS":null,"LEGALAREA":null,"EFFECTDATE":null,"ENDDATE":null,"SRCREF":null,"ACRES":2789.2200000000003,"SQMILES":4.3600000000000003,"OLDNAME":null,"NPU":null,"CREATED_USER":null,"CREATED_DATE":null,"LAST_EDITED_USER":null,"LAST_EDITED_DATE":null,"GLOBALID":"{7BC9295C-C463-413F-A45F-3B932683AEE6}","SHAPE.AREA":121497990.622284,"SHAPE.LEN":70699.728251003995}},{"type":"Feature","id":268,"geometry":{"type":"Polygon","coordinates":[[[-84.464587569315995,33.827423723450757],[-84.464669945104731,33.827438983073314],[-84.464798398408107,33.827457171592457],[-84.464898650861656,33.827473052353291],[-84.465050540722899,33.827514669004444],[-84.465413750150447,33.827561883246197],[-84.465520825297276,33.827577770414507],[-84.465637678024706,33.827594063869043],[-84.465710986166755,33.827602641067848],[-84.46583459277953,33.827611018670197],[-84.465953151294329,33.827614853303643],[-84.466075021871077,33.827624176192479],[-84.466212552887029,33.827638957333008],[-84.46629737007386,33.82764596532013],[-84.466394525920606,33.827649851529415],[-84.466511422473175,33.827649223831571],[-84.466615140248308,33.827646566924187],[-84.466838199016379,33.827636061935401],[-84.466921304836305,33.827624179747431],[-84.467038154496038,33.827610154163736],[-84.467152534447663,33.827596134487194],[-84.46726033218448,33.827583161326089],[-84.46734837855405,33.827571953859078],[-84.467430585805587,33.827561734343902],[-84.467532128005701,33.827551170963368],[-84.467627400574713,33.827539901486723],[-84.46772070087907,33.827523222390191],[-84.467824618683707,33.827504644583996],[-84.467960397682944,33.827480371620887],[-84.468248648292146,33.827428839662204],[-84.46837749014108,33.827405805831766],[-84.468434233940457,33.827409015690037],[-84.468481684054069,33.827387178108182],[-84.46890090254999,33.8273122311656],[-84.469422061452534,33.827149740089965],[-84.469917219905724,33.826974110711177],[-84.470719177529375,33.826547193908119],[-84.471412822172852,33.825991694009744],[-84.47144692863759,33.825964380127211],[-84.471867596578036,33.825627485234712],[-84.474084215033997,33.823699255216852],[-84.475927954323467,33.822059188530083],[-84.476833065475958,33.821254028857616],[-84.476872732530197,33.821223339959168],[-84.477353538445698,33.82085135433104],[-84.477391897339132,33.820821676596879],[-84.477495638508373,33.820731420411221],[-84.477569479990166,33.820667177073815],[-84.477644988470672,33.820623897192867],[-84.477701819331031,33.820552039915405],[-84.477780036911497,33.820483988596692],[-84.477927098638574,33.820356041382958],[-84.478009923697996,33.820272332981986],[-84.478086627575621,33.820194810825086],[-84.47815776676066,33.820122912696412],[-84.478218906863773,33.820061120153085],[-84.478296854576428,33.819982338733311],[-84.478359584196298,33.819918940785342],[-84.478416019455594,33.819861901773479],[-84.478478908190539,33.819798341967861],[-84.478572996791812,33.819703247613006],[-84.478610108231379,33.819616764638056],[-84.478693124185824,33.819581835977118],[-84.478745325912243,33.81952907590113],[-84.478779096335444,33.819490892423424],[-84.47881152389094,33.819448819942288],[-84.478858257901607,33.819390891913734],[-84.478901289895674,33.819330900362019],[-84.47895783329929,33.819261021429149],[-84.478982353145696,33.81922694125209],[-84.479011069059581,33.819187028534699],[-84.479092144123939,33.819072429031891],[-84.479174938967134,33.818978093150371],[-84.479224914297774,33.818913039196921],[-84.479257590985455,33.818844251182874],[-84.479298519165098,33.818781282185824],[-84.479359969454279,33.818702802476217],[-84.479424574632262,33.818586526873858],[-84.479493510401582,33.818479769717868],[-84.479540032607247,33.81842031007055],[-84.4795859041852,33.818358702538916],[-84.479642388838485,33.818273021236777],[-84.479684102056041,33.818199744334684],[-84.479730757745671,33.818127485450589],[-84.479757908889809,33.818078119191391],[-84.479789868106764,33.818047720307597],[-84.479839823372714,33.81795994925006],[-84.479950231180339,33.817895189648674],[-84.480039103599992,33.817810657533741],[-84.480106323187073,33.817734567467916],[-84.48018446167832,33.817657904115812],[-84.480551560245033,33.817297733226823],[-84.480632889363534,33.817217938175574],[-84.480684550243666,33.817164215688642],[-84.480739665068398,33.817092021435734],[-84.480769517782832,33.817061798070128],[-84.480854006927885,33.816997881778065],[-84.480920007180131,33.816950286296397],[-84.481008695532267,33.81689303496546],[-84.481113748091971,33.816808946816764],[-84.481198798644428,33.816745084758068],[-84.481276301720499,33.816692763090607],[-84.48133827811715,33.816641151810785],[-84.481457577636704,33.816554287826698],[-84.48154965444715,33.816488354550302],[-84.481625240053802,33.816449686634613],[-84.481688836731152,33.816403178849669],[-84.48176729631885,33.816328776791167],[-84.481868851284943,33.816254832304303],[-84.481942199360589,33.816201425338576],[-84.482005114470226,33.816155615200685],[-84.482044532925883,33.816088942479389],[-84.482152001960074,33.816048662621903],[-84.482221797737211,33.815997842373854],[-84.482288825780103,33.815949037128419],[-84.482362620425661,33.815895305078968],[-84.482431500228685,33.815845151567416],[-84.482517786246788,33.815782324125543],[-84.482594017501896,33.815726816673056],[-84.48265912641557,33.815679408278719],[-84.482760526865917,33.815605574352738],[-84.4828371693458,33.815549768153154],[-84.482921460367933,33.815500640603517],[-84.483025754537138,33.815435103174849],[-84.483118393427077,33.815364643736253],[-84.483209680722581,33.815312335073806],[-84.483275305032961,33.815251362509791],[-84.483349174204662,33.815194147529581],[-84.483413112135494,33.815147241252731],[-84.483493398840665,33.815088340763047],[-84.483573709071209,33.815034677807283],[-84.483652883473439,33.814981773295379],[-84.483712961670363,33.814944270103531],[-84.483754193649645,33.814919057848726],[-84.483839960870213,33.814866612335173],[-84.483903033898272,33.814831346441579],[-84.484017865458057,33.814767139845941],[-84.484120504460577,33.814704324203021],[-84.484420761118614,33.814497811330163],[-84.484493869302682,33.814457773029638],[-84.484542379201287,33.814430536501838],[-84.484584223030069,33.81440704182635],[-84.484674887899061,33.814360147149443],[-84.485620169583456,33.813871213773957],[-84.486791219115233,33.813590610844656],[-84.487711169757503,33.813436539908302],[-84.487887032148407,33.813407086088041],[-84.488120510495676,33.813367983060346],[-84.488553170319918,33.813273436340957],[-84.489158525931657,33.813141149234959],[-84.488201867861648,33.811550116857646],[-84.48656528989585,33.80883924505109],[-84.486187685167863,33.80800098671898],[-84.485080210165393,33.806820947805413],[-84.483928816997093,33.806122545801657],[-84.482349815599918,33.805704344728774],[-84.481325550194029,33.805671338566114],[-84.479170638783486,33.805869889282],[-84.475836328573692,33.806050055356344],[-84.473844323072655,33.806162383484065],[-84.471116828330764,33.806476829791237],[-84.47023308613727,33.806469013005866],[-84.462841229652781,33.80699672090072],[-84.461601838013308,33.80707093483214],[-84.460171377115685,33.806967375463927],[-84.459357253288871,33.806683838083423],[-84.458350886093285,33.806257842809323],[-84.457342860117777,33.805581411994439],[-84.455562935649112,33.804192588342154],[-84.436588497662541,33.789252572358173],[-84.434812729276459,33.788452587386274],[-84.433787823019671,33.788043262712442],[-84.432738149245822,33.78767967033906],[-84.431833276032151,33.787422255279751],[-84.431027227008258,33.787265618296068],[-84.430325052199748,33.787171963336398],[-84.42880166262465,33.787072836717805],[-84.428331967497115,33.787033187307131],[-84.427702060408606,33.786980010480121],[-84.426788365373525,33.786868232131987],[-84.424165922618386,33.786577001621801],[-84.422228373223334,33.786138199034802],[-84.418997407207485,33.785278529018676],[-84.4177030978977,33.785013397022141],[-84.417477230341788,33.78499440413043],[-84.417432401234677,33.784969464540289],[-84.417041096776799,33.784905957977784],[-84.41608486765108,33.785010953086029],[-84.415276273128171,33.785190074625518],[-84.414122112242453,33.785616080744255],[-84.413870229619604,33.785703404575187],[-84.413270229350218,33.785922905380694],[-84.412011218291624,33.78637476851894],[-84.411686228660912,33.786491405207109],[-84.411444861510091,33.786583532442265],[-84.410779728175257,33.786837404902059],[-84.410432341746855,33.787005653351649],[-84.409682232289811,33.787368945140294],[-84.409520227783148,33.787447405567903],[-84.40914708895599,33.787671406795972],[-84.408882228211667,33.787830405452965],[-84.408282228036327,33.788212405238795],[-84.407917958301155,33.788435718149877],[-84.407664684560146,33.788590984847957],[-84.407778227268125,33.789308405701377],[-84.407828227176566,33.78974040543509],[-84.407856378587084,33.78979817498729],[-84.407838034820927,33.789902232327485],[-84.407860227274142,33.790268405545454],[-84.407862668911363,33.790803332150432],[-84.407863512214476,33.790988150557581],[-84.407864214444643,33.791141913732432],[-84.407863238014002,33.791534647862377],[-84.407887333252177,33.792033457948548],[-84.40790447073816,33.792357796284733],[-84.407859212132053,33.793166317632803],[-84.407857713867543,33.793750740486111],[-84.407857196198265,33.793957396693678],[-84.407880771066118,33.795855229897683],[-84.407897347607204,33.796146004363976],[-84.407850253329059,33.797283356336415],[-84.407849020018006,33.797868660995576],[-84.407847937168697,33.798384389628417],[-84.407871931346435,33.798571528472479],[-84.407847227443114,33.798722408066638],[-84.407846228250861,33.799256407459495],[-84.407839728006053,33.800176407610159],[-84.407835665049959,33.800269608972961],[-84.407816230892863,33.800715395493057],[-84.407843384530622,33.801303666657802],[-84.407841831017635,33.801630021970183],[-84.407829364539992,33.801967823375897],[-84.407817393850465,33.802292197359293],[-84.407820191611833,33.802510306739926],[-84.407822139226184,33.802662125946284],[-84.407823891944034,33.802798750966602],[-84.407836997905676,33.802840968431404],[-84.40783646552363,33.802923778578389],[-84.40810485111966,33.80301936381229],[-84.409045708157578,33.803354441028034],[-84.410027056144344,33.803769990640411],[-84.411328898596523,33.804335191839584],[-84.413281861373719,33.805241413864586],[-84.414362230803761,33.805977409580301],[-84.414854231094949,33.806273408723349],[-84.415252033174795,33.806533818400531],[-84.415680124253115,33.806826547377739],[-84.415776111793321,33.806908742441735],[-84.416008275212633,33.807110567728976],[-84.416362404090535,33.807371289256494],[-84.416496946817105,33.807504649880691],[-84.417000216184007,33.807921703241718],[-84.417182594152578,33.808088287262677],[-84.41741325776384,33.808316557284478],[-84.417740747795079,33.80870874478704],[-84.417963810977156,33.808982619160659],[-84.418352188624866,33.809509486055092],[-84.418745232166359,33.810204409873023],[-84.419080929018946,33.810183029707979],[-84.419364836086885,33.810165959113753],[-84.420106286083168,33.810120809988973],[-84.420363827467924,33.810094515130203],[-84.420885516641164,33.810049126058701],[-84.420984268374454,33.810043769590216],[-84.421432768912211,33.810020171290226],[-84.42193236609836,33.810019138421374],[-84.42220393227862,33.810004147995677],[-84.422297517997166,33.810002923503824],[-84.422406474020875,33.81002674455636],[-84.422494604603955,33.810047860488751],[-84.422667577757764,33.81009147309657],[-84.422768896859125,33.810119089377523],[-84.42287682819827,33.810155622644615],[-84.423092746382352,33.810247926297471],[-84.423161160819831,33.810281449713322],[-84.423350763265262,33.810380678171398],[-84.423459607476616,33.810447439411242],[-84.423531390434022,33.810506376612686],[-84.423575969287029,33.810550942296317],[-84.423643659692345,33.810617446452511],[-84.424054762313361,33.811022639217754],[-84.424181874911653,33.811142608382816],[-84.424220628097913,33.811165543784632],[-84.424283285310182,33.811200109172283],[-84.424334387163142,33.811223878015376],[-84.424441515508292,33.811266422851432],[-84.424500052017351,33.811280434707022],[-84.424599609817847,33.811287734567436],[-84.425203722404987,33.811279255766607],[-84.42558479128148,33.811273990611063],[-84.425886023351623,33.811269579136727],[-84.4260284102767,33.81126756219065],[-84.42650248168286,33.811261068030191],[-84.426679507081388,33.811258416537534],[-84.426627754518833,33.811315424874422],[-84.426473431662203,33.81145316172887],[-84.4262345580442,33.811665620801833],[-84.426026877176696,33.811850531663573],[-84.425984196423954,33.811890470532056],[-84.425667833047456,33.812200482637657],[-84.425628882247381,33.812248829509933],[-84.42557650116872,33.812347188187346],[-84.425519310819624,33.812488498707125],[-84.425493333277203,33.812608444131996],[-84.42549110714755,33.812689177639271],[-84.425496252559668,33.812757872233746],[-84.425503051394216,33.812828968947912],[-84.425522003289586,33.812972523440692],[-84.425538360783435,33.81307451661278],[-84.425550041288162,33.813126708192023],[-84.425561733190591,33.813182678541978],[-84.425584989743882,33.813252365692144],[-84.425605702548381,33.813297325140297],[-84.425637149694253,33.813353597534402],[-84.425677665366422,33.813414660254125],[-84.425727243897029,33.813478624354978],[-84.425805683522228,33.813560046773837],[-84.425838693166497,33.813588490151538],[-84.425915402357418,33.813641919142967],[-84.425984675821809,33.813686088492751],[-84.426107556232736,33.813764842176504],[-84.42617023269635,33.813804902973892],[-84.426528892385065,33.814007172255494],[-84.42657835505041,33.814032145498864],[-84.426629449347658,33.814052649433968],[-84.426677237772452,33.814068694467359],[-84.426762925039981,33.814096683010597],[-84.426845295015383,33.814116433846763],[-84.42694002708798,33.814141311445425],[-84.427182460214183,33.814286455926009],[-84.427392749455151,33.814417582373139],[-84.427488420844043,33.8144805890418],[-84.427638526560258,33.814579550791223],[-84.42778042669093,33.8146864317454],[-84.42789967195823,33.81478717613313],[-84.427969441432126,33.814858481922641],[-84.428165978822776,33.815067961177682],[-84.428357601572046,33.815284663698115],[-84.428402225170089,33.815342281512713],[-84.428434851488262,33.815379485380461],[-84.428501278685161,33.815434136453767],[-84.42854706070068,33.815466674300566],[-84.428766748422788,33.815573732439724],[-84.429283572588574,33.815812414777142],[-84.429394000989106,33.815855120446386],[-84.42953079330357,33.815905670947004],[-84.429688632497729,33.815974899974066],[-84.429799548073134,33.816042165949391],[-84.429936540914667,33.816157642119634],[-84.430014968550466,33.816233050568201],[-84.430082663152021,33.816297832560544],[-84.43018832979206,33.816397916641954],[-84.43024942284589,33.816457217119186],[-84.430353536400474,33.816587534723361],[-84.430456861976083,33.816728846775227],[-84.430523024978683,33.816830732675584],[-84.430570224651476,33.816922354216558],[-84.430590158978319,33.816980711095788],[-84.430611863038223,33.817079256803495],[-84.430636092456339,33.817196004013638],[-84.430670300790624,33.817345709316974],[-84.430738717816439,33.817645118079334],[-84.430754546276432,33.817706575454892],[-84.430795353811988,33.817860732425771],[-84.43083471483132,33.818079818103875],[-84.430833226979331,33.818131350280893],[-84.430822683580061,33.818182558325944],[-84.43080637293977,33.818232061989761],[-84.430742698366274,33.818344204238976],[-84.431686815275881,33.818326565389796],[-84.432400065891784,33.818155432280761],[-84.432542978713869,33.818424827810787],[-84.432697847256748,33.818728687979892],[-84.432822264079363,33.818900869877147],[-84.432882949690068,33.81896034030634],[-84.432943203055203,33.819013113321567],[-84.433050476863741,33.819098419778712],[-84.433103277405863,33.819136438072043],[-84.433204727703639,33.819201832434864],[-84.433343283681239,33.819287758078552],[-84.433500798979154,33.819382230710161],[-84.433594815929609,33.819439396193815],[-84.433663269533582,33.819481501781958],[-84.433777087113754,33.819553053272926],[-84.433936255014572,33.819649239394977],[-84.4340970599484,33.819742330021256],[-84.434205897619961,33.819800149949153],[-84.43438231517716,33.819884274643101],[-84.434563654854699,33.819962891967876],[-84.434630415894162,33.819990229052152],[-84.434770524407,33.820044889695637],[-84.434922157235832,33.820099867738357],[-84.434987251803989,33.820120681250422],[-84.435052333526713,33.820137372438623],[-84.43514706170042,33.8201581213766],[-84.435363673691654,33.820196468136587],[-84.435589348097508,33.820237542966879],[-84.435877648171044,33.820299092285325],[-84.436071226475079,33.820342297445663],[-84.43614871948111,33.820379229000856],[-84.436254248377494,33.820431557916258],[-84.436414180192685,33.820507128462182],[-84.436459541219861,33.820534854880961],[-84.436551152343441,33.820611260832877],[-84.436720810760946,33.820769770865468],[-84.436783993627174,33.820836791458632],[-84.436916919021712,33.820962231815031],[-84.436952427364275,33.820997880745331],[-84.437006502828652,33.821048089289441],[-84.437057659985967,33.821086452096814],[-84.43710179056481,33.821115382864491],[-84.43714796556462,33.821140015503751],[-84.437220515359712,33.821175239586722],[-84.437297175623655,33.821208736975123],[-84.437374654781848,33.821240858412693],[-84.437450482252615,33.821270922269555],[-84.43778343098279,33.82139386118903],[-84.437860074309938,33.821421861841024],[-84.437975452057287,33.821463861821172],[-84.438455916618423,33.821639376468141],[-84.43881959138551,33.821767416687848],[-84.438603917296732,33.821325066255156],[-84.438511329344252,33.82120091383505],[-84.438373132030875,33.820971055712519],[-84.438219467649461,33.819753590366822],[-84.43809337377435,33.819705774231949],[-84.437770192279515,33.818608426586501],[-84.437483251561048,33.818251215957169],[-84.43762514184651,33.817928847746302],[-84.437552636303806,33.817595021665419],[-84.437195224186326,33.817548093808597],[-84.437037428751239,33.817357591420404],[-84.436688103240954,33.817183768542286],[-84.436722051178165,33.815827690927094],[-84.439442755172024,33.817864853035232],[-84.440394400943134,33.818575740669161],[-84.440906687814191,33.818902848041162],[-84.44204343367241,33.819433294195839],[-84.444132194003188,33.816830673677245],[-84.444201855785593,33.816838206168555],[-84.444281666869301,33.816841584441747],[-84.44443885697703,33.816832813681962],[-84.444537608236089,33.816825377186866],[-84.444602601496939,33.816814924048479],[-84.444736643553512,33.816775459896775],[-84.444835310204539,33.816741915338369],[-84.444882990030578,33.816722913836948],[-84.444933944517715,33.816698408504728],[-84.445007894005329,33.816657361987026],[-84.445085112559113,33.81660943751497],[-84.445142180198786,33.816566367864326],[-84.445242713811567,33.816474075727385],[-84.445313256344591,33.816398169228215],[-84.445497253509984,33.816118171488739],[-84.44555747907242,33.816142643005534],[-84.445624244494468,33.816171176938091],[-84.445718922130908,33.81622150986054],[-84.445815600644579,33.816272905728113],[-84.445961617937698,33.816350531347013],[-84.446251653615903,33.816504719045177],[-84.446397671697568,33.816582345042541],[-84.446652477140944,33.816723127593079],[-84.446907282339822,33.816863910513838],[-84.447073874043213,33.816961609148322],[-84.447240465044374,33.817059307556782],[-84.447332832720477,33.817113545897278],[-84.44742520051588,33.817167785069167],[-84.447991275301803,33.817471547591772],[-84.448557354075874,33.817775306579229],[-84.448603736615439,33.817800192334531],[-84.4490067507258,33.818014575827753],[-84.449394305118247,33.818220663141105],[-84.450118782906742,33.818629171659403],[-84.450843268647176,33.819037675857054],[-84.451056027057973,33.819154327931827],[-84.451268786047876,33.819270980535975],[-84.451886879331269,33.819614625311047],[-84.452504978626294,33.8199582669412],[-84.452695902302281,33.820067237869367],[-84.452886826461352,33.82017620849755],[-84.452996928536493,33.820238989547171],[-84.453107029694905,33.820301771401098],[-84.454020293951572,33.820784019816891],[-84.45493356951043,33.821266261376145],[-84.455491694113633,33.821637853660654],[-84.456049823540951,33.822009444273235],[-84.456153381438611,33.822083402877055],[-84.456256940594685,33.822157361389557],[-84.456377460764571,33.822257044428511],[-84.456497981217169,33.822356728248273],[-84.456579721740283,33.822429534965927],[-84.456661462405023,33.822502342529461],[-84.456699029938179,33.822535747528342],[-84.456736597503621,33.822569153417149],[-84.456801835961926,33.822630147597565],[-84.456877400858261,33.82270228249098],[-84.456908383145105,33.822735702920468],[-84.456981125725946,33.822825192906897],[-84.45705386845566,33.822914681946692],[-84.457123754015925,33.82301121950389],[-84.457193639736815,33.823107757920759],[-84.457266867726148,33.823218887825824],[-84.457340096989014,33.823330018583469],[-84.457423355293599,33.823485955344104],[-84.457506613899085,33.823641891141335],[-84.457742017011057,33.824125028463165],[-84.457994896942296,33.824619958970629],[-84.458113124313627,33.824588955244934],[-84.458211081007676,33.824587693133104],[-84.458322215727691,33.824588117408673],[-84.45842606311858,33.824624629047399],[-84.458538887548286,33.824638103115412],[-84.458624183533118,33.824650993070698],[-84.458739832468538,33.824662704769274],[-84.458837024367966,33.824678276741594],[-84.458949834904075,33.824687628154969],[-84.459079180710063,33.824717895340839],[-84.459192090754243,33.824756445999192],[-84.459262213387447,33.824800594491556],[-84.459375938534819,33.824836394839366],[-84.459434563488472,33.824888471617534],[-84.459526595377,33.824949764075335],[-84.459591328318893,33.824992875664847],[-84.459694598290994,33.825053951956889],[-84.459763726115355,33.825094836774142],[-84.459810436230228,33.825162953960472],[-84.459849805409547,33.825231011940652],[-84.459927433744298,33.825303311327225],[-84.460010786692209,33.825383470191049],[-84.460080999815318,33.825434860891093],[-84.460134701641522,33.825491414878307],[-84.460205667343672,33.825541057233245],[-84.46028812863338,33.825582084030927],[-84.460669431805556,33.825868020574049],[-84.460800583716988,33.825942017613478],[-84.460883521329748,33.825988811581567],[-84.460981864141544,33.826044297530764],[-84.461083521478315,33.826101653609136],[-84.461177375177456,33.826113803651765],[-84.461238745205165,33.826189231853597],[-84.461326002199471,33.826238462261166],[-84.461428108202398,33.826252332564337],[-84.461501430065255,33.826337439148574],[-84.461573427177555,33.826378060010981],[-84.461682412701293,33.826424561224464],[-84.46177941895256,33.826432531365441],[-84.461869268328272,33.826467012425034],[-84.461984382592846,33.826505568753639],[-84.462070386096428,33.826540045350804],[-84.462169314685283,33.826581374957435],[-84.462251382623023,33.826613645522329],[-84.462348195645021,33.826651712502922],[-84.462433990912771,33.826704067110349],[-84.462486728918336,33.826767738128368],[-84.462567060382696,33.826802013391244],[-84.462613648502725,33.826821890108164],[-84.462673528291759,33.826854980932751],[-84.462755770664359,33.826900429145802],[-84.462885826868956,33.826909785128265],[-84.462983878437228,33.826942799433795],[-84.463111669134349,33.826990314520081],[-84.463273139575946,33.827024622362934],[-84.46338859135281,33.827007866212618],[-84.46352407855241,33.826982795469512],[-84.463592631112832,33.827047556795208],[-84.463716700901287,33.827142047662129],[-84.463790584877913,33.827157351771291],[-84.463919251948681,33.82722780889889],[-84.464019831028992,33.827269820084432],[-84.464104745226123,33.827304998456462],[-84.464204494016585,33.827344606812922],[-84.464286083340539,33.827370517887033],[-84.464370112612244,33.827387834874095],[-84.464501089360283,33.827411908942267],[-84.464587569315995,33.827423723450757]]]},"properties":{"OBJECTID":268,"LOCALID":null,"NAME":"D","GEOTYPE":"NPU","FULLFIPS":null,"LEGALAREA":null,"EFFECTDATE":null,"ENDDATE":null,"SRCREF":null,"ACRES":4150.5600000000004,"SQMILES":6.4900000000000002,"OLDNAME":null,"NPU":null,"CREATED_USER":null,"CREATED_DATE":null,"LAST_EDITED_USER":null,"LAST_EDITED_DATE":null,"GLOBALID":"{C4CD188E-4369-4A79-971C-C727C591268C}","SHAPE.AREA":180797877.12326199,"SHAPE.LEN":71034.549110224805}},{"type":"Feature","id":269,"geometry":{"type":"Polygon","coordinates":[[[-84.387856650385373,33.812709217824136],[-84.387946752722925,33.813178658946626],[-84.388333362579203,33.813721769346991],[-84.388925936761169,33.814017511430897],[-84.389578538297513,33.814288407313768],[-84.390111790916691,33.814559173364344],[-84.390290304233133,33.81483629087802],[-84.390290809821934,33.815030583882695],[-84.389700675458769,33.815679417494223],[-84.388813435666933,33.816348492785579],[-84.388518453293088,33.816868437598096],[-84.388402763435195,33.817186918513798],[-84.388638579771111,33.817486228460098],[-84.389184846967694,33.817642379348449],[-84.389208994884356,33.817592904854223],[-84.389370730705764,33.817393818061696],[-84.389416020607044,33.817338068664732],[-84.389451517038651,33.817294374814168],[-84.389752525106701,33.816923847587184],[-84.38980653212576,33.816857367117159],[-84.39001816306282,33.816591100414328],[-84.390311952466561,33.816248757691604],[-84.390798546087751,33.815855841463701],[-84.390949823945462,33.815721309581178],[-84.39111450994605,33.81562276665781],[-84.391189249908081,33.81556010869059],[-84.391379740636012,33.815379065611069],[-84.391418322632973,33.815339146164959],[-84.391460172772568,33.815289945517442],[-84.391601413041997,33.815113542448174],[-84.391690687727049,33.814992030669288],[-84.391727556614882,33.814926692338361],[-84.391808594823985,33.814752965845372],[-84.392208029176288,33.813900040706919],[-84.392263600272244,33.813747756521394],[-84.392283523587537,33.813693605976432],[-84.392424602362581,33.813310150872177],[-84.392445807795738,33.81323591017248],[-84.392458744387142,33.813147255558867],[-84.392463483461853,33.813071327359658],[-84.392468240579802,33.813002269671578],[-84.392469764007103,33.812955547174724],[-84.392462042136188,33.812836013820714],[-84.392446188704369,33.812754283349221],[-84.392431249530802,33.812707247456565],[-84.392388143959181,33.81259155675022],[-84.392314482691376,33.812436760718064],[-84.392244866009392,33.812327715798972],[-84.39223264505857,33.812283691816575],[-84.392233576267813,33.812121576780854],[-84.392226245992703,33.812059728219225],[-84.392220882893326,33.811897936657303],[-84.392238474289641,33.811774849572267],[-84.392275935880591,33.811589919169926],[-84.392768874935555,33.811563347601918],[-84.393238912485714,33.811529086317321],[-84.393704837417587,33.811453082773298],[-84.394244714467874,33.81135189240775],[-84.394914381861895,33.811158613354088],[-84.3954539222226,33.810932173299761],[-84.396093129407987,33.810571951272202],[-84.396709173519255,33.810154992432729],[-84.398665605123114,33.808648392263748],[-84.40429025557404,33.801888667607628],[-84.40613174538916,33.80231928802133],[-84.40783646552363,33.802923778578389],[-84.407836997905676,33.802840968431404],[-84.407823891944034,33.802798750966602],[-84.407822139226184,33.802662125946284],[-84.407820191611833,33.802510306739926],[-84.407817393850465,33.802292197359293],[-84.407829364539992,33.801967823375897],[-84.407841831017635,33.801630021970183],[-84.407843384530622,33.801303666657802],[-84.407816230892863,33.800715395493057],[-84.407835665049959,33.800269608972961],[-84.407839728006053,33.800176407610159],[-84.407846228250861,33.799256407459495],[-84.407847227443114,33.798722408066638],[-84.407871931346435,33.798571528472479],[-84.407847937168697,33.798384389628417],[-84.407849020018006,33.797868660995576],[-84.407850253329059,33.797283356336415],[-84.407897347607204,33.796146004363976],[-84.407880771066118,33.795855229897683],[-84.407857196198265,33.793957396693678],[-84.407857713867543,33.793750740486111],[-84.407859212132053,33.793166317632803],[-84.40790447073816,33.792357796284733],[-84.407887333252177,33.792033457948548],[-84.407863238014002,33.791534647862377],[-84.407864214444643,33.791141913732432],[-84.407863512214476,33.790988150557581],[-84.407862668911363,33.790803332150432],[-84.407860227274142,33.790268405545454],[-84.407838034820927,33.789902232327485],[-84.407856378587084,33.78979817498729],[-84.407828227176566,33.78974040543509],[-84.407778227268125,33.789308405701377],[-84.407664684560146,33.788590984847957],[-84.407917958301155,33.788435718149877],[-84.408282228036327,33.788212405238795],[-84.408882228211667,33.787830405452965],[-84.40914708895599,33.787671406795972],[-84.409520227783148,33.787447405567903],[-84.409682232289811,33.787368945140294],[-84.410432341746855,33.787005653351649],[-84.410779728175257,33.786837404902059],[-84.411444861510091,33.786583532442265],[-84.411686228660912,33.786491405207109],[-84.412011218291624,33.78637476851894],[-84.413270229350218,33.785922905380694],[-84.413870229619604,33.785703404575187],[-84.414122112242453,33.785616080744255],[-84.415276273128171,33.785190074625518],[-84.41608486765108,33.785010953086029],[-84.417041096776799,33.784905957977784],[-84.417432401234677,33.784969464540289],[-84.417477230341788,33.78499440413043],[-84.4177030978977,33.785013397022141],[-84.418997407207485,33.785278529018676],[-84.418669378193158,33.78502011752456],[-84.418025468859867,33.784581369841966],[-84.417309371257929,33.783912877117977],[-84.416484982507001,33.783144874212212],[-84.415870230423849,33.782572403541842],[-84.413322069592951,33.780202397377245],[-84.41307503118027,33.779964868654567],[-84.410928888273915,33.777901266659583],[-84.409568586334913,33.776593210511315],[-84.409017503710785,33.775888844660223],[-84.408497812045084,33.775078596918043],[-84.408428502081534,33.774773823018684],[-84.408279796836737,33.774555286105461],[-84.408107761496765,33.77423133025929],[-84.406918317750254,33.772877151572345],[-84.405913441055915,33.772244199123953],[-84.405067842629791,33.771928382686951],[-84.404275507639028,33.771780002887319],[-84.403335616650963,33.771728899869061],[-84.402237053775025,33.771572275653632],[-84.40115908421771,33.771221603024799],[-84.400442230430926,33.770816283488173],[-84.400253834171792,33.770681971202961],[-84.400108144168541,33.770762825719721],[-84.399487643118704,33.77102185864787],[-84.39919568212629,33.771154203582753],[-84.399073706891144,33.771199438404061],[-84.399013529816671,33.771236771914211],[-84.398569939395387,33.77131873508349],[-84.398490957238991,33.771337438567599],[-84.398055476153814,33.771380048271183],[-84.396835399478704,33.771372710839771],[-84.396721870144802,33.771373609571576],[-84.396368762740138,33.771354144187093],[-84.39622528885323,33.771355272208751],[-84.396166846007986,33.77135354333064],[-84.396000544068968,33.771348621974759],[-84.395668139999856,33.771338786334702],[-84.39552120640279,33.771334437910731],[-84.39509455600448,33.771331719975947],[-84.394899483682863,33.771330475926163],[-84.394664050148236,33.77132898334397],[-84.394527621235,33.771328164136278],[-84.393746878262405,33.771323478177571],[-84.393407205266442,33.771321438294855],[-84.39317660521742,33.771307170203222],[-84.39290620503975,33.771290438296077],[-84.392736505654497,33.771291240655479],[-84.392060205271875,33.7712944377895],[-84.391042926848911,33.771295249083948],[-84.390942304776331,33.771295328283841],[-84.390850106116631,33.771295402019568],[-84.390692966652878,33.771295525957811],[-84.39055120460911,33.771295638031759],[-84.390458611427292,33.771293878229478],[-84.390067205039699,33.771286438197151],[-84.389451456120781,33.771275644001307],[-84.388850032031513,33.771262299925304],[-84.387681738175104,33.771235884635445],[-84.387417780152404,33.771285138247777],[-84.387299367280804,33.771306992354305],[-84.38677037788986,33.771307936878145],[-84.385850651599128,33.771326406627047],[-84.385761758254446,33.77130973151084],[-84.384995772748042,33.771287728902315],[-84.384803248606417,33.771282229323766],[-84.383777394249847,33.77130052762292],[-84.383453229207532,33.771291478615368],[-84.383255786292565,33.771292855855748],[-84.38306245163615,33.771292164399192],[-84.381893388325039,33.771286994502198],[-84.380492324270548,33.771280841574736],[-84.380384550217642,33.771280341188252],[-84.379168592926419,33.771274883145068],[-84.377770786151842,33.771254952524174],[-84.377723002925123,33.772569725042736],[-84.377328077068853,33.772559063297678],[-84.3767997134007,33.772483013391039],[-84.376572541431159,33.772439771703276],[-84.376070458752679,33.77234443630762],[-84.375865952413122,33.772318330439752],[-84.375685365627973,33.772316918763423],[-84.375358031627741,33.772359384221261],[-84.375245382461316,33.772384652319104],[-84.3750735303813,33.772423074428147],[-84.374764440435499,33.772525624294765],[-84.374190650625678,33.772716218825785],[-84.37346560094052,33.772957220467148],[-84.373377634917034,33.77298381961716],[-84.372806261004087,33.77315516600342],[-84.372410819854963,33.773274000970503],[-84.371665921270051,33.77347551831479],[-84.371162742557416,33.773611703774144],[-84.370909499297682,33.773676706704926],[-84.37037232063544,33.773828172313763],[-84.370224755018626,33.773836362058084],[-84.370104504618666,33.773865260841823],[-84.369883866186925,33.77385890162472],[-84.369767248328955,33.773843229918981],[-84.369562302005562,33.773852412235613],[-84.369320682142941,33.773783216070044],[-84.369147200205802,33.773759901860664],[-84.368429971521579,33.773637998204407],[-84.367661600250088,33.773518299772078],[-84.367508198859994,33.773494402346024],[-84.367080960973368,33.773466294482546],[-84.366938199255827,33.773456901989391],[-84.366859612356052,33.773452547374944],[-84.36616219904333,33.773413902074523],[-84.365799081276364,33.773397692515623],[-84.365583850327909,33.773388083555524],[-84.365156271397055,33.773337067595641],[-84.364987599991366,33.773330468160459],[-84.364847448062974,33.773355204726421],[-84.364746598091543,33.773350701478464],[-84.36458076023338,33.773349003733877],[-84.364590402803543,33.773387027197742],[-84.365154030480142,33.775609343062456],[-84.365797331964998,33.778064548119509],[-84.366499806084903,33.779411768183479],[-84.367851168114143,33.781152986377002],[-84.368604237776339,33.782122229075675],[-84.36990409717626,33.783794802304946],[-84.370255091978393,33.784343872021836],[-84.370586051095486,33.785116266750492],[-84.370741939675639,33.785794480584691],[-84.370775240842647,33.786825014121938],[-84.370543071046029,33.788680457394314],[-84.370189450653754,33.791377747162088],[-84.370140336593465,33.792356886575291],[-84.370193291517637,33.793000917139814],[-84.370297475425517,33.793558980037595],[-84.370494544307178,33.794245713468669],[-84.370794642901117,33.795000980872139],[-84.371197633832423,33.795764666023899],[-84.372819440522761,33.798604668979593],[-84.376032079985464,33.804244018026722],[-84.376404658520428,33.804818108171915],[-84.376831132824165,33.805890221545503],[-84.377097796259164,33.806564113772168],[-84.377377552681949,33.807205003413188],[-84.377550896551682,33.807746795711097],[-84.377631979087113,33.808255078924823],[-84.37767281502569,33.808796753073054],[-84.377673493879414,33.809073292547538],[-84.377569029636959,33.809770146061311],[-84.37735934702647,33.810522488013113],[-84.377109112139223,33.811186267720494],[-84.376884753380239,33.811662093233942],[-84.376304334551619,33.812614310377292],[-84.373973437294666,33.81572443060287],[-84.374214435933283,33.8157852110294],[-84.374655396829681,33.81589642114853],[-84.375335995409714,33.815845803656877],[-84.376460654091289,33.81562128925885],[-84.377556013184574,33.815199286531652],[-84.379833702358653,33.814256165737021],[-84.380988352232677,33.813858420464463],[-84.381195710932559,33.813833326019157],[-84.382201553962048,33.813510030014925],[-84.382556759535817,33.813361348533277],[-84.38297389695272,33.813619981744161],[-84.383309369042053,33.813479919985596],[-84.384214980298324,33.813234765179907],[-84.384836547371066,33.812961592791183],[-84.385635767066617,33.812960176569561],[-84.386346349238636,33.812736650884624],[-84.386611383126592,33.81241463608275],[-84.38726320233225,33.812388738106215],[-84.387856650385373,33.812709217824136]]]},"properties":{"OBJECTID":269,"LOCALID":null,"NAME":"E","GEOTYPE":"NPU","FULLFIPS":null,"LEGALAREA":null,"EFFECTDATE":null,"ENDDATE":null,"SRCREF":null,"ACRES":3779.7800000000002,"SQMILES":5.9100000000000001,"OLDNAME":null,"NPU":null,"CREATED_USER":null,"CREATED_DATE":null,"LAST_EDITED_USER":null,"LAST_EDITED_DATE":null,"GLOBALID":"{E91F617D-EE42-4B83-B6AF-31301C2852BE}","SHAPE.AREA":164646759.37109801,"SHAPE.LEN":61268.801867608905}},{"type":"Feature","id":272,"geometry":{"type":"Polygon","coordinates":[[[-84.502982077725861,33.723001876654912],[-84.50343788601522,33.722937193165727],[-84.504149288429005,33.722944367911481],[-84.504594605886496,33.722919812685923],[-84.504660829323086,33.722920244596203],[-84.505330023701035,33.722924609383284],[-84.50531764030147,33.722870392492588],[-84.505366974513294,33.722870257207532],[-84.50540748049437,33.722925455507571],[-84.505736154567217,33.7229283874426],[-84.505747077834769,33.722543679381324],[-84.506045400417307,33.722056630152771],[-84.506053341264263,33.72159305241577],[-84.506054092372295,33.721549210018686],[-84.505964717599824,33.721549103034086],[-84.505879781948352,33.721549001825913],[-84.505938891949,33.717703696955049],[-84.505959810677439,33.717009626942698],[-84.505399220056475,33.717084090720029],[-84.505116352113831,33.717578607187193],[-84.504221108189057,33.717175337574282],[-84.503655478788801,33.716905534715963],[-84.503609191476357,33.716901735179128],[-84.503989486482013,33.716308265169232],[-84.504914315023385,33.716417371966379],[-84.504967491565168,33.716450955519868],[-84.505442280318945,33.716750805848548],[-84.505940323182315,33.716309228209667],[-84.505877587860311,33.71538667975237],[-84.505975139699942,33.715384503905028],[-84.506008900336894,33.713227438446665],[-84.506012279294822,33.713011524560265],[-84.510043889450685,33.713116536232071],[-84.510236737652988,33.713144012675563],[-84.510475227443337,33.713177991674215],[-84.510969108323792,33.713176616024178],[-84.511074429999667,33.713176322406937],[-84.511865543099944,33.713163942463929],[-84.51237955943968,33.713177313721012],[-84.512295648950371,33.71377976001682],[-84.515301994178458,33.713840281678543],[-84.516279069009471,33.713859935221407],[-84.516129857973922,33.714034140134054],[-84.515842123247239,33.714414842700478],[-84.515639134158661,33.714823227694929],[-84.515309226522561,33.715486942977023],[-84.515064801700518,33.716192094418219],[-84.51485987448774,33.716783285388544],[-84.514825537871019,33.716904180731611],[-84.514698741774666,33.717350610156245],[-84.50830059213024,33.717034161012997],[-84.508089235704745,33.718535811027728],[-84.507959460080073,33.719342194815795],[-84.510154230769942,33.719543615995001],[-84.5106663483311,33.719590588021937],[-84.512655192745157,33.719769239280168],[-84.514081524011218,33.719897341625334],[-84.514068673407948,33.719949652194764],[-84.513904145082961,33.720619394431957],[-84.514074083252723,33.720637195817474],[-84.51402555729986,33.720938948902713],[-84.514006923426336,33.721084600735288],[-84.51399155932458,33.721211063338728],[-84.513988218874772,33.721276752065613],[-84.513981725694975,33.721421789979836],[-84.513977809923659,33.721528693215916],[-84.513977323031639,33.721605258706141],[-84.513976258885222,33.721772658643914],[-84.513975877163432,33.721832737957421],[-84.513986297037988,33.722070047948456],[-84.514957750964371,33.72208371154754],[-84.515824830117538,33.722095899884941],[-84.515977092992955,33.722098039053691],[-84.516195443687138,33.722101107269637],[-84.517248273148098,33.722112634456948],[-84.517423863801909,33.722114555946746],[-84.517551636276835,33.722115167695407],[-84.517620575423933,33.722045429809214],[-84.517692580678187,33.721978780357503],[-84.51777236150005,33.721906882761949],[-84.517830398333302,33.721864562644711],[-84.517909847767442,33.721806994115042],[-84.517991795796988,33.721748287750188],[-84.518071548317423,33.721697627642797],[-84.518139201374908,33.721654840912862],[-84.518186243377016,33.721627266939905],[-84.518242544947526,33.721595052817939],[-84.518298991092507,33.72156337474388],[-84.518349862685099,33.721541417039639],[-84.518399251955557,33.721520586097512],[-84.518448812691261,33.721501059343289],[-84.518076769955826,33.720918888645457],[-84.518676251643058,33.720626994364899],[-84.519167423385824,33.721097894406121],[-84.519258296144798,33.721140955071249],[-84.519217109302602,33.72117560786927],[-84.518990228363648,33.72127986096168],[-84.518797478116667,33.721344925943455],[-84.519116469107033,33.722109396505914],[-84.522872175773955,33.72212771720929],[-84.536165475526417,33.722219934216895],[-84.536154559878298,33.722070294833095],[-84.536113280965253,33.721504416022569],[-84.535931220007981,33.719008513887893],[-84.53584757285428,33.717987439668697],[-84.53579637315336,33.717462503550088],[-84.535558693396069,33.717657786454403],[-84.535382481260228,33.717302965553984],[-84.535781158695315,33.716971372008068],[-84.535733820528236,33.716577806322469],[-84.535879565381592,33.716465672709482],[-84.535596298097758,33.715672309867685],[-84.536514486071127,33.715648483223767],[-84.536428812374623,33.715514855527466],[-84.536224217475649,33.714658873785325],[-84.535965957854771,33.713567763005386],[-84.535845257937211,33.713559714965193],[-84.535795239688071,33.713466545720948],[-84.535412126165085,33.713467346488898],[-84.535155553039104,33.712414679861581],[-84.535194960215065,33.710724749498283],[-84.535251273858449,33.707836893289908],[-84.535282356560032,33.705992821107706],[-84.536495747226596,33.706009166202612],[-84.53646421139095,33.706163582882567],[-84.536865012075808,33.706167778858038],[-84.54453142841075,33.706265070498489],[-84.544483433139391,33.706108046745719],[-84.544987393568917,33.706114234307741],[-84.544994843002939,33.705693984281304],[-84.545046707393098,33.702768049229412],[-84.546280781383032,33.701112619494189],[-84.546064983173807,33.700928837479076],[-84.545957876830556,33.700929259224914],[-84.545250933662288,33.701577839579947],[-84.545107453461839,33.701444889737346],[-84.545138815275692,33.700103141214662],[-84.545476027733315,33.700008227097406],[-84.5451241402818,33.699055659717182],[-84.545139013832639,33.697544083352881],[-84.547348001601875,33.697613845713633],[-84.547457942581644,33.693727105428962],[-84.547459041871733,33.693688249564119],[-84.545260076895374,33.693655311548696],[-84.5453884361159,33.689830186446997],[-84.545205312525638,33.689823255699288],[-84.545232252538312,33.689594037152816],[-84.545239494956803,33.689471649854184],[-84.54524480315483,33.689342811695205],[-84.545247885704512,33.689222973504542],[-84.54524537666363,33.689142241187611],[-84.545240230637859,33.688976684309637],[-84.545237786015562,33.688600165968992],[-84.545321546273826,33.686711804052358],[-84.545337998172201,33.686343890819529],[-84.545342447326092,33.686233945902828],[-84.545346893461172,33.68612331483012],[-84.545349174134103,33.686025548964501],[-84.545351045836171,33.685945695826483],[-84.545351554366718,33.685874239516259],[-84.545351654658532,33.685709686255478],[-84.545359237560419,33.685564692312504],[-84.545367662453927,33.68548233771687],[-84.545451642833015,33.683209832532349],[-84.545486327542818,33.682414091114104],[-84.545558420454512,33.680760111804965],[-84.544678385678012,33.680751947244595],[-84.543399734555294,33.680740072786911],[-84.542353087132497,33.680730342786049],[-84.541677591893247,33.680724058622637],[-84.540745264966631,33.680715379133979],[-84.539367894499648,33.680702543597057],[-84.538426474583346,33.680693762229147],[-84.5376705271633,33.680686705426531],[-84.537485290991,33.680684975684336],[-84.535494618703964,33.680635967706785],[-84.535553450735094,33.677813665970042],[-84.535649445676555,33.673208304435704],[-84.533449514680811,33.673186682963106],[-84.531508243341818,33.673167996432937],[-84.530839714304193,33.673161554688029],[-84.52985637090157,33.67315207293602],[-84.52586112100299,33.673113467585416],[-84.525887694808802,33.669525193122709],[-84.525813414566642,33.666409288288413],[-84.525785745364047,33.664863365243399],[-84.525796877738145,33.664087938922265],[-84.526252660459377,33.663998771057734],[-84.526448236768715,33.663920607466807],[-84.527212445662542,33.66361518094341],[-84.527392698119954,33.663507421959032],[-84.527994775118856,33.663147481069707],[-84.52857452821786,33.662638058920983],[-84.528976879534255,33.661911331915206],[-84.529026493923709,33.661822257153744],[-84.529089557478457,33.66145594792733],[-84.529236748974128,33.660600954068649],[-84.529248768762955,33.660531135404497],[-84.529305190432837,33.660309233504336],[-84.528608405313932,33.660207072976675],[-84.528695043871821,33.659777561181741],[-84.528693173845397,33.659708223250803],[-84.528677274071825,33.659118631713703],[-84.528451725246711,33.659108815579117],[-84.5271037176243,33.659050139065513],[-84.526515419902353,33.659024527135372],[-84.525901271285193,33.658920455240064],[-84.525855718109611,33.658912735912999],[-84.525876887836759,33.658514845496029],[-84.52589980524553,33.656918447069664],[-84.522961777835704,33.656919945646017],[-84.522153312784383,33.65692034534915],[-84.521765518544328,33.656920769205264],[-84.521626987200491,33.655797810294018],[-84.521309258761349,33.655853001527582],[-84.521088165458409,33.655832336447347],[-84.521037183997407,33.655808445101272],[-84.520980330192415,33.655781802452083],[-84.520565246860855,33.655812367666442],[-84.520416935380553,33.655834602532686],[-84.520236051615854,33.655801797153465],[-84.519875488110586,33.655697475467022],[-84.519811609099506,33.655678993486816],[-84.519419872264322,33.655718588670595],[-84.519243803813438,33.655780566492744],[-84.519148316344172,33.655814178767493],[-84.518913501712731,33.655853667458828],[-84.51875401589966,33.655829730834881],[-84.518532111432336,33.655811468232514],[-84.518231393796455,33.655807514303213],[-84.518128558438647,33.655815782838722],[-84.517966844139565,33.655808266353084],[-84.517726782619405,33.655792567742822],[-84.517528820987508,33.65577962279567],[-84.517415530472476,33.655763221990249],[-84.517291160383607,33.655745217785892],[-84.51714906925784,33.65573604050963],[-84.517032150683107,33.655691692597578],[-84.516945001756383,33.655658635640165],[-84.516713049983693,33.655593677535968],[-84.516495368077372,33.655603225616829],[-84.516390174178511,33.655595621951882],[-84.516320347342486,33.655597880674257],[-84.516323872278193,33.65619592649405],[-84.515606877654932,33.65602742578524],[-84.514358031393343,33.655733924113882],[-84.513129777329382,33.655445247216356],[-84.511138275535103,33.654959043920798],[-84.510615155599154,33.65483132328341],[-84.510453212773243,33.654793377191247],[-84.50878192770034,33.65440174754999],[-84.508051109099284,33.654227832926139],[-84.507577463424411,33.654148663547552],[-84.507275840048365,33.654098246031964],[-84.507171665011597,33.654089702988237],[-84.506787897753398,33.654072173355985],[-84.506490050105839,33.654066548223874],[-84.506489043971754,33.654284859683173],[-84.506490967588846,33.654337839000029],[-84.506490717608841,33.655196215823942],[-84.506490530188003,33.655840345730425],[-84.506518081197072,33.656879807697905],[-84.506509365388197,33.657379675437852],[-84.506501024936327,33.659926535405731],[-84.506480242284937,33.666273191139048],[-84.500552130076343,33.666160177591536],[-84.498182203166138,33.666114682891489],[-84.498038575346229,33.666111965395849],[-84.49765349947171,33.666104677478408],[-84.497653967506196,33.666143542481429],[-84.497671579794599,33.667135376884296],[-84.498035287745964,33.670055821783485],[-84.498223599160497,33.671161842460251],[-84.498587940106802,33.673382159206362],[-84.498595507413313,33.673426798281099],[-84.498719719844104,33.674314844839152],[-84.499077321634573,33.676485364650588],[-84.499151263009651,33.676907369493172],[-84.499616170026286,33.679833372580539],[-84.499914085497679,33.683349327772717],[-84.499906983173702,33.683425611308678],[-84.499920804767399,33.684025728406425],[-84.499944343207005,33.685014011728128],[-84.499959038978943,33.685627523198669],[-84.499969079377692,33.686099511524858],[-84.500048141312135,33.689866831876287],[-84.50005207778608,33.690141304934713],[-84.500056130772435,33.690339512468107],[-84.500059165556237,33.690486880780703],[-84.500066319720872,33.690849633069746],[-84.500076053592466,33.691667559346811],[-84.500094810281439,33.693331928509025],[-84.500099686189131,33.693743124884215],[-84.50008385632222,33.693900849100409],[-84.499931756299134,33.695381201637566],[-84.499599528955798,33.696620534007501],[-84.499502501995835,33.697038188337181],[-84.499110360602955,33.698304476926971],[-84.499004000547146,33.698647609344029],[-84.498456822723583,33.700215590403104],[-84.497876439916212,33.702132688307245],[-84.497646138988628,33.703813180687312],[-84.497561394670825,33.705294721784668],[-84.497726397026426,33.707162753967133],[-84.497980026448474,33.708558877505816],[-84.498824840938042,33.7108307938839],[-84.499336484479642,33.71175832858966],[-84.500134846574198,33.713267717806708],[-84.500604986461198,33.714085428743971],[-84.500825433590776,33.714585186684957],[-84.501103868228952,33.715096468162457],[-84.50114483410897,33.71518316430506],[-84.501364552288607,33.715590280561948],[-84.501768072873858,33.716363335887962],[-84.50192286968435,33.716853811354603],[-84.502166376212458,33.717622618908933],[-84.502317252539669,33.718280350956839],[-84.502503229842546,33.719079449144168],[-84.502809192901509,33.720933995397452],[-84.502824028094977,33.721023916897451],[-84.502840454692134,33.721229499457984],[-84.502982077725861,33.723001876654912]]]},"properties":{"OBJECTID":272,"LOCALID":null,"NAME":"P","GEOTYPE":"NPU","FULLFIPS":null,"LEGALAREA":null,"EFFECTDATE":null,"ENDDATE":null,"SRCREF":null,"ACRES":6008.0299999999997,"SQMILES":9.3900000000000006,"OLDNAME":null,"NPU":null,"CREATED_USER":null,"CREATED_DATE":null,"LAST_EDITED_USER":null,"LAST_EDITED_DATE":null,"GLOBALID":"{18FAD3EC-E3FC-4C66-888D-585FA4F13C92}","SHAPE.AREA":261708644.28414601,"SHAPE.LEN":96397.831856804201}},{"type":"Feature","id":273,"geometry":{"type":"Polygon","coordinates":[[[-84.389628690521818,33.883076416194314],[-84.38979267071052,33.883275022116266],[-84.390090703699869,33.883635984073528],[-84.390762873316703,33.884050474490557],[-84.39150079637632,33.884505503216147],[-84.391926429197824,33.884767959351677],[-84.392305301173494,33.885001577864344],[-84.392305348404193,33.885645342122316],[-84.392456855466293,33.885652370542573],[-84.392544966515388,33.88565654952744],[-84.392632440180861,33.885662949445305],[-84.392719424340697,33.88567598894295],[-84.392805927793589,33.88569039073127],[-84.392891224819138,33.885706445568694],[-84.392975155644805,33.885729151517921],[-84.393058134811199,33.885753363988307],[-84.393140870220194,33.885779001435033],[-84.393222652896213,33.88580614540772],[-84.393796538995019,33.886177875561977],[-84.394165044265861,33.886416569168219],[-84.394214362976001,33.886450000910926],[-84.394540316352732,33.88671718519393],[-84.394610371442212,33.886797559045014],[-84.394691833194372,33.886869733912206],[-84.395487039694729,33.886341636962676],[-84.39524503005147,33.886059642489428],[-84.394649936990291,33.885365519875705],[-84.393934373789605,33.884860831132308],[-84.393491272121793,33.884381996252742],[-84.393330462544554,33.884208217828714],[-84.392983075971657,33.883819300929652],[-84.392651313499314,33.883447872253477],[-84.392257659677284,33.883153045376339],[-84.391624244045218,33.882678640798503],[-84.391224215232398,33.882379030008543],[-84.390767448344263,33.881768818123987],[-84.390360375686541,33.881224985614011],[-84.391257266312095,33.88084547748295],[-84.390909797000489,33.88027311216257],[-84.390577553101124,33.880423399702778],[-84.390556151659112,33.880388875253061],[-84.390189431246114,33.879797265828103],[-84.389675930602763,33.879676588846095],[-84.38940457201825,33.879268216233484],[-84.389145847149194,33.878878852833665],[-84.389028175676344,33.87891636503366],[-84.388948307478799,33.878938295375136],[-84.388865510452177,33.878951332692367],[-84.38878237114676,33.878961613365576],[-84.388698800125596,33.878969662307838],[-84.388695861627497,33.87815311009804],[-84.389059956284626,33.87815760641729],[-84.389209026762686,33.878158995413159],[-84.392475197460968,33.878196397277144],[-84.395017227385722,33.878225585749796],[-84.395999737583438,33.87823682323112],[-84.397247972266015,33.878251111114544],[-84.397330346420361,33.87825198842701],[-84.397309533095779,33.878782428674533],[-84.397306778228923,33.878852568536608],[-84.397304136735372,33.878919848194322],[-84.397301482959975,33.879464338858917],[-84.399179619343045,33.879474893905588],[-84.399204374101345,33.88131270123823],[-84.40017863259861,33.881290088788951],[-84.400235642668065,33.881288765336748],[-84.400456464762883,33.881309988554541],[-84.401039654219687,33.881903521463649],[-84.401040741892103,33.882301320316991],[-84.401137945766621,33.882301135395693],[-84.40113920000671,33.883361934738531],[-84.401139910804304,33.883922907749877],[-84.401140107616328,33.884053735626949],[-84.401142249609805,33.88548046177732],[-84.401142918209729,33.885925990171252],[-84.401521032957746,33.885923552446158],[-84.401819744801017,33.886726503082848],[-84.402552903100442,33.886696913877458],[-84.402647951411197,33.886685945616499],[-84.402779336032125,33.88665594446411],[-84.402889622201073,33.886618632589169],[-84.402942940916745,33.886594691120123],[-84.402994115195753,33.886571713080968],[-84.403092816886016,33.886515872996711],[-84.403184081564106,33.886451802555158],[-84.403253117007509,33.886392584052579],[-84.403327869696923,33.886315146905368],[-84.403670292365518,33.885917376057911],[-84.403728607268576,33.885866480164552],[-84.403788633659445,33.885814090546397],[-84.404036673217902,33.885570408526796],[-84.404180029627483,33.885429570014402],[-84.404275845490858,33.885346646704633],[-84.404341616555456,33.885299113666484],[-84.40439723270876,33.885266698973773],[-84.404628787237257,33.885179700412259],[-84.404709841749863,33.885166610792666],[-84.404792657407242,33.885157054832412],[-84.404875615114264,33.885159328901388],[-84.404958069928682,33.885165032806817],[-84.405119756372855,33.885177033654323],[-84.405125247116374,33.884666424121463],[-84.405142661796944,33.883046797560027],[-84.405154710178081,33.882343924746635],[-84.405645250174885,33.882354860645258],[-84.406983568395106,33.882384686103983],[-84.406981678342689,33.881997023326228],[-84.40698146181677,33.881927116309136],[-84.406977593451586,33.881205494990631],[-84.406976816019395,33.881151447934698],[-84.406975223791562,33.880877318514315],[-84.406974647085065,33.880776100168724],[-84.406973600766221,33.880592197295819],[-84.406971117429293,33.880294022951759],[-84.406963930877126,33.879199569581914],[-84.406963137380686,33.879061875933203],[-84.406962327211133,33.878921317815177],[-84.406959592691422,33.878533484252898],[-84.406968021911084,33.878308116411432],[-84.40720277659355,33.878305940797816],[-84.407982856788067,33.878312316723289],[-84.408560296696194,33.878316680980369],[-84.409644704577843,33.878325465512262],[-84.410738624517592,33.878334317235108],[-84.411631195930497,33.878341531880807],[-84.411714826956896,33.878342224866238],[-84.411798414742151,33.878342916979278],[-84.412727070813958,33.878350437802233],[-84.412853624814247,33.878351462660518],[-84.413536505495728,33.878356967000819],[-84.413644474365583,33.878357758687962],[-84.413757266740944,33.878358585690812],[-84.414273388164787,33.878362741356746],[-84.415977244537899,33.878376443438881],[-84.416138697452709,33.878377834312253],[-84.416282445103718,33.878378977725248],[-84.416483020935715,33.878380572007984],[-84.416642825432817,33.878381622039143],[-84.417557992769133,33.878386289153269],[-84.417782192863882,33.878437017473907],[-84.418475690644129,33.878411883897527],[-84.41860582654644,33.878407167434332],[-84.419004516316022,33.878410130446454],[-84.420835230982263,33.878423391015374],[-84.423225638513046,33.878440663752443],[-84.42307907453602,33.878727881998572],[-84.42347493955846,33.878838901997703],[-84.424503217647143,33.879133796046254],[-84.424575802046292,33.879154743335732],[-84.424647749884258,33.87899468129924],[-84.424732371076843,33.878799055599679],[-84.42488361358204,33.878452616970868],[-84.425366225162819,33.878456092207571],[-84.426652104884283,33.878465342634463],[-84.427001498617813,33.878464809679336],[-84.426997453333087,33.878686523277388],[-84.427524882808598,33.878684819157947],[-84.427962444815506,33.878667623018345],[-84.427903478970919,33.879062261493331],[-84.427881624595258,33.879208520686042],[-84.42786630775133,33.879311032172318],[-84.427701507890859,33.880413946569199],[-84.427672760168406,33.880606338054839],[-84.42811321091898,33.880839092958674],[-84.428176858757567,33.880910755138963],[-84.42824954891779,33.880976557295874],[-84.428330455604765,33.881035471499487],[-84.428417107598364,33.881087502982979],[-84.428510324430249,33.881131275900579],[-84.428608458603662,33.881166793739716],[-84.428710686386992,33.881193714717426],[-84.428816180800311,33.881211697059889],[-84.428922470621558,33.88122040249516],[-84.429029555816442,33.881219831021426],[-84.429135788869658,33.881209986145826],[-84.429240347088012,33.881190869623687],[-84.429442261608258,33.879878865162709],[-84.429471197128521,33.879796708630018],[-84.429937946187096,33.87847142042844],[-84.431207252246608,33.878473895557704],[-84.433063255315119,33.878477491760947],[-84.433539256559044,33.878478409369556],[-84.434889260513202,33.878481001782141],[-84.435479149722809,33.878482130103087],[-84.436175197418251,33.8784833579817],[-84.436171725853015,33.878963582111346],[-84.436161419559468,33.880389258039294],[-84.436350240279879,33.880185822809267],[-84.436750335990382,33.880109714996379],[-84.436929037830353,33.880030172233852],[-84.437103223789535,33.879952638048387],[-84.437239139632069,33.879691604761156],[-84.43713782579249,33.879432122799919],[-84.437543343710828,33.879479105312456],[-84.437603403855192,33.879486063737495],[-84.437926806062407,33.879366149747248],[-84.438022781704291,33.879257041614316],[-84.438173637692344,33.879339803154416],[-84.438562985648289,33.879465743497654],[-84.43863074722158,33.879424735456283],[-84.438700284654203,33.879382651412755],[-84.43879272907995,33.879441533276562],[-84.438768476006132,33.879613659444168],[-84.43874600528062,33.879773137132524],[-84.438842802251983,33.879850042952739],[-84.438892174547931,33.879889268638159],[-84.439238326606258,33.879946903285337],[-84.439358351303497,33.879902609083835],[-84.439495853711861,33.879851863640134],[-84.440036887433351,33.879285224705832],[-84.439972056069649,33.879224476561227],[-84.4398518189318,33.87911181243058],[-84.440061416944459,33.87905044392754],[-84.440168658244616,33.879019044534779],[-84.44025441965033,33.878790411291092],[-84.440354275858851,33.87859060171904],[-84.440337552643115,33.878512659107983],[-84.442696075624767,33.878529221008634],[-84.443163821592051,33.878532500247324],[-84.443456231343887,33.878534549617555],[-84.443815382638206,33.87853717763165],[-84.444297752821555,33.87843543955865],[-84.44473350527845,33.878177460313033],[-84.445247871264016,33.877890917445697],[-84.445376446843497,33.877819289318104],[-84.446538266863769,33.877172043612369],[-84.447474447373125,33.876554663058286],[-84.448170621026122,33.875846102250961],[-84.448576168330661,33.875433290878505],[-84.449110453359168,33.874844984516336],[-84.45024664209167,33.873947495396187],[-84.450976387033961,33.873292881763845],[-84.451201366841815,33.873068223044655],[-84.451690942327176,33.872579342724713],[-84.451724178193842,33.872516821245434],[-84.451759928776625,33.872446010608826],[-84.451794578143989,33.872374639888022],[-84.451827970324686,33.872302937558764],[-84.45186059897452,33.872231130593612],[-84.451894995155996,33.872159735182663],[-84.451932272795048,33.872083079258118],[-84.451964635670819,33.87185346761855],[-84.451977712195117,33.871763372008445],[-84.451988228346181,33.871675324529271],[-84.451994171528895,33.871557503886756],[-84.451994493269993,33.871474554414128],[-84.451991502515526,33.871398896928412],[-84.451982330179618,33.871284613229939],[-84.451968000232895,33.871186055184978],[-84.451929071921995,33.871120875846671],[-84.451888265326147,33.870891659840616],[-84.451860733925301,33.870776666645149],[-84.451838373630352,33.870660703938242],[-84.451816715162821,33.870544820748364],[-84.45180047077406,33.870462042130519],[-84.45178152488667,33.870365495459993],[-84.451758367074021,33.870280409310332],[-84.451751752770789,33.870240969903321],[-84.451746446130926,33.870197562074011],[-84.451736945579455,33.870071219705764],[-84.451799791652306,33.869892388917449],[-84.45192385897009,33.86955373027638],[-84.452047108617549,33.869217478954205],[-84.452264785392828,33.869041776827999],[-84.452336889499549,33.868989827832124],[-84.452421922178061,33.868928563765586],[-84.452504695726418,33.868868926923767],[-84.452560817355732,33.868824319921671],[-84.452634498739982,33.868765757194268],[-84.452715408637474,33.868707440022185],[-84.452777465796515,33.868662711850071],[-84.452842593839549,33.868600225996303],[-84.452929397123967,33.868531132162445],[-84.453001675773123,33.868470847641362],[-84.453083830891259,33.868408822508279],[-84.453161023544524,33.868340625431578],[-84.453233899003237,33.868274342600778],[-84.453307181531528,33.868206998455072],[-84.453409238416214,33.868185462597111],[-84.453480741138918,33.868139950210463],[-84.453530713743106,33.868059449393513],[-84.453573284161735,33.867982401022708],[-84.453634796401985,33.867904965010986],[-84.453731577022523,33.86785045118647],[-84.453831394371704,33.867831336581737],[-84.454317497815495,33.867390491934579],[-84.454363126297025,33.867324482100166],[-84.454434796255526,33.867247998445926],[-84.454501264954814,33.867175359754235],[-84.454568566297425,33.867105123746455],[-84.454616123400314,33.867033857276986],[-84.454671597503349,33.866951280189724],[-84.454750200821238,33.866871344911253],[-84.454814686629732,33.866805766892107],[-84.454889519594559,33.866729664180021],[-84.454962387681945,33.866655560438652],[-84.455019351389126,33.866587680895734],[-84.455077198834857,33.866518747047877],[-84.455145463792292,33.866426482378849],[-84.455164781144674,33.866346945251571],[-84.455246585901193,33.866311315806911],[-84.455324749545909,33.866223752436746],[-84.455383618504868,33.866156925880325],[-84.455438545461305,33.866088146569339],[-84.45549830305977,33.866016936821417],[-84.455565627389362,33.865936708266844],[-84.455604090619559,33.86588360996857],[-84.455643749821377,33.865788027328314],[-84.455674948350875,33.865713671014213],[-84.455723574003073,33.865595641806514],[-84.45574801307977,33.86553674095569],[-84.455763332651955,33.86549981995703],[-84.455802328924079,33.865405832008314],[-84.455833631595553,33.865330388031694],[-84.455863085889547,33.865259400666886],[-84.455898140852838,33.865174911662017],[-84.455931473943636,33.865094575119258],[-84.455964410284452,33.865015192528197],[-84.455999522948474,33.864930565405842],[-84.456036504223263,33.864841433814931],[-84.456056905325056,33.864792263827837],[-84.456080197681004,33.864754968821487],[-84.456120286490773,33.864675864225646],[-84.45613734909324,33.864580648244925],[-84.456179802470217,33.864496060629129],[-84.456181150481541,33.86440742833787],[-84.45618742611228,33.864315005709457],[-84.456186398142336,33.864214105010134],[-84.456190961842879,33.864142204956735],[-84.456206326821359,33.864058348164967],[-84.456182277269207,33.863989713429106],[-84.456184297108763,33.863902234549755],[-84.456183212621937,33.863798354967003],[-84.456153879601956,33.863715782501586],[-84.456124018505534,33.86363172176339],[-84.456091573576927,33.863540388166335],[-84.45606128814002,33.863455132835554],[-84.456042336926473,33.863406329327439],[-84.456023625783345,33.863365888839745],[-84.455983811861259,33.86328216249165],[-84.455930385608539,33.863203334212393],[-84.455903405857967,33.863128108106032],[-84.455841397629356,33.86305680064487],[-84.455779386030628,33.862984462587804],[-84.455708343127881,33.862920390249243],[-84.455645201747942,33.862837620122612],[-84.455593373920436,33.862774317744567],[-84.45555253122231,33.862708719275041],[-84.455478433947363,33.862636490533532],[-84.455438314677167,33.862602100508063],[-84.455404098476905,33.862572769253298],[-84.455340453197067,33.862504213557024],[-84.455280917719193,33.862433243536643],[-84.455213966856888,33.862361260274383],[-84.455161068556393,33.862304701757118],[-84.455090835220716,33.862236161347369],[-84.455033731614265,33.86215384922474],[-84.455008873429961,33.862101754862863],[-84.454962455226578,33.861987129167183],[-84.454690435966413,33.861456610417434],[-84.454652192916612,33.86134951940744],[-84.454626431161756,33.861280531283938],[-84.454598432011124,33.861187003099303],[-84.454602152818481,33.861097394166691],[-84.454537316044863,33.861024955660916],[-84.454491081987896,33.860950032949368],[-84.454465761804983,33.860850548566127],[-84.454478457706287,33.860791935012976],[-84.4544459533045,33.860711664166153],[-84.454410242793969,33.860623479906515],[-84.454379437700126,33.86054198245197],[-84.454355187749869,33.860456361827566],[-84.454313718228889,33.860369203516122],[-84.454272244186114,33.860280671103808],[-84.454236543046562,33.860194529876047],[-84.454261958166271,33.860000403861939],[-84.454254506705183,33.859902835181835],[-84.45424118181667,33.859851839879433],[-84.454198762328105,33.85973360788536],[-84.454245620533783,33.859523955224603],[-84.454249472282569,33.859414315184416],[-84.454260607584089,33.859373131237192],[-84.454286303208505,33.859294674767305],[-84.454315797648832,33.859204618870699],[-84.454344532473243,33.859116882849861],[-84.454359104197749,33.859072391778689],[-84.454379236313272,33.859032395916884],[-84.454410314831108,33.858968084372464],[-84.454471280594845,33.858729879859929],[-84.454549979048664,33.858622172147534],[-84.454595378140752,33.858540441722468],[-84.454639711208344,33.858495320274415],[-84.454676827606605,33.858393066246634],[-84.454711975249225,33.858305751539568],[-84.454790420442407,33.858123156004872],[-84.454882432749969,33.858056984271016],[-84.45495556639122,33.858009406924147],[-84.455052553024601,33.857953185628354],[-84.45516925490351,33.857913849976484],[-84.455231696076524,33.857892803847399],[-84.455281779300691,33.857885982012363],[-84.455440922540561,33.857854028517394],[-84.455569329431299,33.857835519954662],[-84.455665381669817,33.857762281947522],[-84.455710287979556,33.857702503541667],[-84.455738401461645,33.857665079142613],[-84.455841245954289,33.857606646196309],[-84.455952106944451,33.857543657308],[-84.456034451545548,33.857463988238024],[-84.45689031920756,33.856635920485189],[-84.457420348914482,33.855889692823212],[-84.457481551477883,33.855803525843037],[-84.457550198851493,33.855737421651789],[-84.457621620310235,33.855671639972286],[-84.457707010734779,33.855596893641668],[-84.457794059561209,33.855525234151131],[-84.457861372528228,33.85546221022819],[-84.45795414595969,33.855379201703052],[-84.458004828760011,33.855328889524237],[-84.458046067725419,33.855287950539129],[-84.458109410594432,33.855234381427458],[-84.458184040456999,33.855177696578366],[-84.458264225818624,33.855118701167825],[-84.458354015469965,33.855033700465029],[-84.458403592431338,33.854987247946546],[-84.458435499860443,33.854956353526568],[-84.45850345687218,33.85488595773289],[-84.458550186121641,33.854844297793392],[-84.458635551536986,33.85476268038849],[-84.458859619827436,33.854543667153429],[-84.45889610742671,33.854442479036393],[-84.458927060784276,33.854400008809336],[-84.458964391296902,33.854357228617523],[-84.459018491703077,33.854283929655949],[-84.459083282021098,33.854206138595643],[-84.459139866715844,33.85413695597795],[-84.459191499914922,33.854064693365075],[-84.459255451210538,33.853982439289368],[-84.459343029730391,33.85393481331819],[-84.459450944199972,33.853868097282181],[-84.459514272592045,33.85379944937452],[-84.459584786950828,33.85372401305343],[-84.459615703710242,33.853679861181242],[-84.459650764710844,33.853620790857526],[-84.459687980463215,33.853558532617377],[-84.459733861456854,33.853490062213112],[-84.459802691421928,33.853397786258256],[-84.459842030434118,33.853334875544476],[-84.459886088440541,33.853275048918661],[-84.459960893453996,33.853176227190602],[-84.460010028832315,33.853089365427188],[-84.460039470825038,33.853036912862756],[-84.460074648541095,33.852969154847599],[-84.460106527638231,33.852900030576407],[-84.460135933935021,33.852830224232811],[-84.460162867442946,33.852759737621781],[-84.460185681236069,33.852688573764603],[-84.460206844539528,33.852616383259495],[-84.460222007172334,33.852551867362131],[-84.460238462507959,33.852470997165341],[-84.460250564110396,33.852397796755099],[-84.460258546041757,33.852323920007116],[-84.460264058755229,33.852250392662945],[-84.460267098731293,33.852176184158118],[-84.460266022585088,33.852102328979846],[-84.460261655806121,33.852019623938034],[-84.460255635728274,33.851954638231824],[-84.460245502747469,33.851881147242288],[-84.460232900595514,33.85180800655705],[-84.460217005820439,33.851735217234442],[-84.46019864188473,33.851662777312555],[-84.460176987690573,33.851591375793959],[-84.460057986909234,33.851370124585713],[-84.459288680080022,33.849939773399932],[-84.459123851114057,33.849618341562689],[-84.459074317756006,33.849504348504134],[-84.459053292587541,33.849447128953457],[-84.459027699408949,33.849377473102102],[-84.458995795262624,33.849290643358977],[-84.458970180372376,33.849220930741865],[-84.45893820981486,33.849133921712522],[-84.458912759721045,33.849064657707103],[-84.458880723830163,33.848977468487355],[-84.458853933758277,33.848900239857379],[-84.458840259590687,33.848818352022469],[-84.458825239652015,33.848728403111956],[-84.458772758365512,33.84841410959995],[-84.458760130079199,33.848338480255045],[-84.458697227279856,33.847961767439479],[-84.458697803907,33.847906700247457],[-84.458698602932557,33.847830293426959],[-84.458707167771635,33.847011209368048],[-84.458770609355668,33.846249031117146],[-84.458783788277287,33.846048376040109],[-84.458972846182007,33.845481822599105],[-84.459008715104289,33.845370504052035],[-84.459470645631001,33.844518526710395],[-84.459515655488573,33.844435510409212],[-84.459889148264608,33.843746629014539],[-84.460457213477056,33.842281857972964],[-84.460675726980867,33.840961543056444],[-84.460704056589208,33.840790368491795],[-84.460704600951573,33.839804079777466],[-84.460536848386099,33.838927317711182],[-84.46042977620246,33.838354049994059],[-84.459735010556656,33.836968552198655],[-84.459584449628352,33.836671371120985],[-84.458902417780948,33.835336424510622],[-84.458683224653726,33.834863445058566],[-84.458659446758006,33.834812135760401],[-84.458652823858699,33.834753419425937],[-84.458639898968329,33.834638843295927],[-84.458642718728782,33.834598746937701],[-84.458649769756477,33.834493267951046],[-84.458632198022414,33.834410176415957],[-84.458599767804259,33.834345425180196],[-84.458566475253107,33.8342980992958],[-84.458535686332965,33.834254334369483],[-84.458456941718111,33.834198978716586],[-84.4584225619693,33.834147396911824],[-84.458383661673963,33.834038235244876],[-84.458331846632319,33.833964580098353],[-84.458276072227065,33.833885297229642],[-84.45821117610997,33.833793048656993],[-84.458147271342199,33.833702206970756],[-84.458086725772873,33.833616142322576],[-84.458029660963987,33.833535023939106],[-84.457974936955637,33.833457233366822],[-84.457926572854973,33.833388483835137],[-84.457877788680051,33.83331913658553],[-84.457832095453227,33.833254182929885],[-84.457783915055771,33.833185693479983],[-84.45772876809086,33.833107301494678],[-84.457644547893622,33.833042872389605],[-84.457427766400002,33.832679418042005],[-84.457368348646341,33.832579797786408],[-84.457307559766591,33.832477878840521],[-84.457005304088227,33.832078866023771],[-84.456928951925704,33.831970326701807],[-84.456868009041997,33.83188297842122],[-84.456822048385916,33.831812925314701],[-84.456799743348412,33.831772943996221],[-84.456774007795772,33.831726813431722],[-84.456728480018754,33.831653406063523],[-84.45666557829324,33.831545432718002],[-84.456621136945529,33.831466073719071],[-84.45658534458012,33.831402159331162],[-84.456539209909963,33.831319776567923],[-84.456499713334992,33.831249246497279],[-84.456408370601267,33.831183201288972],[-84.456366198051413,33.83115270856149],[-84.4563264731228,33.831090967273688],[-84.456278514525636,33.831028901784386],[-84.45620078559601,33.830927400733763],[-84.456145387780367,33.83085642099126],[-84.456109043927128,33.830769740388611],[-84.456072447045585,33.830709905857965],[-84.456032709880233,33.83064472924238],[-84.455998712429633,33.830558887936228],[-84.45589204887014,33.830434821546923],[-84.455847304366301,33.830358735922971],[-84.455804819559916,33.830277671525351],[-84.455711180534536,33.830082609786082],[-84.455674861273224,33.829990807657239],[-84.455611637431005,33.829873355528285],[-84.455573795387366,33.829803822086433],[-84.455533982344804,33.829727731998737],[-84.455496742702636,33.829658347694362],[-84.455456089588395,33.829565003917914],[-84.455434558565287,33.829494268209785],[-84.455400401099581,33.829407111598286],[-84.455346105794348,33.829306867896399],[-84.455306801077356,33.829236598442257],[-84.455291929412027,33.82919696549807],[-84.455273573681083,33.829148046576982],[-84.455246167883232,33.829077000889853],[-84.45522689054286,33.828976277552883],[-84.455197846301502,33.828896984757606],[-84.455176919451361,33.828803372014065],[-84.455156925266365,33.828732996013848],[-84.455153099389307,33.828689807278302],[-84.455151572733442,33.828641529703852],[-84.455120803597467,33.828547839888529],[-84.455155237826915,33.828475698274787],[-84.455106398328169,33.828395771017917],[-84.455092574533381,33.828327729348111],[-84.455077100760022,33.828251558720048],[-84.455030704625486,33.82816372462252],[-84.455028356180932,33.828077881129111],[-84.455024285734851,33.827996568807933],[-84.455020857973025,33.827928088060219],[-84.455058449607279,33.827845553965574],[-84.45507632758833,33.827776119945085],[-84.455105673012298,33.827689482810051],[-84.455150581175985,33.827579448605448],[-84.455237666319093,33.827526685406788],[-84.455344129500745,33.82754363326282],[-84.455357106467318,33.827465770395833],[-84.455267670822209,33.827391266022779],[-84.455288760627411,33.827297777643338],[-84.455303546559946,33.827244803093393],[-84.455340669747429,33.827168671664005],[-84.455377006893627,33.827100729879348],[-84.455381706042502,33.827029265505118],[-84.455376556032093,33.826958232632535],[-84.45537134710753,33.826886383008585],[-84.455047574182743,33.826887749171803],[-84.454734515499126,33.826890220117697],[-84.45432345719756,33.826932918473481],[-84.453912398474245,33.826975614559338],[-84.453563185641926,33.827049255853709],[-84.453213971120576,33.827122895262306],[-84.452709098151431,33.82717611106667],[-84.452204224544545,33.827229325708437],[-84.451741726270441,33.82715241534396],[-84.451279228812197,33.827075503239648],[-84.450779642453938,33.826985105126973],[-84.450280058213266,33.8268947049812],[-84.449950110750052,33.826695531273927],[-84.449620164810881,33.826496355767908],[-84.449433381207726,33.826397848720312],[-84.449246471150502,33.826300180204711],[-84.449155077486878,33.826290578813648],[-84.448990750286697,33.826227099868696],[-84.448734904048834,33.826154857815013],[-84.448438809710581,33.826235576248024],[-84.448370110313931,33.826262044940435],[-84.448142715891535,33.826316293969455],[-84.447909870144613,33.826606246271375],[-84.447679246059607,33.826896160602836],[-84.447769888190109,33.82717676346973],[-84.447866976804391,33.827477318435271],[-84.447849509415519,33.828333654651161],[-84.447560310745587,33.829326952775034],[-84.447505328894465,33.829397872265922],[-84.446703618123991,33.830431964253592],[-84.446479797068037,33.830808097431785],[-84.446269664546065,33.831161225304307],[-84.445561792631594,33.83196393112808],[-84.44522568393208,33.832152256763919],[-84.444689242550197,33.831958912859562],[-84.444615812285221,33.831915456043632],[-84.444426102622586,33.831841794665387],[-84.444188242536597,33.831662413813412],[-84.443925892944918,33.831437215606059],[-84.443672742061864,33.831334913458129],[-84.443389311031339,33.831240550079002],[-84.442751847417114,33.830649051676502],[-84.44271999157364,33.830588412701935],[-84.442538610386691,33.830389136358235],[-84.442505232083718,33.829948905617478],[-84.443080548906579,33.829182831501193],[-84.443597274218845,33.828331787377465],[-84.443895256744213,33.827775688757043],[-84.443894755120368,33.827436499954203],[-84.443414242457195,33.827004392093812],[-84.443248241675718,33.826825579195457],[-84.44321040328991,33.826773118101791],[-84.443026348303619,33.826285923945406],[-84.442931835412196,33.826231341054878],[-84.442874044416882,33.826187181795198],[-84.442787447254787,33.826130885974237],[-84.442713035511829,33.826093476583985],[-84.442670504968376,33.826036697030865],[-84.442633920216934,33.82598785484641],[-84.442504256707863,33.825818100446128],[-84.442386800088784,33.825702784172606],[-84.442284715491326,33.825636193392562],[-84.442166720962575,33.825486714845056],[-84.441202587861667,33.82502322115652],[-84.440501372003965,33.82466810897936],[-84.440044988570918,33.824483894191054],[-84.438892433724646,33.82445866767457],[-84.438185676552791,33.824646525108392],[-84.437886290943197,33.824654324003156],[-84.437423239304763,33.824847597122613],[-84.43721563685385,33.824934247143638],[-84.4371728195499,33.824986108025392],[-84.437142792380897,33.825035986078248],[-84.439780421343812,33.827142779830922],[-84.43933078938754,33.827444957833244],[-84.439016162436147,33.827656235412995],[-84.437729655692408,33.82850448915179],[-84.437441780498503,33.82858653723769],[-84.436924406884899,33.828728174286141],[-84.434836767829765,33.82928958825886],[-84.433277998078594,33.829704169627369],[-84.43135208013841,33.830398807375481],[-84.430868338449088,33.830507368349529],[-84.430042363850859,33.830696357757461],[-84.429968315098463,33.830710943977166],[-84.429899186902844,33.830719336182547],[-84.429733750374609,33.830732399678617],[-84.429673248440594,33.830734933414199],[-84.429378110188537,33.830735219009966],[-84.429300716789527,33.830732979184752],[-84.429108859319513,33.830721020719082],[-84.428613967357549,33.830684628647397],[-84.428012211534508,33.830700677057131],[-84.42758180853933,33.830754147945193],[-84.427321107382213,33.83084435954342],[-84.427151056806224,33.83096460941816],[-84.427032854388187,33.831079596706559],[-84.426922860356839,33.831186322836274],[-84.42681532959017,33.831290981613101],[-84.426669331950535,33.831470610054375],[-84.426576647345058,33.831584513417106],[-84.426451653592693,33.831750074974252],[-84.427457443034541,33.833807126872628],[-84.427975190418337,33.834855694834573],[-84.42833448712399,33.835499045350026],[-84.428399952521872,33.835635011994377],[-84.428780329639622,33.836397469258365],[-84.429246797204797,33.837393809063222],[-84.429327048566336,33.837560477942368],[-84.429544216650854,33.838202784734854],[-84.429809692335809,33.839126647293945],[-84.42994384158763,33.839914066511632],[-84.430024545768205,33.840992909136475],[-84.429982887590938,33.842013960735322],[-84.429849955980728,33.843094019260967],[-84.429793206119513,33.844071433499103],[-84.428758039721799,33.84521315187957],[-84.428721110712956,33.845253766342225],[-84.427930375854956,33.845977191675814],[-84.427777687052966,33.846130041186242],[-84.427512832673244,33.845952654944625],[-84.427140720579501,33.8457036989345],[-84.426711676516362,33.845415699116117],[-84.425591202148951,33.844655773244092],[-84.425477341352604,33.844578719147719],[-84.424570588435543,33.843966051766849],[-84.424385775238349,33.843841395040982],[-84.423589599532264,33.843305094376873],[-84.42297739954337,33.842886580683647],[-84.422598696116012,33.842627661338817],[-84.421404043987067,33.84181803965599],[-84.420711030722245,33.841350556457733],[-84.420179696494699,33.840982359361483],[-84.419956108200836,33.840827545383291],[-84.419504046670383,33.840535101581892],[-84.419445509830339,33.840508770144261],[-84.418864274905971,33.840247163401003],[-84.418251218931729,33.84008317917462],[-84.417686938470638,33.839986080976686],[-84.417577378334698,33.83996741007558],[-84.416821446351378,33.839934593519494],[-84.416770405898149,33.839937445267005],[-84.416343976198334,33.839959951627186],[-84.416032644722662,33.840207577434093],[-84.415784563940605,33.840404575517773],[-84.415675305482964,33.840490334074822],[-84.415629303464939,33.840526840675061],[-84.415564377283488,33.840567851292938],[-84.415504381191326,33.840605416671636],[-84.415461632628038,33.840628176524241],[-84.415331710239968,33.840686150904503],[-84.414446863830761,33.841063062133493],[-84.413858894303686,33.841318108572509],[-84.413639366963466,33.841426071976841],[-84.413132239784929,33.841735917060838],[-84.412436951564544,33.842183888974837],[-84.412132042407819,33.842380305896533],[-84.412063019870374,33.842429567431751],[-84.411961134129982,33.842503972572707],[-84.411787739941929,33.842622662383405],[-84.411736784598759,33.842655569905403],[-84.411555119421024,33.842761049647841],[-84.411513185243606,33.842781400931536],[-84.411341285349181,33.84284701201598],[-84.411096172524438,33.842936128657868],[-84.41025883247049,33.843239744692006],[-84.40941832614233,33.843590081629181],[-84.408410913570592,33.844029026233265],[-84.408118158606371,33.844161513655266],[-84.407707808966251,33.844347477677516],[-84.40764777688527,33.844374390008717],[-84.40727442658789,33.844542416042366],[-84.407119001293268,33.844612454914994],[-84.406791039259559,33.844817492594544],[-84.406721201744318,33.844871562074189],[-84.406246296900292,33.84523696713299],[-84.406125086959577,33.845323599686125],[-84.406003404128725,33.845388762253343],[-84.405908419927556,33.845431371534424],[-84.40582327813317,33.845460221538652],[-84.405667323027998,33.845488864352291],[-84.40560640203752,33.845492761214018],[-84.405519130366244,33.845496022048138],[-84.404689374562594,33.845581446960672],[-84.404472151214648,33.845637518150177],[-84.404176434417494,33.845596520723056],[-84.403691258226729,33.845527718793903],[-84.403242382403988,33.845484266178431],[-84.402863581105805,33.845471251455209],[-84.402588589381267,33.845480709638117],[-84.402434627000105,33.845485813515381],[-84.401185572694843,33.845504341478467],[-84.40106287669235,33.845501483080689],[-84.400627258263299,33.845487538917141],[-84.400426271098695,33.84545975107843],[-84.400143733179831,33.845419063409963],[-84.399576134662624,33.845318453471371],[-84.399144347653035,33.845199034527404],[-84.398548426853878,33.844976520822904],[-84.398309379082576,33.844879752492773],[-84.397801612683963,33.844674589294996],[-84.396802572391238,33.844270753690211],[-84.396630330692801,33.844213706322058],[-84.396298207039607,33.844102679570575],[-84.396204270140373,33.844076746555899],[-84.396075755857609,33.844052251914697],[-84.395921737803278,33.84403570565172],[-84.39579657955322,33.844034564212926],[-84.395373300348552,33.844048047046456],[-84.395415160365559,33.844263793567279],[-84.39546417149262,33.844425504031832],[-84.39553285075911,33.844552137463154],[-84.395628080507052,33.844753953626686],[-84.395672000737392,33.844858990846241],[-84.395682819416649,33.84490191233445],[-84.395690422434058,33.844974038556771],[-84.395697244231911,33.845061968399634],[-84.395694952776438,33.845128960118352],[-84.395673438890142,33.845243737579075],[-84.395498760639938,33.845972337608416],[-84.395426590392645,33.846081025566384],[-84.395307475960138,33.846215308887061],[-84.395133408877228,33.846381734666494],[-84.394722741749419,33.846772740725704],[-84.394662758617145,33.84682025816808],[-84.394585471725975,33.846863685267373],[-84.394499937117203,33.846901631154488],[-84.394397520636048,33.846938921116354],[-84.394252245564147,33.846960831476409],[-84.393680939014274,33.847016162690309],[-84.393501565292112,33.847066304028772],[-84.393259784293662,33.847181486115417],[-84.392920215987274,33.847373109852136],[-84.392739331943773,33.847475126081349],[-84.392334076443603,33.847738665429887],[-84.392097212659976,33.84784627867375],[-84.391684953551177,33.847952494992846],[-84.391308877325912,33.848040779790132],[-84.391218359993388,33.84806361736419],[-84.390353502170399,33.848280923498656],[-84.389552083002428,33.848513568433631],[-84.389265760559837,33.848603058802212],[-84.388933361694029,33.848707059648348],[-84.388775390141404,33.848756468472345],[-84.388479191798069,33.848849067435779],[-84.388013510040167,33.848997963823841],[-84.387644122745101,33.84912847904679],[-84.387459051225733,33.849207477931508],[-84.387340670835314,33.849283266353623],[-84.387236312498729,33.849368303855869],[-84.38718536531978,33.849409618031409],[-84.387127565428685,33.849462144626827],[-84.386993205837172,33.849605160601925],[-84.38693659904196,33.849687707820692],[-84.386884173888646,33.849794981361995],[-84.38684489019272,33.849889178351475],[-84.386818703950269,33.849953120814767],[-84.386780284080729,33.850063117498834],[-84.386753303364699,33.850138397698238],[-84.386710722062915,33.850231225524823],[-84.386654968614849,33.850325280532118],[-84.38653923805235,33.850472000054964],[-84.386498355387005,33.850515990094017],[-84.3864060425025,33.850609754925898],[-84.385976673335179,33.851068943533178],[-84.385864244524797,33.851219607526176],[-84.385809248488357,33.851288410338768],[-84.385372719500779,33.85189756953816],[-84.385163427234701,33.852189898274574],[-84.385031240831168,33.85232311639389],[-84.384965496416527,33.852375448652779],[-84.384916185227169,33.852414011680217],[-84.384679243335555,33.852499625168981],[-84.384211077352305,33.852653493121672],[-84.383912431702811,33.852762057978978],[-84.383672269325046,33.852877906319279],[-84.383562508306184,33.852946288770838],[-84.383353310819174,33.853095575251189],[-84.38323489607852,33.853161740158164],[-84.383109859782394,33.853214175573022],[-84.383014412992338,33.853244573328205],[-84.382810308996326,33.853291650775837],[-84.382715862979694,33.853292962321383],[-84.382672079114172,33.853306234559838],[-84.382662785085955,33.853384734158418],[-84.3826819566099,33.8535252059364],[-84.382678753114831,33.853797673827287],[-84.382676297266059,33.854006535062403],[-84.382672590970159,33.854323980348404],[-84.382671328193993,33.854455139701628],[-84.382665937103241,33.85501516436485],[-84.382662815361968,33.855339460139902],[-84.382661096161357,33.855518136718935],[-84.382656333694158,33.85572944989071],[-84.38275600724846,33.855838270899675],[-84.382923316983096,33.855981602487148],[-84.383239404494532,33.856253120217055],[-84.38352413153531,33.856496866775579],[-84.383883138540114,33.856804720049254],[-84.384398172549766,33.857262761557415],[-84.384662833889195,33.857473800519379],[-84.384767079520088,33.857549158226036],[-84.384998709888691,33.857693502876081],[-84.385127454682234,33.857769888928374],[-84.385329058972872,33.857888352289955],[-84.385960425661352,33.858244536171597],[-84.386162452484399,33.85834689141123],[-84.386199067140765,33.858386220656719],[-84.386691861907892,33.858915550417073],[-84.38670268912351,33.85900961810237],[-84.386712848714552,33.859097886728499],[-84.386762306052091,33.860078564206283],[-84.386776361421482,33.860421033216085],[-84.386780734746068,33.860520648462284],[-84.38681506476118,33.861282249815524],[-84.386825995928675,33.861391801120931],[-84.386844209751786,33.861523789334136],[-84.386877608980029,33.86168536926656],[-84.38695564509149,33.861927415566228],[-84.387008725136084,33.862072288064219],[-84.387028623801584,33.862124124702277],[-84.387060354073654,33.862194949443008],[-84.387134620548636,33.862349631699637],[-84.387202482020243,33.86247764496013],[-84.387255456821947,33.862581294580032],[-84.387299343381656,33.862673624133542],[-84.387346564953404,33.862781750729233],[-84.387383859645809,33.862872717952875],[-84.387406602526426,33.862933036558744],[-84.387439834547536,33.863021879563632],[-84.38748549866537,33.863164703963058],[-84.38749439897768,33.86322805431449],[-84.387513667102226,33.863389490735671],[-84.387566863171912,33.863898499598832],[-84.387576765973961,33.863978386002763],[-84.387595230434002,33.864105044008497],[-84.387617197008424,33.864158773874429],[-84.387644061268432,33.864214364954591],[-84.387673247683935,33.86427309497796],[-84.387706404343049,33.8643223155008],[-84.387793894203497,33.864429525737428],[-84.388087914829114,33.864748820041818],[-84.388155672305459,33.864835266453248],[-84.388183297797525,33.864904159722101],[-84.38820508599575,33.864994058136844],[-84.388229695244277,33.865114935392342],[-84.388233120483306,33.865165598632622],[-84.388225070051874,33.865237409702225],[-84.388210409398866,33.865301331591311],[-84.388190819864576,33.865359292586312],[-84.388173601574806,33.865399645720359],[-84.388101852210383,33.865521726700877],[-84.388000440873554,33.865639050664257],[-84.387828019538318,33.865846161839634],[-84.387708242966355,33.866028101990757],[-84.387634098880184,33.866162974023872],[-84.387565743780968,33.866341995192315],[-84.387559249758482,33.866383843767061],[-84.387536578075654,33.866529956171298],[-84.38753426176531,33.866620594841628],[-84.387529844153264,33.866793451389945],[-84.38748224982632,33.86750119851083],[-84.387522650048908,33.868157601870998],[-84.387519829709618,33.868661558759044],[-84.387495003615129,33.870855008516571],[-84.387488964598816,33.87138851401977],[-84.387477501288586,33.872374450319192],[-84.387467335705665,33.873224692175739],[-84.387457775153763,33.873990081523928],[-84.387430705560689,33.874993222457739],[-84.387428769395029,33.875995275008293],[-84.387444235176858,33.876089041019512],[-84.387419172527572,33.876912170672931],[-84.387412204992302,33.877085319119942],[-84.38737046476345,33.878135808234283],[-84.387290558253682,33.878138114345361],[-84.387269116667809,33.878880812111554],[-84.387255011646999,33.879369369431068],[-84.387234440715147,33.880338488087773],[-84.387225206431438,33.880911502785096],[-84.387307158411829,33.880972935146396],[-84.387762253280243,33.881314076812345],[-84.388453015634767,33.881831867007598],[-84.388848667746998,33.882128440897134],[-84.38938705830013,33.882804715922809],[-84.389321325909677,33.882810509611772],[-84.389222028854164,33.882822911574088],[-84.389167155073807,33.882828081472219],[-84.389095049332653,33.882828678697685],[-84.389034187153811,33.882834513933915],[-84.389087002737881,33.882937708254069],[-84.389192772312086,33.88307192149567],[-84.389225649592007,33.883041193865452],[-84.389281603317201,33.883034712814364],[-84.389375442506761,33.883020702231455],[-84.389435241720435,33.883003899442365],[-84.389488205879289,33.882989359468056],[-84.389533453256291,33.882979317264912],[-84.389628690521818,33.883076416194314]]]},"properties":{"OBJECTID":273,"LOCALID":null,"NAME":"A","GEOTYPE":"NPU","FULLFIPS":null,"LEGALAREA":null,"EFFECTDATE":null,"ENDDATE":null,"SRCREF":null,"ACRES":7317.4000000000005,"SQMILES":11.43,"OLDNAME":null,"NPU":null,"CREATED_USER":null,"CREATED_DATE":null,"LAST_EDITED_USER":null,"LAST_EDITED_DATE":null,"GLOBALID":"{D279DF9A-5A0E-4D1A-A640-D7977658A3B2}","SHAPE.AREA":318744478.31672001,"SHAPE.LEN":104637.999896804}},{"type":"Feature","id":274,"geometry":{"type":"Polygon","coordinates":[[[-84.454046247798132,33.750702043806633],[-84.454421795511493,33.750733072250497],[-84.454695818650166,33.750772629867441],[-84.455304055738679,33.750895223668223],[-84.455976541235316,33.751045490754692],[-84.45648119656164,33.751183093226636],[-84.457946740160281,33.75162451636789],[-84.460044636824236,33.752256797675905],[-84.462837498241782,33.753101054327367],[-84.463058175794487,33.753171635383175],[-84.463964058502015,33.753493406671382],[-84.464923136334733,33.753973409998551],[-84.465882802300413,33.754619330145935],[-84.466138246476802,33.75482624867157],[-84.467207536024176,33.755692392450477],[-84.467309820566769,33.755775277564695],[-84.468093596779852,33.756449434363333],[-84.468901072244421,33.756982753965033],[-84.468954335755441,33.757017933155737],[-84.46910114423126,33.757832770971376],[-84.469146874949999,33.758206419928705],[-84.469184995455208,33.758520999524109],[-84.469216010747232,33.758686162089766],[-84.469239491512951,33.758813897498463],[-84.469280574574185,33.759035029760213],[-84.469328559063555,33.759379942807293],[-84.469347524393143,33.759447714964757],[-84.469378226704052,33.759557432942991],[-84.469517227165511,33.760231432990139],[-84.469579371804102,33.760603240761917],[-84.469716583564193,33.761424164493889],[-84.469751227398618,33.761631433182217],[-84.46998722768835,33.763086433826047],[-84.469997327870388,33.763195518752703],[-84.470020203729021,33.763442575442255],[-84.470027677928343,33.763523299056665],[-84.470037227192279,33.763626433525054],[-84.470035135943121,33.763820953722657],[-84.470026681089138,33.764607252322243],[-84.470020227211506,33.765207434284427],[-84.470032418783177,33.765546603679596],[-84.470053727478629,33.766139434677974],[-84.470066478588976,33.766205958705882],[-84.470110353173837,33.766434859385804],[-84.47014798435238,33.766631187923316],[-84.470164227547158,33.766715934731295],[-84.470256988233942,33.766964888658734],[-84.470373195363862,33.767272690566585],[-84.470528949617645,33.76756289845796],[-84.470602228016119,33.767699434440814],[-84.470681646076002,33.767787282341622],[-84.470953984871002,33.768088527177369],[-84.471205228399882,33.768366434625854],[-84.47174251672871,33.768931175720212],[-84.471948242440391,33.769147411207577],[-84.472676812890398,33.769914173813476],[-84.473014386184332,33.7702670168445],[-84.473119589530526,33.770375439698725],[-84.473212111885701,33.770482390906601],[-84.4732658647943,33.77056058194367],[-84.473342432354315,33.770692306753439],[-84.473366866589927,33.770738622417674],[-84.473412470133837,33.770838476850265],[-84.473427442407214,33.770884472488731],[-84.473440937061824,33.770977535234628],[-84.473493339370549,33.771599879907242],[-84.473499677388077,33.771762354124562],[-84.473517022938751,33.772243252049044],[-84.473599467949626,33.773676594685888],[-84.473611722116203,33.773883024883688],[-84.473629286288826,33.774194218977257],[-84.47366012377968,33.77476680524542],[-84.473733279833851,33.776131464610778],[-84.473755542441481,33.776308815055664],[-84.473880595189769,33.776374660538742],[-84.474305837095159,33.776572504171547],[-84.475725602209437,33.777179408498903],[-84.476025543647921,33.777307480105996],[-84.476588348989338,33.777548256364405],[-84.47692784432536,33.777693059309556],[-84.477189104158512,33.777816759443041],[-84.477398502073981,33.777932688463963],[-84.477454842293199,33.777967641476522],[-84.477744836669814,33.778147552594028],[-84.4780880013287,33.77839540155054],[-84.479036781167011,33.779113384119817],[-84.479247085920036,33.779250606414962],[-84.479388143546743,33.779350903703076],[-84.479715631500838,33.779584016069215],[-84.480424984407676,33.780069338384543],[-84.481680803526984,33.780815375618339],[-84.482173909269633,33.781110237054101],[-84.482471466113893,33.781254789183571],[-84.482754056358274,33.781356780547767],[-84.48308761650145,33.781446617094744],[-84.483377479095154,33.781512174405492],[-84.48490566965026,33.781807456591181],[-84.485563633497122,33.781956566782547],[-84.485841241782893,33.782044480175848],[-84.485919498177466,33.782069011753293],[-84.486132093012401,33.782153312961483],[-84.486377913956716,33.782322379122895],[-84.486624611033989,33.78250552806184],[-84.48685501292357,33.782731315341316],[-84.486955761834338,33.782829989919257],[-84.487372986584404,33.78328854749163],[-84.488053852103093,33.78405765434966],[-84.488419172068177,33.784495044708905],[-84.488486067575181,33.784561171124842],[-84.488674372690809,33.784748934000177],[-84.489006124586282,33.785009835980844],[-84.48929495700358,33.785235123294228],[-84.489524257771464,33.785382927528332],[-84.489880459434474,33.785580210513274],[-84.490178030383532,33.785720965020978],[-84.490661719115295,33.785903483256071],[-84.491296015148976,33.786093161957432],[-84.492043993803549,33.786316889524663],[-84.492283931292505,33.786446797093667],[-84.492654969965272,33.786647812551308],[-84.493054872253524,33.786884089697914],[-84.49441595353764,33.785230797334933],[-84.49511357292451,33.784333020383613],[-84.49554873018289,33.783442466234881],[-84.495734875016126,33.783062027363741],[-84.496116488284954,33.781451517276139],[-84.49617273258805,33.779562298993703],[-84.496170160389823,33.776956641182267],[-84.496186202159222,33.775129711980625],[-84.496196546417679,33.773748698088738],[-84.496074044596085,33.77269542106017],[-84.495844290409437,33.771777437393695],[-84.495445498865379,33.770541795300772],[-84.49495583695078,33.769420102224082],[-84.494797637206247,33.769118894024977],[-84.494705573036384,33.768943605570968],[-84.494330507619111,33.768313881558498],[-84.494106835204661,33.767905675186761],[-84.493601522645065,33.766986356978528],[-84.493183280023061,33.765813280194557],[-84.492918429625689,33.764955500277402],[-84.492873753013896,33.764671175587004],[-84.492791046668131,33.764119685898791],[-84.492729729228699,33.763568139602583],[-84.492654816564496,33.762901889563999],[-84.492656054044176,33.762576907911601],[-84.49265918162375,33.761821307215158],[-84.49276395777099,33.761093948136569],[-84.492905030047851,33.760116233381943],[-84.493068173498159,33.759536611127672],[-84.493426805249314,33.758449420441295],[-84.493583012492607,33.757994516833136],[-84.494231086099973,33.756452411028768],[-84.494380312634078,33.756326970304841],[-84.494414634426704,33.756267792148385],[-84.494802399754875,33.755278769931707],[-84.495482685510893,33.753567210490253],[-84.495594296667022,33.753285905185045],[-84.495701024313888,33.753018010433138],[-84.496151179935637,33.752005457249332],[-84.496189747664928,33.751908552024318],[-84.49651098228496,33.751123457742203],[-84.496582650887831,33.75093776028293],[-84.496655133771469,33.750749998521947],[-84.498062197918586,33.747048445744873],[-84.498228290838554,33.746614131641088],[-84.498392428616583,33.745881283424801],[-84.498935531756615,33.74403643821239],[-84.499340593465107,33.742655385004802],[-84.500975021834975,33.737152076797983],[-84.501716647176679,33.734524770105082],[-84.502264251538193,33.731555957945368],[-84.501819751534185,33.731553440396098],[-84.501869418991333,33.730821208565942],[-84.501921950475108,33.730021750460018],[-84.502035251007641,33.728272527184572],[-84.502081444913685,33.727563951145484],[-84.502109437156449,33.72713275660093],[-84.502050867176735,33.727134401603642],[-84.502060309991265,33.726726521934253],[-84.502092643783072,33.725329855839711],[-84.502086526385057,33.725215527156578],[-84.501995190738896,33.724543454507547],[-84.501905935361734,33.72390732780088],[-84.501700299857546,33.723905523474215],[-84.501581165627684,33.723993492985265],[-84.501212466971623,33.724265739284888],[-84.501084778730217,33.724134071831195],[-84.500995317024262,33.724041822157261],[-84.501204278312585,33.723901171405416],[-84.500922438657682,33.723898697571485],[-84.500936128044657,33.723989587817492],[-84.500942927332019,33.724081251364375],[-84.500942797831911,33.724173166648008],[-84.500935740281221,33.72426481067189],[-84.500921794837268,33.72435566198299],[-84.500901040849428,33.724445203638794],[-84.500873596407544,33.724532926148704],[-84.500839617670067,33.72461833037304],[-84.500799297975462,33.724700930363127],[-84.500752866742147,33.724780256126337],[-84.500700588163113,33.724855856300337],[-84.500642759702629,33.724927300721347],[-84.500579710403713,33.724994182871747],[-84.499583038200569,33.724995981850327],[-84.499317513223843,33.724996459294175],[-84.498606929502046,33.724997735550502],[-84.498407758035668,33.724998111122147],[-84.498257282947918,33.725041776687931],[-84.49818379084725,33.725067567495259],[-84.498015851645292,33.724987890714687],[-84.497932069159589,33.72493100186994],[-84.497853056355751,33.724910945452486],[-84.497682939505509,33.724934246790909],[-84.497612115523438,33.724905407779659],[-84.497568484129033,33.72489178345176],[-84.497512198993732,33.724901896645022],[-84.497449302334445,33.724880483982915],[-84.497393309205421,33.724886550608844],[-84.497325896364401,33.724938776512666],[-84.497271972877243,33.724962303523291],[-84.497211844728142,33.7249483905182],[-84.497143353791699,33.724922357258848],[-84.497068443722441,33.724894963403962],[-84.497024014099907,33.724924200342073],[-84.496959802522994,33.724931052457947],[-84.49689870901139,33.724893557261964],[-84.496843604465795,33.724920060906065],[-84.496796535153209,33.724928105080316],[-84.496742663570799,33.724880095224052],[-84.496637876654432,33.724906874012419],[-84.496482876547987,33.724852427678769],[-84.496438387672725,33.724879196732267],[-84.496360628625595,33.724965123889845],[-84.496378049368744,33.723372670350457],[-84.496429204745979,33.721610433653701],[-84.496532246863779,33.721648150692651],[-84.496628679423978,33.721683449027303],[-84.497055297081886,33.721842711438235],[-84.497433406227927,33.721983072826809],[-84.497522875497083,33.722016688583061],[-84.497611099997172,33.722049836043198],[-84.498413245946224,33.722352226615115],[-84.498459358703883,33.722359313290198],[-84.498520208040304,33.722382439592025],[-84.498611762287823,33.722417594391359],[-84.49868628952035,33.722446040588956],[-84.498749091646886,33.722469627683935],[-84.498802963834962,33.722490443627017],[-84.498848182851958,33.722507789803444],[-84.498914337218025,33.72253323061976],[-84.498964022167755,33.722552194934195],[-84.499024872670432,33.722575553609936],[-84.499139608243993,33.722619380878371],[-84.499249002944637,33.722658794387364],[-84.499320451606962,33.722683755473042],[-84.49939852093874,33.72271058494583],[-84.499487625514092,33.72274129691867],[-84.499539536382073,33.722759323590616],[-84.499651171774914,33.722797683879044],[-84.499707827015257,33.722817327882986],[-84.499770901957191,33.722839049995763],[-84.499861605649073,33.722870246983632],[-84.499918260085366,33.722889658265359],[-84.499995568977553,33.722916465065744],[-84.500051728388726,33.722932298046324],[-84.500110804562837,33.722948993224755],[-84.500161343608525,33.7229604430498],[-84.500262031684031,33.722974560656986],[-84.500483069397589,33.723001190732951],[-84.500584201123644,33.723013374628479],[-84.501079637602885,33.723012034125659],[-84.501313591728461,33.723011400424973],[-84.502005392111045,33.723009523984587],[-84.501985904228363,33.722279026110094],[-84.50211083679973,33.721372209282201],[-84.502165924465359,33.720972358027595],[-84.502164279369069,33.720917819488925],[-84.50214498278126,33.720813376221955],[-84.502152205677504,33.720517681769749],[-84.502146869338418,33.720340821892925],[-84.502111556079555,33.720031350225362],[-84.502004570930907,33.719099242912613],[-84.502503229842546,33.719079449144168],[-84.502317252539669,33.718280350956839],[-84.501641326468473,33.718242814212708],[-84.501409171610121,33.717954190251191],[-84.500993075758259,33.717723432694335],[-84.500021943517623,33.717475279646457],[-84.499420341305424,33.717322311841059],[-84.49923513024315,33.717265097397565],[-84.498841173730554,33.716803076282211],[-84.498504797540136,33.716775123815012],[-84.498318720939778,33.716705886711608],[-84.49826222657677,33.716553510435325],[-84.497929074207434,33.716294006640759],[-84.497890743174764,33.716160819229145],[-84.497753814398365,33.716043697679879],[-84.497567597888249,33.715937701935893],[-84.49739543194714,33.715850562518746],[-84.497310721729789,33.715628867061369],[-84.497173127992284,33.715552627784135],[-84.496926307441001,33.715544056807346],[-84.496711301917102,33.715611919495039],[-84.496440871133274,33.715627757190518],[-84.496088698774102,33.715767828105363],[-84.495811474684572,33.715942394099493],[-84.495351054363795,33.716155923531495],[-84.495075383425331,33.716523204903403],[-84.494682610997074,33.716582305419593],[-84.494197681699305,33.716622067803549],[-84.493736286967007,33.716797461807261],[-84.493012493926216,33.716818133477972],[-84.49235926005511,33.716607239640773],[-84.491826522265015,33.716396684291539],[-84.491433260030476,33.716107777414777],[-84.491039035966139,33.71578074068632],[-84.490876950446093,33.715530387278527],[-84.490598726102021,33.715222281436752],[-84.490227672526984,33.714933656823654],[-84.490041677806943,33.714664127128351],[-84.489787417403733,33.714606735674579],[-84.48962584426333,33.714491388066286],[-84.489441153006496,33.714376552386867],[-84.489338478388731,33.714376820647765],[-84.489177411013841,33.714396478173477],[-84.489038829112843,33.714493373237474],[-84.488781148473095,33.714493744333375],[-84.488617791634042,33.714481126844149],[-84.488460259035392,33.714553282273137],[-84.488369046566646,33.714786091711922],[-84.488260901467086,33.714887715167777],[-84.488080907838878,33.715005129601529],[-84.487897947131927,33.714957530961811],[-84.487735794440212,33.714954695772946],[-84.48745477290727,33.714996306197733],[-84.487062429437557,33.715170464484714],[-84.486745306536534,33.715454014124887],[-84.486703571829594,33.715728260519604],[-84.486384723530932,33.715990514728695],[-84.486160466120126,33.716264890610347],[-84.485957596671426,33.716320380255176],[-84.485798960838551,33.716331783240761],[-84.485596549717371,33.71651162955223],[-84.485569995055556,33.716667662365779],[-84.485669259003927,33.717053192009971],[-84.485442051241151,33.717197719243671],[-84.485308430626333,33.717527167267434],[-84.485015591874017,33.717711025606093],[-84.48481776985922,33.717796592290469],[-84.48449064975236,33.717747009264087],[-84.484312409078967,33.71774867329875],[-84.484268933923218,33.7176789381897],[-84.483980066420742,33.717602386041165],[-84.483835217713946,33.717339268458616],[-84.483717856182537,33.717172613418811],[-84.483626996436541,33.71705844969005],[-84.483586166818768,33.716686853253421],[-84.483428034223081,33.716611681033307],[-84.483249511804729,33.716581220885956],[-84.483043392013428,33.716423724464306],[-84.482726133323652,33.71622631892572],[-84.482337621352968,33.716103640155048],[-84.482238994243517,33.715887810750395],[-84.482181852200171,33.715774934803107],[-84.482057601566652,33.71574639546705],[-84.481888169198839,33.715728276368957],[-84.481785911030883,33.715643341431829],[-84.481672793233301,33.715511370259385],[-84.481333378090468,33.715323635583438],[-84.481209028170667,33.71526761310303],[-84.481163154975647,33.715088062812697],[-84.48120771917354,33.714908625765055],[-84.481217166931529,33.714568504359654],[-84.481250222046711,33.714389439221037],[-84.480956371538198,33.714295372485545],[-84.480798211835264,33.714210922460182],[-84.480707261373524,33.714069618626269],[-84.480616104922404,33.713871631593378],[-84.48031102408865,33.71385351238353],[-84.480062497376409,33.713787841551515],[-84.479971618434689,33.713665774762447],[-84.479928503247919,33.713565572816982],[-84.479972666326816,33.713501562982287],[-84.479909074044812,33.713422368407578],[-84.479794507484343,33.713342959497524],[-84.479787449145121,33.71321037409168],[-84.479787043909624,33.713098727261716],[-84.479455735104708,33.712908847862721],[-84.476814805881403,33.712925734632329],[-84.476793649758648,33.712406908462782],[-84.476170928533065,33.7124262717929],[-84.475969079330412,33.712421967941488],[-84.475410066226274,33.712431954746258],[-84.474560670672858,33.712449744798214],[-84.474542443929536,33.71240631134345],[-84.472383417781671,33.712154829919889],[-84.472370124255335,33.712284749479267],[-84.469970664018831,33.711948365927853],[-84.469919206651952,33.712005726871489],[-84.469780723710855,33.712135578355024],[-84.469741382661269,33.712170028092473],[-84.469631123631302,33.71226030487022],[-84.469427376400859,33.712417455041887],[-84.468892011018141,33.712841654919842],[-84.468732137971131,33.712968465764881],[-84.468652745756486,33.713069830516901],[-84.468606319089076,33.713194131283878],[-84.468582132499336,33.713330572608548],[-84.468592646116193,33.71351571065459],[-84.468635433023195,33.714230497889609],[-84.468645937258771,33.71441288767091],[-84.468654835742726,33.714606275294955],[-84.46867335155153,33.714963504119488],[-84.468694595615588,33.715160639486314],[-84.468703945970603,33.715248217255002],[-84.468745504311585,33.715494256670873],[-84.46886123606464,33.715791301762295],[-84.468900215418373,33.71588739530948],[-84.468966556086514,33.716049379994629],[-84.46902875490575,33.716202442950582],[-84.469160252146466,33.716657301543798],[-84.469203708262583,33.716857818583811],[-84.469232862061759,33.717199905730652],[-84.469227529504039,33.717554787107105],[-84.469227872941318,33.717652693717042],[-84.469226741605524,33.718033329655867],[-84.469211322465199,33.719028581470305],[-84.469209605437186,33.719242262373676],[-84.469201272883339,33.720649376590764],[-84.468524813868953,33.720793640615092],[-84.467887979058503,33.720929450446945],[-84.467211802400229,33.721073645285216],[-84.466908553690402,33.721138312175917],[-84.466754434652586,33.721191784456934],[-84.466479759394261,33.721290477053081],[-84.465898997077616,33.721499812255452],[-84.465701076863681,33.721577202115576],[-84.464890400250439,33.721894187027765],[-84.464315844988917,33.722086576588772],[-84.464190514726809,33.722125745425224],[-84.464043194393298,33.722181705456563],[-84.463408128222838,33.722444270933515],[-84.463501827163711,33.722459894207333],[-84.463760159926935,33.722504619219841],[-84.464207346237956,33.722577260419172],[-84.465158913455426,33.722783973925829],[-84.465710412269473,33.724618131987476],[-84.466193255160221,33.726459684793376],[-84.466318384377146,33.726974679072434],[-84.464783374750866,33.726944040922838],[-84.463812902438349,33.727009210844841],[-84.463554788428439,33.726920068064878],[-84.462261651980356,33.726915749359307],[-84.457005944943148,33.726905315125471],[-84.457074917576961,33.731107693544494],[-84.457023322771576,33.733442799252302],[-84.457021402159711,33.73352971891881],[-84.456770771973737,33.73351928793425],[-84.456240077506337,33.73349720048963],[-84.455460977767885,33.733697625622455],[-84.453893602263776,33.73402863389466],[-84.453824972562543,33.734043127137909],[-84.45326796996801,33.733955626057217],[-84.453089884782088,33.733914701018811],[-84.452549968867643,33.733790624650986],[-84.451991966985787,33.733700625232821],[-84.450996212600501,33.733626624745021],[-84.450939207859761,33.733630395072169],[-84.450748037689621,33.733621358602598],[-84.450672391649064,33.733623937322314],[-84.450545768195269,33.733628694383832],[-84.44995876951107,33.733695232187841],[-84.449892786795189,33.733699595180276],[-84.449536957985543,33.733723124422241],[-84.449116885986001,33.733722744308913],[-84.448983956875153,33.733722623607932],[-84.44840557168304,33.733713967751306],[-84.448248954939828,33.733711623618831],[-84.448133303060345,33.733710386927683],[-84.447500952390925,33.73370362338602],[-84.447356472507693,33.734551153655545],[-84.447316167789467,33.734800649718153],[-84.44720792340118,33.73539967118986],[-84.447044755767536,33.736305934835308],[-84.446982555280826,33.736650638513943],[-84.446918069302498,33.737051342873329],[-84.446871310624488,33.737340014967913],[-84.446692304603985,33.738435600232997],[-84.446794655914957,33.738707810581808],[-84.44681168863363,33.738846312246466],[-84.446679191180564,33.744000329696632],[-84.440251787096045,33.743989139369887],[-84.440268458535755,33.745816626467708],[-84.440226757900675,33.747503519327338],[-84.440222640351138,33.747999542189],[-84.44124274039946,33.748489086963943],[-84.442188443777738,33.749215609716387],[-84.442658414516416,33.749576298290542],[-84.443348390154569,33.750060506603901],[-84.444133035784475,33.750585571316677],[-84.44427282726258,33.750677645944769],[-84.444680564562944,33.750863952377131],[-84.444754482641045,33.750897798089525],[-84.444879903526711,33.750955225876304],[-84.44543756067111,33.751210242312418],[-84.446104219487793,33.751380932107956],[-84.446399895940459,33.75146605756774],[-84.447873745341298,33.75159161683888],[-84.448989883640948,33.75149577078863],[-84.450734570454628,33.751168849394993],[-84.451529300938617,33.7509787636724],[-84.451993657991295,33.750871540528301],[-84.4525485527261,33.750784030762908],[-84.453036068429256,33.750716255131827],[-84.453216154530409,33.750703813715631],[-84.4538864665586,33.750697103098098],[-84.454046247798132,33.750702043806633]]]},"properties":{"OBJECTID":274,"LOCALID":null,"NAME":"I","GEOTYPE":"NPU","FULLFIPS":null,"LEGALAREA":null,"EFFECTDATE":null,"ENDDATE":null,"SRCREF":null,"ACRES":6137.1300000000001,"SQMILES":9.5899999999999999,"OLDNAME":null,"NPU":null,"CREATED_USER":null,"CREATED_DATE":null,"LAST_EDITED_USER":null,"LAST_EDITED_DATE":null,"GLOBALID":"{838425F3-2E8A-4AC9-8F14-3B52E15D598B}","SHAPE.AREA":267332371.325555,"SHAPE.LEN":91097.380614665104}},{"type":"Feature","id":1602,"geometry":{"type":"MultiPolygon","coordinates":[[[[-84.529632985374761,33.733439488935424],[-84.529758840472979,33.733487425036174],[-84.529901193046811,33.733540749452807],[-84.530002242027308,33.733562436293404],[-84.530264229505249,33.733615186418056],[-84.530401482538409,33.733640915734121],[-84.530567082168531,33.733670706267041],[-84.53088848184457,33.733732598556401],[-84.531159613345366,33.733785142179308],[-84.531250001669378,33.733794816075637],[-84.531351162393548,33.733811646074649],[-84.531636537513052,33.733851477447296],[-84.531787278434109,33.733893666515371],[-84.531907033307135,33.733916799537887],[-84.532387652538247,33.734009020966433],[-84.532692941891483,33.734068197199058],[-84.533623843769604,33.734272715463312],[-84.534002578526241,33.734361004560718],[-84.534407203095014,33.734455235733328],[-84.535376323302756,33.734678795167142],[-84.535595869146448,33.734719798514391],[-84.53573782871608,33.734732701638578],[-84.535963483697586,33.734730275974925],[-84.536321680330715,33.734653193035015],[-84.5367362839566,33.73448304899869],[-84.537080923881661,33.73434282564223],[-84.537216643551332,33.734290535516259],[-84.537389348368194,33.734226623704402],[-84.537528143613585,33.734177661021775],[-84.538363784835894,33.733920245709733],[-84.538648723828516,33.733847195020516],[-84.538817204766588,33.733807235538002],[-84.538888986780734,33.733788910380248],[-84.53896091948323,33.733771000388664],[-84.539160100761165,33.733727366509783],[-84.539714005783281,33.733602402337183],[-84.539915498796248,33.733563468691223],[-84.540522234349055,33.73349394345238],[-84.540626768006021,33.733482707006281],[-84.540702164568046,33.733478555560517],[-84.5408582745698,33.733471456356405],[-84.541096005474316,33.73346064534104],[-84.54110124443207,33.733432476234341],[-84.541106119515447,33.733404263148032],[-84.541110628570351,33.733376006990298],[-84.541114773778972,33.733347713164498],[-84.541118554066429,33.733319382575573],[-84.541120870936467,33.733300477799077],[-84.541124041263345,33.733272094960185],[-84.54112684563782,33.733243686181261],[-84.541129282988976,33.733215253268796],[-84.54113135333283,33.733186799829433],[-84.541133056685425,33.733158329469681],[-84.541134393062762,33.733129845796249],[-84.541135361397792,33.733101351517213],[-84.541135983005745,33.733072536399263],[-84.541136195084349,33.733044345565517],[-84.541136060463984,33.733015840204338],[-84.541135673292146,33.73299105492881],[-84.541134711073525,33.732958850790183],[-84.541133764902625,33.732930340676361],[-84.541131996421072,33.732901833056061],[-84.541130227936847,33.732873324533912],[-84.541127637147042,33.73284481940685],[-84.541125047851267,33.732816657804946],[-84.541122318953086,33.732793374570825],[-84.541117922497605,33.732756865531847],[-84.54111481006106,33.73273149342787],[-84.541109492060983,33.732697232299479],[-84.541104774214844,33.732668965345731],[-84.541101284548418,33.732646682547625],[-84.541096665399067,33.732623993823481],[-84.54109330812436,33.732606848244444],[-84.541090349830426,33.732590376793922],[-84.541085936589866,33.732570122810579],[-84.541077691982252,33.73253438192372],[-84.541070982332286,33.732506432979065],[-84.540909911935458,33.731754574376581],[-84.540860726231529,33.73156382444369],[-84.540823624731829,33.731422740622257],[-84.54081135568785,33.731375688036586],[-84.54078496190742,33.731274461812369],[-84.540546834424049,33.730378279261984],[-84.540511005269792,33.730243437219073],[-84.540462784517246,33.730051828483866],[-84.540415156645366,33.729850314163386],[-84.540363000381205,33.729656125031418],[-84.54028527199921,33.729336329001661],[-84.540277410537342,33.729305929180349],[-84.540273278688545,33.729290760534127],[-84.540266838321088,33.729268054733538],[-84.540260106853211,33.729245408420702],[-84.540253086447223,33.72922282249062],[-84.540245777122891,33.729200301451492],[-84.540237291585314,33.729175294503442],[-84.540230294992469,33.729155462150793],[-84.540222123285417,33.729133148394098],[-84.540216517752981,33.72911831420857],[-84.540207871787672,33.729096126313571],[-84.540198941280138,33.729074016820789],[-84.540192831334153,33.729059322112782],[-84.540186595291729,33.729044663851958],[-84.540177007372051,33.729022747496408],[-84.540167139266245,33.729000918546198],[-84.540160405352381,33.728986415070885],[-84.54015354752012,33.728971952544335],[-84.540143030722319,33.728950336540862],[-84.540128576970787,33.728921663475425],[-84.540121167470659,33.728907391962558],[-84.540109824277891,33.728886068787638],[-84.539974715136367,33.728592502920421],[-84.539843727624415,33.728337238418682],[-84.54000365340238,33.72834100634784],[-84.540105460129553,33.72834140272478],[-84.540626735324054,33.728343424725423],[-84.54105608749957,33.728345089373846],[-84.541384729340805,33.728346362078341],[-84.541709096775563,33.728347618036352],[-84.542074721279548,33.728349031753623],[-84.543128379120802,33.728353100610938],[-84.543585844647126,33.728354864614651],[-84.5441080845995,33.728356876187782],[-84.544504545161857,33.72835841928439],[-84.544729284765765,33.728359314780235],[-84.544940582641843,33.728360122104476],[-84.544994789227488,33.728360335649249],[-84.545296539268762,33.728361485566388],[-84.545677328696357,33.728362942204051],[-84.546062788547516,33.728364409467133],[-84.546284808606771,33.72836525638759],[-84.547026651348773,33.728368082524014],[-84.547125915640478,33.728368457500487],[-84.548334687913211,33.728373075126406],[-84.548587951930685,33.728373322725631],[-84.550129735913487,33.728375415542097],[-84.550836081583967,33.728376311109443],[-84.550840698338504,33.72684627876567],[-84.550841880303452,33.726458618033256],[-84.550843251986095,33.726005034963741],[-84.550844159165877,33.725705129410002],[-84.550845041267436,33.725413399216855],[-84.550845960093625,33.725109324349852],[-84.55084685051726,33.724814858484159],[-84.550847735274388,33.724522510607812],[-84.550848049671202,33.724418453329122],[-84.550848907735883,33.724125683542908],[-84.550849729843449,33.723844944627466],[-84.550850514065459,33.7235777414515],[-84.550851490432223,33.723244432878381],[-84.55085245785196,33.722914443305015],[-84.550853394655334,33.722594776851032],[-84.550853922499257,33.722414619239672],[-84.55083814202014,33.722279540977489],[-84.550802448503077,33.721974007350987],[-84.550766660998931,33.721667662501218],[-84.550731208055595,33.721364180239661],[-84.550697080206987,33.721072042959186],[-84.550624438022268,33.720450209107092],[-84.550598335960203,33.720226775440011],[-84.550093501747256,33.720226625151703],[-84.550046536194685,33.72022595314418],[-84.549915893969938,33.720224084624562],[-84.549478493200823,33.720217617451951],[-84.549116164774162,33.720212258852442],[-84.548551769588968,33.720203575792475],[-84.548498324226571,33.720203053971282],[-84.54843148348489,33.720201902701461],[-84.548375106645665,33.720200932749052],[-84.548272206099398,33.720199161589846],[-84.547381744636766,33.720181882083601],[-84.547132191582364,33.720173064681958],[-84.546913919174969,33.720168719161585],[-84.546253464846018,33.720155565968675],[-84.545904970533812,33.720143783432668],[-84.545904152696693,33.720198514598557],[-84.545761952396063,33.720199615666878],[-84.545410292214612,33.720202340065264],[-84.544984537165988,33.720205637580747],[-84.544517248298774,33.72020925455594],[-84.544194460093152,33.720211751912956],[-84.543437235267916,33.720217607696647],[-84.543444263758346,33.720850345220036],[-84.543447477317869,33.721139616085857],[-84.543453045451415,33.721534618628262],[-84.54345520945121,33.721688115163253],[-84.543457816172236,33.721873047441591],[-84.543461985267712,33.722168848734469],[-84.543465408895685,33.722247598737333],[-84.543192363760056,33.722246620037573],[-84.543021700706888,33.722246008637214],[-84.542339048491229,33.722243559775578],[-84.54195289448235,33.722242173057843],[-84.541238175168857,33.722239602756105],[-84.540982854461546,33.722238685334609],[-84.54021834039149,33.72223592822823],[-84.539395872914881,33.722232959901426],[-84.539269227766155,33.722233585488659],[-84.539168719654114,33.722851660241012],[-84.539025828835349,33.723654235718577],[-84.538994348981348,33.723980685459708],[-84.538980967377569,33.724118825038914],[-84.538907594947418,33.724455019871257],[-84.538825344917569,33.724830060331563],[-84.538772973349509,33.725079278575883],[-84.538764238563729,33.725151102744235],[-84.538754783808884,33.725246632676573],[-84.538750161670905,33.725318787981585],[-84.538747182523295,33.725390594805219],[-84.538745901216899,33.725474763605945],[-84.538747085154938,33.725558582349514],[-84.538751559543826,33.725642733807014],[-84.53875680281898,33.72571451585393],[-84.538764512834547,33.725786290467546],[-84.538773045107902,33.725858062602335],[-84.538784042648714,33.725929483777122],[-84.538798394025278,33.726015667550278],[-84.538812692455849,33.726089827016771],[-84.538843735377725,33.726233329145828],[-84.538862980722811,33.726310565468211],[-84.538883869122813,33.726387454205742],[-84.538906400574106,33.726463993554276],[-84.538940574098064,33.726570728470776],[-84.538984313034391,33.726701027225324],[-84.539131463500894,33.727047978284162],[-84.539251199516244,33.727235317172024],[-84.538062188528698,33.727294105144907],[-84.537807321531815,33.727294523315891],[-84.537716003966494,33.72728414827818],[-84.537626293590009,33.727264836557808],[-84.53754065612307,33.727236580753214],[-84.537459915323183,33.727199721929708],[-84.537384897896317,33.727155288205871],[-84.537099604860671,33.7269720120415],[-84.536856364077238,33.726815403624585],[-84.536834360738055,33.726802911336655],[-84.536907884482304,33.726745150058058],[-84.537276239940439,33.726351932818943],[-84.537226981921989,33.726327297755468],[-84.536910330359447,33.726170325400012],[-84.536532241434799,33.725982870066559],[-84.536513620133036,33.725973636989181],[-84.536405995826428,33.725557049511487],[-84.5363270666125,33.725251602334524],[-84.536252379633936,33.724962488492437],[-84.53617278174967,33.724654345433571],[-84.536168938264382,33.724463243997469],[-84.536168708817343,33.724314509517171],[-84.536168275169857,33.724033254928933],[-84.536167841418134,33.723751973278588],[-84.536167407794039,33.723470718664714],[-84.536166974181626,33.723189464037986],[-84.536166541346233,33.722909143510741],[-84.536166053791874,33.722592628898504],[-84.536165056401671,33.722215545312231],[-84.522872358248577,33.722117557729284],[-84.522831271461186,33.724420668323056],[-84.522829799596693,33.724502432864206],[-84.522807741814233,33.725739073265295],[-84.522972201348281,33.725740118183751],[-84.522994319552922,33.72450195829861],[-84.522999023820972,33.724239682059022],[-84.523753894946253,33.724237501767199],[-84.524197941380223,33.724236217073972],[-84.52419684254599,33.724297811423192],[-84.524193262340233,33.724498493273131],[-84.524191659534068,33.724588444331431],[-84.524186500446959,33.724878087139281],[-84.524182663913919,33.725093470297487],[-84.524172924446731,33.725640328858091],[-84.524171010845066,33.725747719709318],[-84.524173477587738,33.7258026296713],[-84.524422793617802,33.725804213227576],[-84.524776078021532,33.725806456011902],[-84.525224285967454,33.725809349129477],[-84.525258472164694,33.725810133493006],[-84.525279820040183,33.7258110407845],[-84.525301145451749,33.72581225470028],[-84.525322443011831,33.725813777059244],[-84.525343705163451,33.725815606981726],[-84.525364926504068,33.7258177426801],[-84.525388791082449,33.725820537020191],[-84.525408218426605,33.725816309533009],[-84.52543666556042,33.725813331681955],[-84.525462710658843,33.725817611912191],[-84.525488627317017,33.725822402846838],[-84.525514432368794,33.725827600746712],[-84.525533689825423,33.725831816830521],[-84.52555817003045,33.725837593826867],[-84.525582536231482,33.725843720090111],[-84.525866096496244,33.725918266814382],[-84.526152470263838,33.72598889782445],[-84.526188150892466,33.725996629339626],[-84.526222797979415,33.72600389318972],[-84.526257508902248,33.726010937742004],[-84.526292282585445,33.72601776390124],[-84.52632711794962,33.72602437167059],[-84.526362010667057,33.726030758357595],[-84.526396960744989,33.726036925765449],[-84.526431966021249,33.726042872998789],[-84.526467023254668,33.726048599165381],[-84.526502131365902,33.726054104268329],[-84.526537287117449,33.726059388316955],[-84.526572490505359,33.726064450409659],[-84.526607739371201,33.726069290552665],[-84.526643029398443,33.726073908758501],[-84.526678360586828,33.72607830502713],[-84.526721704638533,33.726083386625454],[-84.52677570349168,33.726089237810214],[-84.526853172712862,33.726096994244116],[-84.526902131764899,33.726101429145857],[-84.526944146884105,33.726104814922941],[-84.526993218429752,33.7261082792797],[-84.527042337430501,33.726111220518639],[-84.527091498482633,33.726113636852162],[-84.527119605718482,33.726114782873147],[-84.5271453044856,33.726115678946158],[-84.527189910060429,33.72611689761488],[-84.5272358314146,33.726117691353082],[-84.527251439177348,33.726241541274575],[-84.527252157374917,33.72667492587339],[-84.527252973797687,33.72716765706808],[-84.527253712576368,33.727613173305095],[-84.527254267677975,33.727947936207123],[-84.527254758486322,33.728243842476076],[-84.527255695921653,33.728809343019861],[-84.527255953808847,33.728964920939866],[-84.527256343071144,33.729198867569202],[-84.527257228563229,33.729731289184933],[-84.527257558747934,33.729929432167118],[-84.527257865091357,33.7301138754775],[-84.527147410020774,33.730112123247359],[-84.526845842147196,33.732222127294882],[-84.527031730553347,33.732311099372787],[-84.527080303804638,33.732332884036197],[-84.527146239987502,33.732361721226219],[-84.527237844609786,33.732401031883448],[-84.527353390951163,33.732443819651081],[-84.527443091675408,33.732487923498191],[-84.527677086538901,33.732592771020293],[-84.527456168587975,33.734332953867082],[-84.527745677313092,33.734469739671319],[-84.527943761721374,33.732702395927923],[-84.528109700846272,33.732776207518903],[-84.52825860634556,33.732846321490506],[-84.528345347726315,33.732885262356824],[-84.528442082126503,33.732927004177157],[-84.528535344505954,33.732966584011585],[-84.5286943620616,33.733035575917114],[-84.529091763346145,33.733217765105415],[-84.529177773323184,33.733256336047226],[-84.529284304143971,33.733296536369593],[-84.529391834135652,33.733342835155263],[-84.529497609568509,33.733388378006111],[-84.529632985374761,33.733439488935424]]],[[[-84.517336602774677,33.731919442799644],[-84.517071587001652,33.732469844479951],[-84.516909288498184,33.733002777748069],[-84.516870335956185,33.733535361017331],[-84.516975150177316,33.734033184347723],[-84.517306246942539,33.734564717324162],[-84.517719230404566,33.735010134045766],[-84.51835794269563,33.735351846706543],[-84.519078682276756,33.735641793338878],[-84.520952614050515,33.736392198882776],[-84.527000099346211,33.73844765978918],[-84.526999093474871,33.738229013653914],[-84.525410913695367,33.73771809353061],[-84.525804021971169,33.7333770109867],[-84.524220694138052,33.732302396181389],[-84.524482746612136,33.730682069667445],[-84.524087977580919,33.73034693188653],[-84.523856764031663,33.731491672132101],[-84.523552005042802,33.731314274586687],[-84.523727609921878,33.730041764428364],[-84.52140524326839,33.730056171093189],[-84.521493615702553,33.729086405008673],[-84.521335499892018,33.729034086268584],[-84.521110153221386,33.731461138683365],[-84.518473727385782,33.731405057891465],[-84.517588454876304,33.731386237307824],[-84.517336602774677,33.731919442799644]]],[[[-84.536497720136936,33.705997022183894],[-84.53646421139095,33.706163582882567],[-84.536479158292181,33.706163771667498],[-84.536197589257398,33.708935531309415],[-84.541177124301313,33.708959353927064],[-84.541175775897756,33.709406293051842],[-84.541416732532994,33.709425143569916],[-84.5418661674763,33.70936675310849],[-84.542111742327933,33.709313103158081],[-84.542444847702257,33.709318699429453],[-84.542605321511772,33.709386491815224],[-84.542704864408918,33.709402334797872],[-84.542826689739513,33.709460364185901],[-84.543040545279993,33.709462804560886],[-84.543175634912231,33.709450702907347],[-84.544198876963506,33.709359033573804],[-84.544383703681333,33.709225062148377],[-84.544865477474374,33.709245614641063],[-84.545456163374737,33.709288835296128],[-84.54453142841075,33.706265070498489],[-84.536481474662168,33.706163800799452],[-84.536497720136936,33.705997022183894]]]]},"properties":{"OBJECTID":1602,"LOCALID":null,"NAME":"Q","GEOTYPE":"NPU","FULLFIPS":null,"LEGALAREA":null,"EFFECTDATE":null,"ENDDATE":null,"SRCREF":null,"ACRES":1068.27,"SQMILES":1.6699999999999999,"OLDNAME":null,"NPU":null,"CREATED_USER":"GIS","CREATED_DATE":1546448116000,"LAST_EDITED_USER":"GIS","LAST_EDITED_DATE":1623852262000,"GLOBALID":"{B18D04FC-2E99-41DA-9034-9E317CD6FD79}","SHAPE.AREA":33968737.876201801,"SHAPE.LEN":52810.341884200803}},{"type":"Feature","id":271,"geometry":{"type":"Polygon","coordinates":[[[-84.499448325096822,33.794305028746102],[-84.499362366071338,33.794354580602281],[-84.499240781235983,33.794423758086516],[-84.499106054853726,33.794496113097281],[-84.499040114132399,33.794526633846317],[-84.498771482324429,33.794634710805553],[-84.498795546794483,33.795044433261523],[-84.500062277719479,33.796251712343384],[-84.502095569094365,33.794211755583774],[-84.502831198633402,33.794302227127453],[-84.504615629495333,33.794393196274711],[-84.504909467679013,33.794408193304101],[-84.505622746209085,33.794569411102898],[-84.50616326096852,33.794742437571358],[-84.506913456748762,33.795081837686595],[-84.507779490901541,33.795501395661056],[-84.507842046732875,33.795442264091776],[-84.507906300267081,33.795381527374232],[-84.507986346398056,33.795239587117976],[-84.508072270383877,33.795204825373752],[-84.508106130240691,33.795128742792571],[-84.508151590764726,33.795120375032354],[-84.508206403429767,33.795073894056792],[-84.508265598782614,33.79503076045345],[-84.508316788883988,33.794987190052112],[-84.508463975799174,33.794909852180439],[-84.508504053871107,33.794821637751731],[-84.508560446013746,33.794763180192142],[-84.508608792493177,33.794717478845563],[-84.508652724523429,33.794675949908907],[-84.508743350396429,33.794598186006723],[-84.508815465251146,33.794522409206493],[-84.508882699693061,33.794460731407938],[-84.508950380295516,33.794395315915374],[-84.508985027401579,33.794361827345568],[-84.509121470103139,33.794232848794472],[-84.509248730824197,33.794112547778319],[-84.509316472554758,33.794072371679334],[-84.509367992221073,33.794023703822539],[-84.509409113448925,33.793984858505937],[-84.509494425054939,33.793916946666592],[-84.509555765701933,33.793822306284056],[-84.509676204469315,33.793761053621829],[-84.509805392986124,33.793687980277596],[-84.509894355231168,33.793639015107487],[-84.51005041228342,33.79354601883206],[-84.510132870320518,33.793472020268382],[-84.51036264195443,33.79331164035365],[-84.510392347952234,33.79327963212792],[-84.510439718991094,33.793248903701908],[-84.510516273736926,33.793248690373623],[-84.51063199631561,33.793172103911473],[-84.510724782968126,33.793105136041547],[-84.510803361760864,33.793017038893332],[-84.510907693967141,33.792973119910293],[-84.511063790717941,33.792865801401057],[-84.511137473529558,33.792815143216266],[-84.511219561246136,33.792764758157574],[-84.511314790763137,33.792709627039173],[-84.51140097980516,33.79265466627222],[-84.511534882650139,33.792564993972057],[-84.511643084323453,33.79249253187276],[-84.511718629720221,33.792452471486556],[-84.51181968126069,33.792389758887751],[-84.511951017380852,33.792330211891006],[-84.51202490707243,33.792287751261391],[-84.512163645290215,33.792205259876354],[-84.512258884101385,33.792151402929669],[-84.512397733216517,33.792071894516425],[-84.512492095820136,33.792029827962047],[-84.512622699730969,33.79197106222631],[-84.512699797369265,33.791907980574074],[-84.512837769818049,33.791840262241386],[-84.512980687601669,33.79177459013448],[-84.513064406543663,33.79172110842655],[-84.513150993002711,33.791659972652504],[-84.513278693681556,33.791600272155279],[-84.513403486730638,33.791529498469728],[-84.513495450526307,33.791480115623372],[-84.513637300750915,33.791392343711991],[-84.513694969090778,33.791357461849955],[-84.513765885488908,33.7913185493029],[-84.513856801480443,33.791268663311357],[-84.513924948532718,33.791231269623985],[-84.514036527897318,33.791182128708321],[-84.514092409338474,33.791139382125927],[-84.514167564279177,33.791098142887904],[-84.514281674148648,33.79103552944396],[-84.514359946126817,33.790992580802708],[-84.514421121027411,33.790964819836788],[-84.514497962551289,33.790928679861189],[-84.514535796490122,33.790896087797876],[-84.514607737904328,33.790856611954688],[-84.514706635018825,33.790802345175067],[-84.514809246133325,33.790746039133388],[-84.514891590514637,33.79070085520506],[-84.515017505419465,33.790631761895931],[-84.515092357777178,33.790590688851402],[-84.515167617315754,33.790179167061908],[-84.515179468743341,33.788569246292163],[-84.51544042154876,33.78589667551266],[-84.515199518750151,33.785848543755684],[-84.515214979813948,33.78402306306451],[-84.515222017350979,33.783192103406328],[-84.515138853936719,33.783177223076123],[-84.515055679422829,33.783159594500979],[-84.514974139404345,33.783139213035952],[-84.514894235278348,33.783116422207712],[-84.514792896875335,33.783083385973768],[-84.514694831966025,33.78304621809346],[-84.514493760863971,33.78297017838814],[-84.514354588250242,33.782940683706762],[-84.514244335550941,33.782941337834835],[-84.5141332603649,33.782942337707894],[-84.514025563407728,33.782964626678634],[-84.513416017014833,33.783206123235871],[-84.513233612993488,33.78324989668608],[-84.51302516046178,33.783295178406313],[-84.512939654748095,33.78331156597617],[-84.512831505270228,33.783330805805562],[-84.512722142614919,33.78334857474961],[-84.512612756362969,33.783360217872819],[-84.51251730813712,33.783367572372576],[-84.511993565616621,33.783367300801672],[-84.511778455696685,33.783366676359151],[-84.510995894479521,33.783348594384954],[-84.510881814840502,33.783347195023779],[-84.509558380444233,33.783330955033087],[-84.509405332206441,33.783329319057486],[-84.509328826339839,33.783329016690004],[-84.509252286996457,33.783328713466389],[-84.509099244233965,33.783328451206245],[-84.508868862758078,33.783329433837032],[-84.508724732853963,33.783331128215714],[-84.508616268799543,33.78333150817614],[-84.508465701238194,33.783332955909032],[-84.508366147020496,33.783334262207696],[-84.508265770287153,33.783335914230548],[-84.508215950269133,33.783336911406458],[-84.508166218788546,33.783337907415572],[-84.508065844488542,33.783339902796719],[-84.50796629570462,33.78334258286813],[-84.50781574036472,33.783347121522624],[-84.507716191844779,33.783350144919211],[-84.507615824323295,33.783353857553607],[-84.507516280949559,33.783357911357548],[-84.507366556512338,33.783364508334621],[-84.50721255626604,33.783330237145186],[-84.508065038770184,33.78251474988344],[-84.5087023948047,33.781857202346188],[-84.509042624758479,33.781506189712559],[-84.509130354420137,33.781428652545408],[-84.509185453077777,33.781378475318803],[-84.509233651038286,33.781334582772608],[-84.509336120550714,33.781239484626397],[-84.509436942629776,33.78114370391507],[-84.50951972260286,33.781063088468336],[-84.509564037683234,33.781019002807717],[-84.509618066653246,33.780965252424657],[-84.509683628318868,33.780899799937046],[-84.509773768940022,33.780808170971106],[-84.509856533204371,33.780723776535041],[-84.509910612429636,33.780667287579213],[-84.509964687759606,33.780610110653157],[-84.51003186975575,33.78053846997193],[-84.510098226129699,33.780466144495975],[-84.510162935485624,33.780393480040665],[-84.510227641989388,33.780320128503462],[-84.510291524244977,33.78024643569924],[-84.510354582253782,33.780172401629343],[-84.510416815721044,33.780097681866437],[-84.510478223867707,33.780022621744912],[-84.510526525348197,33.779962026279868],[-84.510586285031337,33.779886283641481],[-84.51064521910115,33.779809856219408],[-84.510703327558389,33.779732744014815],[-84.510760613147667,33.779655633175068],[-84.510817073130681,33.779577838456724],[-84.510872708878793,33.77949970248315],[-84.510938971666775,33.779404360448332],[-84.511004409881778,33.779308333622268],[-84.511057568764954,33.779228142405962],[-84.511114903639296,33.779139768778379],[-84.511161411101781,33.779066050977427],[-84.511201466144556,33.779001012401359],[-84.511458142785457,33.778583938920761],[-84.511528879658343,33.778464599325723],[-84.511583164105687,33.778368884666087],[-84.511618294412642,33.778306950562836],[-84.511793898370058,33.777985604584437],[-84.511978478478937,33.778056198499684],[-84.512500007350212,33.777212749507889],[-84.512555588667098,33.777121558849494],[-84.512609521935602,33.777030029257148],[-84.512658682908238,33.776946597196044],[-84.512717386745422,33.776846625574144],[-84.512769671443081,33.776754413475864],[-84.512848098280827,33.776616095285675],[-84.512900381314438,33.776523538704673],[-84.512951017398578,33.776430644095583],[-84.512997310453784,33.776345715992171],[-84.513052289241017,33.77624485481298],[-84.513343808065983,33.775698856506423],[-84.513389647285223,33.775614566988622],[-84.513421397849655,33.775557447633005],[-84.513461428805371,33.775487255446471],[-84.513516999999894,33.775394346725697],[-84.513573395178497,33.775301779190698],[-84.513639606363427,33.775204278163628],[-84.513691132247288,33.775119033925016],[-84.513736931492687,33.775051230121328],[-84.513799097690153,33.774961738001579],[-84.513863733288488,33.774872582430525],[-84.51391200733967,33.774806489237605],[-84.513979116385997,33.774718699855427],[-84.514047052171378,33.774631939594542],[-84.514116636016695,33.774545861711665],[-84.514386803682555,33.774216343596699],[-84.514448208362808,33.774142312048781],[-84.514504712792771,33.77407722600968],[-84.514562865327164,33.774012822354443],[-84.514621020552255,33.773949105719929],[-84.514673451480277,33.773893993400065],[-84.51519122005223,33.774166324118717],[-84.515172202241672,33.77263834973558],[-84.515172802500331,33.772430884119473],[-84.515223310134957,33.769349223313462],[-84.515263252242605,33.765746227311098],[-84.515272463519935,33.765082672859258],[-84.515308469053963,33.762488754554106],[-84.517377438370318,33.762516559175467],[-84.517527984353137,33.762518536040332],[-84.52478533996026,33.762594226052464],[-84.524896715270842,33.757728496743162],[-84.52563702347841,33.757736817913873],[-84.533809592481674,33.757828384796511],[-84.535028687018297,33.757841929363373],[-84.535011282151004,33.757213360849782],[-84.534937245289001,33.754539510785094],[-84.534930965547332,33.753070725479589],[-84.534926165494767,33.751947956537528],[-84.534968457803743,33.751259053879487],[-84.53508937369179,33.751261097792643],[-84.535210290663812,33.75126314158409],[-84.53553195078608,33.751277983253573],[-84.535650387475471,33.751277285792753],[-84.535763029561636,33.751267673789414],[-84.535873994649251,33.75125085259014],[-84.535953663351393,33.75123695339078],[-84.536061278611882,33.751193610065357],[-84.536145187646056,33.751145616553643],[-84.537275132931128,33.750010634299599],[-84.537356217973013,33.749931379183302],[-84.537442291355319,33.749847269870997],[-84.53751838908471,33.749773211413888],[-84.537599475159041,33.74969429966243],[-84.537681383556162,33.749615385385979],[-84.537762470812766,33.749536817052025],[-84.537844381871352,33.749458589716667],[-84.537920757476769,33.749386053964329],[-84.53800902560566,33.74930178797959],[-84.538091760165841,33.749223901530854],[-84.539579746518868,33.749251707640816],[-84.53959881816003,33.748907433028258],[-84.540350143111638,33.748242149208046],[-84.539900969843771,33.747648514633411],[-84.539824568577103,33.747574335909611],[-84.53974408509859,33.747506079797006],[-84.539626192082295,33.74744116545935],[-84.539571852642197,33.747414775970412],[-84.539481964503736,33.747372551712843],[-84.539409440725564,33.747338761307304],[-84.539336921055153,33.747305657904647],[-84.539190241439982,33.747240486507117],[-84.539083101902847,33.747189623893206],[-84.53900965313882,33.747131788097953],[-84.538919486736432,33.747051008752443],[-84.538859564745692,33.746996731472194],[-84.538800517244425,33.746941988979053],[-84.538745126744004,33.746888525698907],[-84.538661988221591,33.746805452818528],[-84.538580983859319,33.746711913393398],[-84.538498051901158,33.746626358431961],[-84.538410757744543,33.746558634983607],[-84.538320164525004,33.746497992154126],[-84.538275234524093,33.746477585071752],[-84.538217980325356,33.746451579740679],[-84.538105769568276,33.746429779131738],[-84.538013597339841,33.746405379100139],[-84.537911746623308,33.746386199811852],[-84.537827001233893,33.746378553435839],[-84.537670692128671,33.746368717366501],[-84.53753332539614,33.746364664196683],[-84.537450260419448,33.746365257215494],[-84.537515381626221,33.744488701103243],[-84.536036097351172,33.744468932464024],[-84.535331693048363,33.744459512889023],[-84.535565379090684,33.738530857679258],[-84.533727184223096,33.738561841755534],[-84.526997215775936,33.738338760233439],[-84.520955049824622,33.73641241598434],[-84.519078267243316,33.735651143771413],[-84.518357527585124,33.735361197137586],[-84.517718815226047,33.735019484475615],[-84.517305831720904,33.73457406775357],[-84.516976192169736,33.734041560463226],[-84.516871210721476,33.733544549097417],[-84.516909881059988,33.733012364258663],[-84.517071788301649,33.732479543905903],[-84.517336139904586,33.731928749187333],[-84.517588523908231,33.731384638478303],[-84.517609076483822,33.731114839315616],[-84.517612457992271,33.731070441254772],[-84.517653697891063,33.730529050909738],[-84.517486470606002,33.730063300325298],[-84.517413357977944,33.729946976352949],[-84.516966448031056,33.729235930419357],[-84.516281739612339,33.728564433759303],[-84.515342353919792,33.727451167982061],[-84.515264226391054,33.72735857667044],[-84.514517201829591,33.726600906906569],[-84.514468232106495,33.726952484795518],[-84.514286884855153,33.72778547917278],[-84.514060184270292,33.728429592244311],[-84.513432637750014,33.729264603275787],[-84.513380649743667,33.729300733392385],[-84.512478097647147,33.729916685143607],[-84.512413656722217,33.729954680082486],[-84.511699312510444,33.73026916813901],[-84.511234106024887,33.730473971442123],[-84.511061678770389,33.730549880367391],[-84.510985738018263,33.730583686887101],[-84.51049625198398,33.730779595362741],[-84.510205601349938,33.730932065312295],[-84.510085426297238,33.730985729747019],[-84.510049283928538,33.731013144080286],[-84.509992481156857,33.731050799133762],[-84.509926565809678,33.731070231801787],[-84.509734337577456,33.731244948553744],[-84.509478263033984,33.731453308980335],[-84.509258949781469,33.731631044978464],[-84.50900027329881,33.732003822950936],[-84.508762460712745,33.732505379999331],[-84.508652155149619,33.732956849140592],[-84.508642544296279,33.732997701773229],[-84.50866636357172,33.733791946528633],[-84.509027030901649,33.736139342571967],[-84.509146986206616,33.73688830335329],[-84.50915419284712,33.736933299340585],[-84.509126313384144,33.737719052629252],[-84.509115655500452,33.737761289505883],[-84.508943180391555,33.738444800226276],[-84.508636583448066,33.73930902912663],[-84.508469090388076,33.73958177425181],[-84.508314202335967,33.739519762501629],[-84.508201979189167,33.739475429389906],[-84.508112249550166,33.739442200054718],[-84.508005208880888,33.739409517124798],[-84.507901471117322,33.739379916744134],[-84.507854003958542,33.739367977477528],[-84.507796100910426,33.739353412556333],[-84.507700619665926,33.739332033916412],[-84.507604401483675,33.739313145801333],[-84.507496521328648,33.739295152684868],[-84.507387908022778,33.739280337121258],[-84.507290001922513,33.739269614285789],[-84.50720197792019,33.739262299419437],[-84.507119959753169,33.739257672891881],[-84.506961089013842,33.739257517549355],[-84.506873154746486,33.739257887897331],[-84.505665881934746,33.739292978115927],[-84.505664406143723,33.738290559523598],[-84.505793251347697,33.731584451586976],[-84.502876749449825,33.731559425004015],[-84.502264251538193,33.731555957945368],[-84.501716647176679,33.734524770105082],[-84.500975021834975,33.737152076797983],[-84.499340593465107,33.742655385004802],[-84.498935531756615,33.74403643821239],[-84.498392428616583,33.745881283424801],[-84.498228290838554,33.746614131641088],[-84.498062197918586,33.747048445744873],[-84.496655133771469,33.750749998521947],[-84.496582650887831,33.75093776028293],[-84.49651098228496,33.751123457742203],[-84.496189747664928,33.751908552024318],[-84.496151179935637,33.752005457249332],[-84.495701024313888,33.753018010433138],[-84.495594296667022,33.753285905185045],[-84.495482685510893,33.753567210490253],[-84.494802399754875,33.755278769931707],[-84.494414634426704,33.756267792148385],[-84.494380312634078,33.756326970304841],[-84.494231086099973,33.756452411028768],[-84.493583012492607,33.757994516833136],[-84.493426805249314,33.758449420441295],[-84.493068173498159,33.759536611127672],[-84.492905030047851,33.760116233381943],[-84.49276395777099,33.761093948136569],[-84.49265918162375,33.761821307215158],[-84.492656054044176,33.762576907911601],[-84.492654816564496,33.762901889563999],[-84.492729729228699,33.763568139602583],[-84.492791046668131,33.764119685898791],[-84.492873753013896,33.764671175587004],[-84.492918429625689,33.764955500277402],[-84.493183280023061,33.765813280194557],[-84.493601522645065,33.766986356978528],[-84.494106835204661,33.767905675186761],[-84.494330507619111,33.768313881558498],[-84.494705573036384,33.768943605570968],[-84.494797637206247,33.769118894024977],[-84.49495583695078,33.769420102224082],[-84.495445498865379,33.770541795300772],[-84.495844290409437,33.771777437393695],[-84.496074044596085,33.77269542106017],[-84.496196546417679,33.773748698088738],[-84.496186202159222,33.775129711980625],[-84.496170160389823,33.776956641182267],[-84.49617273258805,33.779562298993703],[-84.496116488284954,33.781451517276139],[-84.495734875016126,33.783062027363741],[-84.49554873018289,33.783442466234881],[-84.49511357292451,33.784333020383613],[-84.49441595353764,33.785230797334933],[-84.493054872253524,33.786884089697914],[-84.493745103683253,33.787291881221066],[-84.493904271507844,33.787386272810096],[-84.49440793530519,33.787839767405309],[-84.494601145175864,33.788013766941617],[-84.495894822777331,33.789558946399943],[-84.496147935335941,33.789902486125229],[-84.496678988045886,33.790624537326835],[-84.496847807555,33.790843540134546],[-84.496889871478984,33.790898107916306],[-84.497037079539041,33.791089402988618],[-84.497169313102688,33.791238483229897],[-84.497683264071398,33.791788811173504],[-84.498287024483716,33.792367065685454],[-84.498686583371295,33.792698181931193],[-84.499043053978937,33.792951776697478],[-84.499561116256018,33.793282915193011],[-84.499823234743147,33.793395228118122],[-84.500302604973982,33.793659656863362],[-84.500203883713581,33.793749103783796],[-84.500123815765235,33.793815686764852],[-84.499928164667878,33.793954642400742],[-84.49970698301928,33.794110525619828],[-84.499448325096822,33.794305028746102]]]},"properties":{"OBJECTID":271,"LOCALID":null,"NAME":"H","GEOTYPE":"NPU","FULLFIPS":null,"LEGALAREA":null,"EFFECTDATE":null,"ENDDATE":null,"SRCREF":null,"ACRES":4089.6900000000001,"SQMILES":6.3900000000000006,"OLDNAME":null,"NPU":null,"CREATED_USER":null,"CREATED_DATE":null,"LAST_EDITED_USER":"SHENDERSON","LAST_EDITED_DATE":1745419987000,"GLOBALID":"{83827484-2EBD-4B13-A0FF-8CBC29D729E0}","SHAPE.AREA":177481805.687289,"SHAPE.LEN":81637.032253398298}},{"type":"Feature","id":262,"geometry":{"type":"Polygon","coordinates":[[[-84.348581262404167,33.817302459207255],[-84.348582267857807,33.817492670005585],[-84.348480162270064,33.820261211468463],[-84.348474837458127,33.820405600831108],[-84.348469656546499,33.821069304807757],[-84.34845683704394,33.822791427893002],[-84.348457825858191,33.822852852863655],[-84.34848018596756,33.824241336345004],[-84.348489060428406,33.82479242980326],[-84.348499329364699,33.825282107375074],[-84.349695700556623,33.824706538510782],[-84.349897171941208,33.824606272091316],[-84.35112103943689,33.824111485555406],[-84.352047326520434,33.823816037565358],[-84.352336892852605,33.823723535823078],[-84.353005059090947,33.82359920188977],[-84.353579454402265,33.823509359190751],[-84.356757535026929,33.823012570049045],[-84.357269319189342,33.822904256201547],[-84.358589164584345,33.822511624536993],[-84.359559665025174,33.821925635724654],[-84.360486228814892,33.820874514927496],[-84.361269294472436,33.819573124535957],[-84.362028486572314,33.818334760277615],[-84.363256731687798,33.818023633250803],[-84.363701086176491,33.817961432808112],[-84.364071185383196,33.817824803323589],[-84.364634125907841,33.817786800097466],[-84.365137034189061,33.817773624879742],[-84.365832978846072,33.817586998321843],[-84.366364973268773,33.817339141122055],[-84.366838664641321,33.817152868540283],[-84.368185521407639,33.816890967807183],[-84.368703888770156,33.816803550909434],[-84.369059072424065,33.816629830847013],[-84.369620450275221,33.816282975522746],[-84.370241500191341,33.815762537873475],[-84.370478382369072,33.815688288301054],[-84.370656175224767,33.815687994383843],[-84.371041510980987,33.815736480892227],[-84.37139721580975,33.815785358909984],[-84.372048301597943,33.815784276470346],[-84.372670282655235,33.815659912912984],[-84.373380692272789,33.815683458309522],[-84.373650080681358,33.815705331297501],[-84.373973437294666,33.81572443060287],[-84.376304334551619,33.812614310377292],[-84.376884753382456,33.811662094135599],[-84.377109112139223,33.811186267720494],[-84.37735934702647,33.810522488013113],[-84.377569029636959,33.809770146061311],[-84.377673493879414,33.809073292547538],[-84.37767281502569,33.808796753073054],[-84.377631979087113,33.808255078924823],[-84.377550896551682,33.807746795711097],[-84.377377552681949,33.807205003413188],[-84.377097796259164,33.806564113772168],[-84.376831132824165,33.805890221545503],[-84.376404658520428,33.804818108171915],[-84.376032079985464,33.804244018026722],[-84.372819440522761,33.798604668979593],[-84.371197633832423,33.795764666023899],[-84.370794642901117,33.795000980872139],[-84.370494544307178,33.794245713468669],[-84.370297475425517,33.793558980037595],[-84.370193291517637,33.793000917139814],[-84.370140336593465,33.792356886575291],[-84.370189450653754,33.791377747162088],[-84.370543071046029,33.788680457394314],[-84.370775240842647,33.786825014121938],[-84.370741939675639,33.785794480584691],[-84.370586051095486,33.785116266750492],[-84.370255091978393,33.784343872021836],[-84.36990409717626,33.783794802304946],[-84.368604237776339,33.782122229075675],[-84.367851168114143,33.781152986377002],[-84.366499806084903,33.779411768183479],[-84.365797331964998,33.778064548119509],[-84.365154030480142,33.775609343062456],[-84.364590402803543,33.773387027197742],[-84.36458076023338,33.773349003733877],[-84.364102741926402,33.773500438260676],[-84.363870698053788,33.773554401696138],[-84.363747120615329,33.773590902342555],[-84.363223176357707,33.773745658152251],[-84.363147864306768,33.773767902829952],[-84.362964834228762,33.773818423356197],[-84.362367197815104,33.773809902423466],[-84.360989197795035,33.773813902081386],[-84.360252337760329,33.773822707920843],[-84.35873019653711,33.773820902458759],[-84.358237488519691,33.773822665476217],[-84.358078705218759,33.773823232833855],[-84.35747895181899,33.773825375196765],[-84.357331196293529,33.773825902902431],[-84.356239126090173,33.773829063927636],[-84.356161791086322,33.773829287286169],[-84.355602196284721,33.773830902625136],[-84.354774698231822,33.773833270288215],[-84.354355117845628,33.773834467219096],[-84.354119824081224,33.773835137701255],[-84.353500194829365,33.773836902304112],[-84.352889882324277,33.773838758838131],[-84.35261920765511,33.773839580826333],[-84.352513195387317,33.773839902809826],[-84.352418432336634,33.773840226706298],[-84.351642624461604,33.773842874253475],[-84.350753194762035,33.77384590285191],[-84.349842537233371,33.773848374983046],[-84.349162157389543,33.773850217877019],[-84.348971226189505,33.773845594168073],[-84.348981330392405,33.773941161674976],[-84.348982417651726,33.774454446760885],[-84.348983009265069,33.774733736483519],[-84.348977002708452,33.775005820914608],[-84.348920509535589,33.775135759496713],[-84.348821297520274,33.775295647294456],[-84.348745804801567,33.775389542310961],[-84.348000705624642,33.776311987812853],[-84.347370486000429,33.777096505165268],[-84.347295810350289,33.777189711017492],[-84.346800781712005,33.77771088285067],[-84.346270293933642,33.77819637720021],[-84.345775904830376,33.778634753305134],[-84.345627286081722,33.778780282820911],[-84.345443360403991,33.778960215361693],[-84.345126428243859,33.779277065694984],[-84.345193705802089,33.779332960992441],[-84.34599110105988,33.779642644952844],[-84.346489310932867,33.779848724731735],[-84.347442916599718,33.780243421847608],[-84.34743650577937,33.780404686307911],[-84.34735275772718,33.781937368475091],[-84.347345550685617,33.782069256432202],[-84.347335372256723,33.782181702811407],[-84.347256193847059,33.78305641461872],[-84.348057614342025,33.783062318935244],[-84.348059882574262,33.782903340880701],[-84.348153240072733,33.782903043118289],[-84.348152464185432,33.782976990519387],[-84.348256304442103,33.782976695294181],[-84.348882935692075,33.78297311260232],[-84.348872140829741,33.783765938199522],[-84.34887064216241,33.783835333320489],[-84.348869142765381,33.783904384912539],[-84.348861479155104,33.784239302065792],[-84.348243521396455,33.784204480482167],[-84.348242493713045,33.784369373317681],[-84.348862474276189,33.784401232696524],[-84.348860642523093,33.784537706662981],[-84.348130035147918,33.784533637515139],[-84.34812456252466,33.784697930066422],[-84.348124460643035,33.784865678860143],[-84.348854838107187,33.784868969348231],[-84.348844882777996,33.785721891224291],[-84.348832534826627,33.786646937787189],[-84.348820141012467,33.78757541686366],[-84.348626665492247,33.787563147738183],[-84.3486167198744,33.788223216001299],[-84.348814205755005,33.788222935450683],[-84.348813913240676,33.789082833997263],[-84.348688631238829,33.788865236843513],[-84.348361425926598,33.789139278156362],[-84.348239353981597,33.789268360555013],[-84.348806094543946,33.789648230154597],[-84.348806519651703,33.789846444810649],[-84.348238940779169,33.789847153314291],[-84.348075412029175,33.790381818426987],[-84.347869862362089,33.790326411982385],[-84.347969038773044,33.789847057897802],[-84.347677948344653,33.789847977579207],[-84.347737521871224,33.789459434687586],[-84.34748504009363,33.789394880680447],[-84.347371819199182,33.789340389379312],[-84.346993082046353,33.789723443562906],[-84.347083174972113,33.789849832393664],[-84.347070368762928,33.789849895299191],[-84.347085012376397,33.790361331630578],[-84.346872620870158,33.790407307011492],[-84.346866274984336,33.789850891413629],[-84.346069849123168,33.789846368875743],[-84.346067004592911,33.789976793183051],[-84.342295980509107,33.789972797167124],[-84.342289483277625,33.79011952122692],[-84.342277107049952,33.790398982049098],[-84.342206936430202,33.790466518161523],[-84.342368549271157,33.791061025930965],[-84.343409953946647,33.791154440889457],[-84.343428737596184,33.790984116525529],[-84.343753562692171,33.791001621548908],[-84.343744935368605,33.790644915691495],[-84.34401301310703,33.79063262977737],[-84.344018884288914,33.791140041457666],[-84.344104995317636,33.791184965918475],[-84.344953788483124,33.791334999644477],[-84.344902154777216,33.792088405029503],[-84.345315651683933,33.792084635003576],[-84.345184965569445,33.793549510022608],[-84.345133216104884,33.794140584116185],[-84.34510990358423,33.794420655932647],[-84.345102488118243,33.794504695035229],[-84.345081788607999,33.794722170505302],[-84.345020246881987,33.79478206503007],[-84.345160266665076,33.794868684224404],[-84.345070743986838,33.795411953230257],[-84.345100056265764,33.795978348949042],[-84.344951088613854,33.796134094396024],[-84.344523272077637,33.796129860094425],[-84.343942480070154,33.796124108535338],[-84.343914506006982,33.794832050077751],[-84.343070244262179,33.794289395552973],[-84.342977698928806,33.79422991072888],[-84.342906212175492,33.79418396198389],[-84.342646553738902,33.794017062082069],[-84.342605799516164,33.79399086595398],[-84.342492388336353,33.793908674503079],[-84.342443917102869,33.793873545849472],[-84.342362304429358,33.793814399330692],[-84.342022396437599,33.793568649428778],[-84.341825303349268,33.793434842273953],[-84.341480541965083,33.793200780432194],[-84.341049765558211,33.793096703918138],[-84.340716520392178,33.793016190034258],[-84.340531871570889,33.793024084648124],[-84.34019537852798,33.793131330000065],[-84.339974997471487,33.793183481948745],[-84.339944984673593,33.793189625570932],[-84.339719776085303,33.793195640082864],[-84.339668283865606,33.7931853036429],[-84.339545505083919,33.793160658714385],[-84.339418253908832,33.793087378592205],[-84.339271970634826,33.792945347972747],[-84.33928327198069,33.79365451353145],[-84.34048284087838,33.793654103457328],[-84.340594835960701,33.793807213552554],[-84.340803644537644,33.793967316286086],[-84.340856910219458,33.7940115824508],[-84.340474971860871,33.794373064291555],[-84.340669394268517,33.794505248067743],[-84.340754681097366,33.794568471384991],[-84.34080684098484,33.794593931606364],[-84.341156054053499,33.794266772171653],[-84.341296568551087,33.794380232684084],[-84.340950288317643,33.794711471940865],[-84.341367335963824,33.795066568649538],[-84.341338347377359,33.795140189748217],[-84.341172316091615,33.795561845999302],[-84.341135848125489,33.795654459159259],[-84.340919644866318,33.796111646967816],[-84.341851332025257,33.796113908909625],[-84.341507164995477,33.796546172001783],[-84.340752066107243,33.796605714476016],[-84.340725422845978,33.796678599965098],[-84.34068500166218,33.796716986119861],[-84.341086170488794,33.797099778577461],[-84.339156289474602,33.799561703333609],[-84.338862418912257,33.799936575177298],[-84.338808357721561,33.800005536636569],[-84.338549124871122,33.80033841735326],[-84.338424742462365,33.800499952455887],[-84.338519068137174,33.800705919192289],[-84.338505785414696,33.801033088508056],[-84.338529685021797,33.801158318638812],[-84.338333601187244,33.80123148277503],[-84.338505149099873,33.801545840166334],[-84.338438661872843,33.802101315261766],[-84.338079300461317,33.802227317448079],[-84.337778912541026,33.80234137560857],[-84.337714522681168,33.802210003566465],[-84.33767626177054,33.802141321194846],[-84.337537577203818,33.80189237508845],[-84.337465311395889,33.801762648503917],[-84.337439580084535,33.801717217565489],[-84.337380886211008,33.801613582997845],[-84.336058253038104,33.802088643950334],[-84.335992079022219,33.80192516211573],[-84.335918328982061,33.801635569749259],[-84.335940607401923,33.801523414594975],[-84.335968657474808,33.801382206687286],[-84.336075998608081,33.801285890324273],[-84.336142843985996,33.801250432222574],[-84.336195864307285,33.801222308163972],[-84.33620500304167,33.801208933163288],[-84.336230297688218,33.801171907336588],[-84.336170825362558,33.801116774768765],[-84.335563188443672,33.80055347502622],[-84.335500174548642,33.800495058661355],[-84.335289940585312,33.80030016254409],[-84.335036719545414,33.800065410518272],[-84.334870586697292,33.79991139557297],[-84.334873233971578,33.799940190647689],[-84.334873920279193,33.799947623811789],[-84.334880895434623,33.800023484496933],[-84.334701815965786,33.799871218141796],[-84.334693094238006,33.799776377396419],[-84.333218702434536,33.798395990920525],[-84.330735592474952,33.79607106053875],[-84.330746162959841,33.796070963529516],[-84.331042400199777,33.796068332209089],[-84.33117788493152,33.795449141752044],[-84.331112757091873,33.795441176840363],[-84.331048383936135,33.795429708879446],[-84.330985034471055,33.79541478529957],[-84.330938664949301,33.795401457542184],[-84.330880266783979,33.795379575592733],[-84.330825839594056,33.795351448010898],[-84.330776336848103,33.795317568539524],[-84.330732624719886,33.795278528416844],[-84.33069546912202,33.795235012786463],[-84.330666715977031,33.795190005466111],[-84.330644693609301,33.795142425801529],[-84.330629724086151,33.795092972147145],[-84.330622029087522,33.795042369137782],[-84.330621721255156,33.794991361388171],[-84.330671688069046,33.793967332161706],[-84.330675939707575,33.793894242333522],[-84.330675556099052,33.793821066697717],[-84.33066825426809,33.793714953048138],[-84.329813031247681,33.793830196156726],[-84.329871706800674,33.793943749953939],[-84.329702973339636,33.793900444059048],[-84.329653231719632,33.793874327652993],[-84.329600740768115,33.793852281301042],[-84.329545974948672,33.79383450453976],[-84.329489432410142,33.793821159005859],[-84.329472147598224,33.793816917910192],[-84.329404096364698,33.793800219858362],[-84.329335878917959,33.79378584283635],[-84.329245081396309,33.793757304455781],[-84.329196426326533,33.793727143432122],[-84.329116333979641,33.793671000349057],[-84.329054830594387,33.793622863749583],[-84.328992705132421,33.793576387875952],[-84.32897662316951,33.79356284911136],[-84.328943186156025,33.793534698482787],[-84.328899298075129,33.793476455476792],[-84.328820669512552,33.793392273450834],[-84.328764521114124,33.79331165582002],[-84.328707309557956,33.793202051493203],[-84.328698987845783,33.793186106813785],[-84.32864963944084,33.793044419518175],[-84.328612900372079,33.792942305324068],[-84.328595522026617,33.792894003267271],[-84.328590490911637,33.792866598789921],[-84.328564822627257,33.792726816216742],[-84.3285568440388,33.792655025540462],[-84.328540436428327,33.792507348575775],[-84.32854027068943,33.792490436531651],[-84.328540081511463,33.792470824976128],[-84.328538897847722,33.792349137949955],[-84.328540204464062,33.79232442108863],[-84.328547740964197,33.792182002685436],[-84.32854333225653,33.792140996886872],[-84.328540950377374,33.792118835633808],[-84.328532697965585,33.792042090737255],[-84.328513264719305,33.791975392272192],[-84.328499678112067,33.791928769503684],[-84.328470908465647,33.791831882483876],[-84.328466421345169,33.791815756032648],[-84.328442723466424,33.791730589223434],[-84.328438050863895,33.791696796970243],[-84.328431991084926,33.791652935096089],[-84.328423772395652,33.791593471181251],[-84.328426903322907,33.791474756632539],[-84.328430466627779,33.79145675410885],[-84.328434752000163,33.791435100755805],[-84.328441742753199,33.791433088121927],[-84.328539221453866,33.791405016311657],[-84.32855719426648,33.791399839796618],[-84.32897211503284,33.791280342597936],[-84.328985389538516,33.791276521972044],[-84.32882776264573,33.790888693868446],[-84.328688386169247,33.790849375641997],[-84.328551262447576,33.790804874317537],[-84.32852364439259,33.790794697550147],[-84.328416669202355,33.790755278801711],[-84.328362536485912,33.790733601032322],[-84.328327416858599,33.790718473167999],[-84.32829644341605,33.790704737421279],[-84.32821520633297,33.790666877995882],[-84.328135371538167,33.790626991573497],[-84.328081457644828,33.790599267824135],[-84.32802996352352,33.790568504126007],[-84.327991640090644,33.790542495624983],[-84.327954953740218,33.790514728555827],[-84.327920536113808,33.790485727757037],[-84.327873894301902,33.790440681811468],[-84.327832419935277,33.79039224069389],[-84.32779646474718,33.79034081690623],[-84.327766334077026,33.790286846453689],[-84.327701684176049,33.790148906109934],[-84.327661844871088,33.790063471662975],[-84.327616758680279,33.789979875299451],[-84.327566546981146,33.789898340464894],[-84.327511343022948,33.789819087883913],[-84.327451296232937,33.789742328341475],[-84.327329763300014,33.789603737873961],[-84.327203378093245,33.78946820748866],[-84.327072250987797,33.78933585424199],[-84.326958719773359,33.789227833396602],[-84.326841520262505,33.789122579865655],[-84.326720747647045,33.789020180073877],[-84.326596503592953,33.788920718634358],[-84.326340163458653,33.788732227721958],[-84.326319178769339,33.788751076845763],[-84.326268184332136,33.788718053117414],[-84.326212426758914,33.788690921506202],[-84.326152876639057,33.788670153216486],[-84.326090571310687,33.788656112071322],[-84.326026594317639,33.788649040113015],[-84.325962058141045,33.788649062134006],[-84.325905691311391,33.788648574965428],[-84.325849909980747,33.788641781768412],[-84.325795722989795,33.788628807473764],[-84.325744109140004,33.78860988434937],[-84.325695998841582,33.788585355630005],[-84.325546367754356,33.788575300222071],[-84.325488519593975,33.788571411036614],[-84.325457923516367,33.788556107014891],[-84.325425977445008,33.788540125779114],[-84.325407740435708,33.788499638049501],[-84.325377093540936,33.788431600995914],[-84.325296741668154,33.788389972293331],[-84.325102551365802,33.788358798342337],[-84.324953925631959,33.788343796268023],[-84.324927258187472,33.788341942416956],[-84.324809182506343,33.788333733694387],[-84.324454273502681,33.788319323430379],[-84.324339349674744,33.78831563832059],[-84.324224345775519,33.788314807834183],[-84.324041787805569,33.788319354309976],[-84.323859690017983,33.788331090599044],[-84.323678459424627,33.788349988234273],[-84.323498497617635,33.78837600703644],[-84.323272354934147,33.788413133934952],[-84.323278703966935,33.788440099678439],[-84.323230261593181,33.788448054210413],[-84.323223912574989,33.788421088464446],[-84.32250308186839,33.788539430223793],[-84.322327650324524,33.788569566651937],[-84.32215362437617,33.788604930637227],[-84.321981227446031,33.788645477723477],[-84.32181068078539,33.7886911562451],[-84.321163897585137,33.788874189719948],[-84.321071137345854,33.788984111634065],[-84.320841663538971,33.78906686360569],[-84.320746377654032,33.78901264731897],[-84.320680648537589,33.789035924359844],[-84.320483874133302,33.789100077960846],[-84.320288147600849,33.789166429972347],[-84.320047028655537,33.789252442711508],[-84.319809327633962,33.7893448542643],[-84.319575290534686,33.789443567868673],[-84.319516975617987,33.789471320815736],[-84.318827294002958,33.789799568232198],[-84.318673904119734,33.789871086023616],[-84.318522844940034,33.789945982849112],[-84.318374224348432,33.79002420628877],[-84.318225365670813,33.790113325394195],[-84.318079295121024,33.790205604791787],[-84.317936108694155,33.790300983061371],[-84.317934819863169,33.790301914243791],[-84.317765367075239,33.790424429048628],[-84.317706201497032,33.790467205490465],[-84.317807133499286,33.791050991147465],[-84.31844329864424,33.790917370886184],[-84.318581313501994,33.791523696593927],[-84.318575802751738,33.791524923312579],[-84.318575933105919,33.791598731398786],[-84.3183541137129,33.791645790069047],[-84.317969960331226,33.791727287710096],[-84.317891360474022,33.791743962726997],[-84.317885930646241,33.792269108006373],[-84.317830930809293,33.792322076161092],[-84.317737565062103,33.792303299125471],[-84.317659733690391,33.792272696792793],[-84.317618686715832,33.792251494205495],[-84.317403686279349,33.792125025518175],[-84.317379868708031,33.792152706443787],[-84.317336638138585,33.792130192723974],[-84.31729114350027,33.792111039500817],[-84.317166549314024,33.792067029581141],[-84.317128191970596,33.792053481270109],[-84.317070850669253,33.792029320215796],[-84.317015585939018,33.792001995416129],[-84.316962646375742,33.791971628293915],[-84.316926020786156,33.791947904482662],[-84.31689081815378,33.791922723663312],[-84.316842111638962,33.791881056353404],[-84.316797131328912,33.791836565027467],[-84.316755231029816,33.791788397513734],[-84.31671769689693,33.791737783004734],[-84.316684733507486,33.791684996259136],[-84.316836654686,33.791631690681868],[-84.317114868714469,33.79139759422447],[-84.317208180264842,33.79137061932439],[-84.31730149068126,33.791343647060017],[-84.317590125486831,33.791260209902703],[-84.317559976641235,33.791116700324842],[-84.317467992089647,33.790636407674043],[-84.316980198706347,33.790977657497166],[-84.316900505620552,33.7910334089703],[-84.316763346597611,33.791129362800923],[-84.316691021527276,33.791178378857545],[-84.316474154009043,33.791295158215327],[-84.316337493497997,33.791370292743885],[-84.316197148246488,33.791440533817756],[-84.316053369667458,33.791505754889016],[-84.316036209723649,33.791513072725884],[-84.315801626621237,33.791612954665482],[-84.315508399680482,33.791737809615086],[-84.315003699432168,33.791952702891678],[-84.314995859673758,33.791956688597551],[-84.314988925586277,33.79196171011278],[-84.31498309130906,33.791967625644979],[-84.314978519623864,33.791974269996494],[-84.314975337641457,33.791981458176238],[-84.314973635727725,33.791988989007514],[-84.314973461033702,33.791996650545741],[-84.314974817511001,33.792004229094864],[-84.314977668079294,33.792011513713128],[-84.314981933551024,33.79201829891916],[-84.31498749373155,33.792024396412309],[-84.314994192817082,33.792029634164287],[-84.315001843732901,33.792033867234089],[-84.315010233529847,33.792036975957963],[-84.315300517665719,33.792121057201683],[-84.315412182627881,33.792152793288842],[-84.315522567731634,33.792187508971764],[-84.31552912548149,33.792189677645283],[-84.315628433943942,33.79222373757171],[-84.315726028967774,33.792261090513811],[-84.315821753871433,33.792301677155955],[-84.315908011526076,33.792341803611812],[-84.315992441202468,33.792384556023443],[-84.31607035791707,33.79242726937774],[-84.316146449215978,33.792472219184809],[-84.316168122931359,33.792486379499628],[-84.316349607460793,33.792604946553311],[-84.316531088170535,33.792723513341627],[-84.316751462827199,33.792867487058402],[-84.316907020642844,33.792969113946604],[-84.316914346566975,33.792973900906219],[-84.317058839327316,33.793074606964467],[-84.31724838144055,33.793206711965055],[-84.317410208475252,33.793319496602535],[-84.317412653178593,33.79332120044046],[-84.317430682507805,33.793528161349158],[-84.316614747703454,33.79463766209733],[-84.316658018489179,33.795301217957977],[-84.316658023481978,33.795304080692098],[-84.316440598602441,33.795268038068045],[-84.316223862389421,33.795229209928898],[-84.315915501468751,33.795177507611783],[-84.315576824334755,33.79512007145528],[-84.315370902820689,33.795085846114652],[-84.31498753493554,33.795030331316724],[-84.314617933625613,33.794987985457603],[-84.314469712375953,33.794973916131497],[-84.314321186523173,33.794962301284492],[-84.314169749866494,33.794952352382232],[-84.314018145969584,33.794944362780413],[-84.313702811504697,33.79493279572177],[-84.313406932772139,33.794929682037306],[-84.313105233105432,33.794933525376486],[-84.3127756627823,33.794940946276682],[-84.312477162082203,33.79494683644846],[-84.312272466114848,33.794951077013017],[-84.31191713051858,33.794960584492863],[-84.311632654423164,33.794965503065178],[-84.311597592701077,33.794966079837337],[-84.311569962973266,33.794966530656545],[-84.311237830746705,33.794973953162973],[-84.310894224047573,33.79498140171426],[-84.310597514436893,33.794987777546133],[-84.310272563128564,33.794996151138093],[-84.310169646280968,33.795000766515479],[-84.310066682990282,33.795005385467611],[-84.310001074609531,33.795008393873566],[-84.309990957418506,33.795008906042888],[-84.309864917908442,33.795016862492496],[-84.309798239244088,33.795025039392407],[-84.309727164006105,33.795034462927191],[-84.309726729967693,33.795034523841061],[-84.309554262989437,33.795060458612603],[-84.309382780249877,33.795090604516147],[-84.309212430713004,33.795124934334183],[-84.309048034629427,33.795161111741962],[-84.308915280057931,33.795194766602791],[-84.30878526560852,33.795235191363602],[-84.30865606600149,33.795281261185494],[-84.308528732770512,33.795330819916948],[-84.30840615516712,33.795384102280245],[-84.308287273511624,33.795442931741597],[-84.308179748047479,33.795501482977798],[-84.30807443112279,33.795562768098051],[-84.307973328361342,33.795626877680888],[-84.307876267091274,33.795695201377633],[-84.307788311656282,33.795762072843111],[-84.307702419668942,33.795830786663515],[-84.30761868141164,33.795903054974275],[-84.307539408874788,33.795978754318639],[-84.307462108538331,33.796057952469489],[-84.307386621140864,33.796138362124857],[-84.307358856980585,33.796169107610645],[-84.307289790817478,33.79625081186618],[-84.307239667335807,33.796320752306677],[-84.307191809176175,33.796391790159447],[-84.307189064341998,33.796396025632966],[-84.307181482643585,33.79640771965785],[-84.307080318262976,33.796567391795826],[-84.30704755080626,33.796623552314088],[-84.307018438028749,33.796681099010634],[-84.306975614593213,33.796767533040232],[-84.306934825262275,33.796858308892759],[-84.306897772206341,33.796950195825367],[-84.306864499537042,33.797043084691552],[-84.306818421529272,33.797185678044649],[-84.306777800216835,33.797329422899587],[-84.306742675348218,33.797474174050812],[-84.306699358868542,33.797680708349574],[-84.306661314769414,33.79788796607891],[-84.306650009388704,33.797954252903281],[-84.306827011940214,33.79811879515573],[-84.307285664302128,33.798541924383009],[-84.307404853476314,33.798563694964699],[-84.307433731427068,33.798568968229219],[-84.307471052182223,33.798517157398884],[-84.307538632723663,33.798551411480389],[-84.307492290980576,33.798607948258521],[-84.307434338660542,33.798678652370377],[-84.307558384463164,33.798792496473354],[-84.307600945106785,33.798766876163072],[-84.307637197494458,33.798844700343565],[-84.307654603516639,33.79888206466844],[-84.30784372392128,33.79906810585468],[-84.308026195527347,33.799258720318349],[-84.308201857124857,33.799453741468234],[-84.308370558296147,33.799653000897258],[-84.309106892802745,33.800602514433052],[-84.309107055150378,33.800602722526719],[-84.309182647439073,33.800700198239781],[-84.309187470027609,33.800706240935263],[-84.309250945159221,33.800785786870463],[-84.309781231343038,33.800498207472742],[-84.310052830619881,33.800350914166849],[-84.310801838669718,33.800097371118234],[-84.311090103023716,33.800109066511069],[-84.311306182258022,33.800048651681621],[-84.311594493973914,33.800090426682317],[-84.311969319902474,33.800156160570111],[-84.312409082731747,33.800269946686925],[-84.31284169415764,33.80041381874225],[-84.313378449597408,33.800525167390326],[-84.313473419256241,33.803222532870727],[-84.312527196660497,33.803227911968328],[-84.31173687261456,33.803232402699692],[-84.311640262841095,33.803232950866111],[-84.311640290989786,33.803247722554673],[-84.311640499342687,33.803359754046113],[-84.311640683977231,33.803459000175792],[-84.311716044455125,33.80345877183467],[-84.312675108160306,33.803455870506383],[-84.313251204519673,33.803454123364837],[-84.313445936395937,33.803453532064978],[-84.313840976435245,33.803452332874045],[-84.315623961071537,33.80344690093073],[-84.315625517985026,33.803457818023524],[-84.315740232501796,33.804261781945527],[-84.315793782733707,33.804262745102207],[-84.315797137519269,33.80426280416215],[-84.316073613904024,33.804262900610716],[-84.316811045187677,33.804263156685565],[-84.317438292458903,33.804263378967548],[-84.317461619722266,33.804263385619208],[-84.31803772909393,33.804263584401099],[-84.318057391317467,33.805143516553265],[-84.318168704884258,33.805155667568222],[-84.318385734071796,33.80517935674871],[-84.318503003341178,33.805192156537238],[-84.318829434356076,33.805227786918017],[-84.31891038236509,33.805236621482592],[-84.319223987463403,33.805270851058054],[-84.319492047860507,33.805300105968222],[-84.319518755822529,33.805303022171572],[-84.321772958195496,33.805516127204335],[-84.32186178308686,33.805262511491691],[-84.32192086136844,33.805023984372397],[-84.321956216436632,33.804830197149606],[-84.321991552316803,33.804626474664666],[-84.322068482192265,33.804387924972922],[-84.322193007442678,33.804144348043884],[-84.322341236443293,33.803846094822958],[-84.322459792115708,33.803592588965117],[-84.322578392137146,33.803363922461173],[-84.32267311622293,33.803095543137786],[-84.322695945730061,33.80255899599139],[-84.322689396834676,33.802165861726728],[-84.322688967002847,33.801992679772084],[-84.32270585586005,33.801520933472595],[-84.321053379758112,33.801511433550225],[-84.321052902899353,33.801291575033758],[-84.321046939558556,33.798512795470813],[-84.320766446913112,33.798539263336423],[-84.320401647463981,33.798629675167923],[-84.31997779716238,33.798753874710798],[-84.31992038633922,33.798419761219549],[-84.319906035247826,33.79835118963247],[-84.319896872433205,33.798282001182102],[-84.319892931847818,33.798212468125669],[-84.319892766274279,33.798197127658639],[-84.319892906933319,33.798006353673792],[-84.319524442837803,33.798010209969831],[-84.319475007362669,33.798010727445146],[-84.319473754680359,33.798286099215595],[-84.319143277050514,33.798512935846858],[-84.318811748118463,33.798740494203592],[-84.318557002967538,33.798915345882612],[-84.318664542060546,33.799033511704906],[-84.318355157121829,33.799117001168064],[-84.318340147103811,33.798958936054113],[-84.318455075329325,33.798785881698123],[-84.318241170683521,33.798611576245328],[-84.318231448690852,33.798485419409857],[-84.318486239719121,33.798226788821637],[-84.318817841362403,33.79789018928448],[-84.319148299838815,33.797554743464936],[-84.319284751541034,33.797416234570079],[-84.319359880275414,33.797469742904724],[-84.319476253438751,33.797735894857297],[-84.31947626022982,33.797733031208338],[-84.319525677187244,33.797732514657305],[-84.319893100084158,33.797728666865645],[-84.320057660937067,33.797762285071194],[-84.320273077409027,33.797764531754972],[-84.320270228856344,33.798298649315996],[-84.320367979693685,33.798278613732116],[-84.320369339974945,33.797994952954177],[-84.320369901900861,33.797876712577008],[-84.320370433809614,33.797765847732258],[-84.320468573815944,33.79776629977674],[-84.320470406563544,33.797766308311758],[-84.321040769282618,33.797854504948873],[-84.321071160803683,33.797892814993105],[-84.321107083159475,33.797927628720579],[-84.321116522340461,33.797935504538238],[-84.321119133339465,33.797937683262489],[-84.32114963547491,33.797961783144451],[-84.321354378629081,33.798117536392368],[-84.32120201942233,33.798250411433685],[-84.321330373104644,33.798283514261151],[-84.321456695891257,33.798321676857363],[-84.321580701447289,33.798364812127907],[-84.321702108818016,33.798412823054505],[-84.32176629915277,33.798439735967868],[-84.321829238161783,33.798468635854533],[-84.321840373970161,33.79847402543659],[-84.321851540545808,33.79846354864555],[-84.321860443279462,33.798467934793358],[-84.32193468357363,33.79850650863736],[-84.32200639928466,33.798548279259052],[-84.322074759987728,33.798592696800739],[-84.322140266184988,33.798640017607433],[-84.322146088980929,33.798645097377943],[-84.322153998371135,33.798651993146201],[-84.322290594582554,33.798771094766039],[-84.322540306404875,33.79898882459706],[-84.322551031162973,33.798978304120965],[-84.322561760235175,33.798967781835195],[-84.322936008232332,33.798600710153316],[-84.322969336229562,33.798630670332926],[-84.323067253092447,33.798557173580683],[-84.323261173033885,33.798411620402021],[-84.323342909815082,33.798500996361597],[-84.323260983434395,33.798604032726388],[-84.323171941742203,33.798655979761428],[-84.323292300235863,33.798769576458966],[-84.323353417211408,33.798734008111801],[-84.323826007770137,33.798458969124468],[-84.324043124560916,33.798533614048772],[-84.324375807791199,33.798873945230973],[-84.325029159783384,33.799293786520629],[-84.326319322475314,33.800112792562494],[-84.326749413200915,33.800401882936711],[-84.327279782063997,33.800586729617052],[-84.327379400200826,33.800278975999809],[-84.327424508546272,33.800208732827393],[-84.327457171346083,33.800157870586901],[-84.327501453808807,33.800057268117051],[-84.327892646086468,33.800226574180918],[-84.32776825149034,33.800563994181857],[-84.327734804772803,33.800654715842171],[-84.327718951765249,33.800821099883564],[-84.327576473415064,33.800825877903058],[-84.327433904191139,33.800823651863361],[-84.327291739873971,33.800814430135112],[-84.327181064697371,33.800799999923093],[-84.327071356500113,33.800781111501003],[-84.327016440989254,33.800769131443978],[-84.326911371020486,33.800744159733121],[-84.326808232423545,33.800714094712447],[-84.326707379653456,33.800679039616625],[-84.326609159633634,33.800639113920681],[-84.326513907438681,33.800594455149081],[-84.326421951689397,33.800545216163407],[-84.326333608074108,33.800491566072452],[-84.325802242788754,33.800148564560864],[-84.32543582937204,33.799916686062417],[-84.325240376062396,33.799799847418988],[-84.324905121220098,33.799599417388123],[-84.324637976529758,33.799439707909485],[-84.324460224440983,33.799333441538145],[-84.324277665833264,33.7992243002778],[-84.32362021882652,33.799726556678415],[-84.323612723220535,33.799732282673318],[-84.323588749138239,33.799750596822413],[-84.323684153226139,33.799811170884439],[-84.323684585853186,33.799972381687731],[-84.323603711034067,33.799965100084066],[-84.323605276699581,33.799951889826545],[-84.323015450858435,33.799864915438448],[-84.322917517258233,33.799868826442001],[-84.322903310751485,33.799869390833884],[-84.322894544949236,33.799869742758311],[-84.322906922888833,33.80014134092923],[-84.322917434672704,33.800371947951042],[-84.322928405537695,33.800612665480109],[-84.322957066487902,33.80124155767075],[-84.322990038698279,33.801242183115207],[-84.323004017886859,33.80154889572681],[-84.323016535862081,33.80182351956973],[-84.323029051759107,33.802098142500007],[-84.323012560966148,33.802097717985824],[-84.323016384528202,33.802181586365769],[-84.323014277670978,33.802764393504418],[-84.323007318151625,33.802943930607356],[-84.322997619926511,33.803048214122256],[-84.322980366559634,33.803151815643098],[-84.322955622133776,33.803254353687961],[-84.322919132495016,33.803358317684349],[-84.322877517614558,33.803460932078046],[-84.322830851678674,33.803562020046826],[-84.322779212123251,33.803661409272088],[-84.32269066076006,33.803812203999691],[-84.3225844587935,33.803995197219876],[-84.322502830999156,33.804135842207565],[-84.322428826008874,33.804263354913509],[-84.322417970676199,33.804282058902615],[-84.322393927848694,33.804323483061765],[-84.322343979066446,33.804415906524234],[-84.3223014073196,33.804510868718566],[-84.32226639765959,33.8046079600702],[-84.322239101640406,33.80470676112752],[-84.322219636242977,33.804806845268061],[-84.322173884874502,33.805081181856991],[-84.322154992869059,33.805180685498435],[-84.322130105798209,33.805279266189167],[-84.322099287991904,33.805376672284567],[-84.322066396073609,33.805470931524162],[-84.322051559157032,33.805513440417037],[-84.322841641641588,33.805624031651469],[-84.323134736172236,33.805665056740835],[-84.324032576621903,33.805790720740063],[-84.324269985011284,33.805823949071907],[-84.325279759446801,33.805859599004847],[-84.325315022791955,33.805391192188694],[-84.325336706315312,33.805103196590238],[-84.325360140738781,33.804791928967013],[-84.325381820727941,33.804503933337664],[-84.325326410855396,33.804324734256973],[-84.325307956880309,33.804265049891775],[-84.325239346917769,33.804043174657359],[-84.325218876437262,33.803976965830586],[-84.325165294818234,33.80380368453914],[-84.325042150492251,33.803405437319469],[-84.325370192988359,33.803421670097308],[-84.326169330720191,33.803461210940839],[-84.326707269309637,33.803487826089494],[-84.327090003925633,33.803506762210077],[-84.327266587741917,33.803515496645623],[-84.327452288107509,33.803524681492512],[-84.327534052669137,33.803528727892584],[-84.327616045148048,33.803532783859204],[-84.327653037250073,33.803534612823981],[-84.327663743983351,33.803542184424991],[-84.328049715286213,33.803815070909586],[-84.328507545137242,33.804138760002907],[-84.328550216933721,33.804168929089897],[-84.328549861288991,33.804177371695801],[-84.328545670449742,33.804277077929676],[-84.32854080869761,33.804392748736475],[-84.328539627152324,33.80442088173335],[-84.328530237513988,33.804644281177239],[-84.328523428120036,33.804806295677373],[-84.328513823339065,33.805034790606051],[-84.32850969039913,33.805133165915315],[-84.328502073400387,33.805314309038614],[-84.328497911379188,33.805413314633768],[-84.328496483813595,33.805447325796706],[-84.328487059752064,33.805671486237173],[-84.328457739390402,33.806369107746328],[-84.328452783274258,33.806486983165435],[-84.328621307949135,33.806763841345742],[-84.32880027066102,33.807057848442696],[-84.328889752477195,33.807204851887185],[-84.32906875278249,33.807498916226677],[-84.329225380535576,33.807756218913035],[-84.329323225015926,33.807916957534815],[-84.329382008153772,33.808013524093354],[-84.329549331835281,33.808288404295233],[-84.329680291241345,33.808503535903654],[-84.329678699737826,33.808874056842456],[-84.329676753149158,33.809328451346303],[-84.329675947442183,33.809516439743312],[-84.329674557141615,33.809840424493203],[-84.329864287404661,33.810102784036097],[-84.329949074318861,33.810089329242885],[-84.330006154114628,33.810084153950491],[-84.330063512962568,33.810082021324263],[-84.330230386187793,33.810078884233128],[-84.330397153732847,33.810073009653031],[-84.330402450302756,33.810072785325346],[-84.330464224145231,33.810067508015344],[-84.330525072375508,33.810057170051799],[-84.330584402178246,33.810041871405097],[-84.33064163487731,33.810021762520222],[-84.330711085192405,33.809990445203724],[-84.33077666265487,33.809953768194589],[-84.330837775976448,33.809912063190787],[-84.330893873923486,33.809865706919936],[-84.330933286865488,33.809826080203941],[-84.330967761974591,33.809783365596047],[-84.3310044104675,33.809727190984837],[-84.331034981664772,33.809668537715048],[-84.331059236660096,33.809607862343476],[-84.331076986267973,33.80954563849118],[-84.33108772151725,33.809482868570399],[-84.331091229594975,33.809419530325421],[-84.33108747921878,33.809356201754966],[-84.331076503915753,33.809293461671764],[-84.331059246393025,33.809234562865832],[-84.331035435611838,33.809177278624787],[-84.33100528101825,33.809122116293722],[-84.330969049264766,33.809069563304512],[-84.330927060966204,33.809020085377071],[-84.330879689608693,33.808974121111063],[-84.330740417029887,33.808851185471077],[-84.330499423924607,33.80863900983077],[-84.330424155537187,33.808558386107087],[-84.330354021545375,33.808474597049113],[-84.330289213558117,33.808387871429979],[-84.330229906992074,33.808298444355593],[-84.330176264317345,33.80820655996515],[-84.330146349458673,33.808145221706596],[-84.330122518683382,33.80808205495029],[-84.330104928309098,33.80801747695579],[-84.330085469474696,33.80791432080072],[-84.330084829731533,33.807910176770612],[-84.330083874539625,33.807862823462607],[-84.33008714163293,33.807815541200753],[-84.330095364610912,33.80776219239371],[-84.330109025254202,33.807709627126727],[-84.330128025994043,33.807658229629496],[-84.330152226048156,33.807608378778561],[-84.330181307562768,33.807561623122581],[-84.330215948124291,33.807517586674066],[-84.330255786762905,33.807476727042882],[-84.330300407367972,33.807439471255748],[-84.330349346231586,33.807406206730022],[-84.330402092048587,33.807377281273972],[-84.330458095621935,33.807352994959267],[-84.330577756312806,33.807311233956234],[-84.330700375781205,33.807275957164961],[-84.330825451001786,33.807247310411555],[-84.330921348907395,33.807229743973011],[-84.331018003508902,33.807215349352717],[-84.331115262567423,33.807204150194714],[-84.331411980920961,33.807176118751009],[-84.331498834990938,33.807169846268899],[-84.331558379296723,33.807165583942457],[-84.331634655040631,33.80716110896509],[-84.331711086936053,33.807159209741343],[-84.331808302143244,33.80715843675862],[-84.332129263633277,33.807175075764789],[-84.332282772208259,33.807183032385566],[-84.332543614089062,33.807209065042741],[-84.332655323278388,33.80721670592105],[-84.332767404594392,33.807217365634862],[-84.332859461637113,33.807211745195538],[-84.332950608458333,33.807199588061671],[-84.333046250726639,33.807180780549878],[-84.333140361839341,33.807157196293517],[-84.333232599556879,33.807128921414822],[-84.333288335828286,33.807107651994109],[-84.333341453236528,33.807082136617552],[-84.333431537895066,33.807030894103093],[-84.33351787585157,33.806975338595954],[-84.333587616106939,33.806924378649491],[-84.333653170126922,33.806869684292415],[-84.333714249984922,33.806811492153052],[-84.33381272117272,33.806708077636316],[-84.333868183596962,33.806643408374903],[-84.333918020142747,33.8065756216021],[-84.333961979820288,33.806505058488149],[-84.333999842991318,33.806432073685102],[-84.334031418125207,33.806357033527554],[-84.334056547197179,33.80628031512375],[-84.334081595608538,33.80619159588101],[-84.334135007632739,33.805986172916946],[-84.334156062210241,33.805927639960814],[-84.334185017941209,33.805871508181298],[-84.334221492826302,33.805818518345262],[-84.334265005421713,33.805769369877886],[-84.334343296526995,33.805690809234051],[-84.334540469929209,33.805508253858179],[-84.334842561808799,33.805227126693381],[-84.334813669065298,33.805201377123375],[-84.334925674758722,33.805106792027921],[-84.334888115516634,33.805057864791969],[-84.334610820652344,33.804862324264512],[-84.334610299327792,33.804861950790013],[-84.334494203794051,33.804776390844317],[-84.334382690699229,33.804686683284928],[-84.334275972072206,33.804592999149257],[-84.334174252394178,33.804495517600017],[-84.334066298613877,33.804381853516681],[-84.333965139050335,33.804263914421689],[-84.333871018331635,33.804141981314395],[-84.33382345885677,33.804084786555492],[-84.333758058309556,33.804006129651256],[-84.333731705871301,33.80397444353089],[-84.333900518985814,33.803732108539215],[-84.334235274135722,33.803581784898981],[-84.334276653589143,33.803554808151901],[-84.334322086515982,33.803532841755185],[-84.334370709694966,33.803516305243058],[-84.334421595978654,33.803505512744742],[-84.334473776968736,33.803500670249029],[-84.334526260281791,33.803501868367881],[-84.334578045757809,33.803509086822629],[-84.334628149202842,33.803522185395259],[-84.334794710473844,33.803567167183189],[-84.334843188118242,33.803577309573853],[-84.334892858145821,33.803581926818012],[-84.334942820698473,33.803580936288434],[-84.334992171795193,33.803574356349529],[-84.335040018451991,33.803562305435264],[-84.335085493803405,33.803545002028144],[-84.335285875716338,33.803449287855145],[-84.335330958727127,33.80343134652626],[-84.335378741384687,33.8034192198295],[-84.33542815713237,33.803413177010583],[-84.335478099193224,33.803413354829431],[-84.335527451874199,33.803419749402643],[-84.335684515208683,33.803450893662351],[-84.335698535259766,33.803450273052988],[-84.335962653599282,33.803438543786648],[-84.336167564657529,33.803398478952261],[-84.336188802682258,33.803379226613934],[-84.336238196991843,33.803334427923531],[-84.336239136035175,33.803333574574459],[-84.337956007268289,33.802984543875297],[-84.337945663666019,33.802892934471359],[-84.337930925133222,33.802801745023565],[-84.337911817899169,33.802711123364318],[-84.337898981882987,33.802659767925917],[-84.337876019913082,33.802578303346976],[-84.337848251723429,33.802497886836505],[-84.338413603066144,33.802310672491409],[-84.338263021415131,33.803568697676837],[-84.338231615841977,33.803771268823589],[-84.338183589406341,33.803932327711379],[-84.338157990675256,33.804012899474259],[-84.3381047488554,33.804163925716281],[-84.338138332259817,33.804562974028649],[-84.341239640188235,33.804584163421211],[-84.343416128686812,33.804595514903127],[-84.343946343857652,33.804600549876284],[-84.345613066936224,33.804616363008876],[-84.347030201401665,33.804636687114233],[-84.347485429210877,33.804639324333507],[-84.347480758253084,33.805062121383159],[-84.347250374849907,33.805066647008545],[-84.347248316277998,33.805254348890408],[-84.347503471231192,33.805258303928483],[-84.347678982311834,33.805587438524007],[-84.347909406299522,33.806019550587898],[-84.347997944373304,33.806041625366042],[-84.347760403693101,33.805577947288924],[-84.347886579114416,33.805413120995347],[-84.347999225558851,33.805265966028514],[-84.348000294886958,33.805215809359929],[-84.347955983407573,33.805197763075505],[-84.347927184286263,33.8051798517712],[-84.347909709749914,33.805162441368473],[-84.347895881341742,33.805142879683345],[-84.347886072797124,33.805121693632344],[-84.347880547772263,33.80509945267098],[-84.347879455499623,33.805076757078432],[-84.347882825346232,33.805054218129378],[-84.347890520549569,33.805032542916791],[-84.347902341205682,33.805012202394053],[-84.347921281917493,33.804990938940463],[-84.347958899919973,33.804964358065142],[-84.347961865615261,33.804633922066692],[-84.348035882306149,33.804633702364143],[-84.348044606258256,33.80458108285336],[-84.348119859640846,33.804580891036579],[-84.348536639048618,33.804587176699854],[-84.348659575322728,33.804589031316759],[-84.348658385888797,33.805047065099636],[-84.348208808349071,33.805063041135661],[-84.348203689109539,33.80511945309253],[-84.348178432158292,33.805164760224201],[-84.348130109048469,33.805200849468385],[-84.348094055238022,33.805214773458523],[-84.348068327168647,33.805219587326462],[-84.348055727117298,33.805220669799496],[-84.348133854446957,33.805265686908704],[-84.348617172941488,33.805259100739896],[-84.348598613780354,33.807327984447809],[-84.348576675100603,33.809817821146318],[-84.348571936145063,33.810355568136757],[-84.348567738783899,33.810831787651374],[-84.348559100654342,33.811812170787718],[-84.348554812027189,33.812298906237942],[-84.348500901393251,33.813391158345638],[-84.348136913469205,33.81358254336255],[-84.348409165856282,33.813934021151198],[-84.347870386841265,33.81425090699161],[-84.347745524659146,33.814334586493864],[-84.347541421232677,33.814111235096696],[-84.347462167741114,33.814143039680083],[-84.346746033350016,33.814506234777184],[-84.34707866190648,33.814905128763399],[-84.347856460622737,33.814423884105821],[-84.348203548244712,33.814685791822832],[-84.348150074336274,33.814739546465759],[-84.347672889099684,33.81546785966966],[-84.348498173666044,33.815478573674405],[-84.348487664107395,33.815576995815611],[-84.348581262404167,33.817302459207255]]]},"properties":{"OBJECTID":262,"LOCALID":null,"NAME":"F","GEOTYPE":"NPU","FULLFIPS":null,"LEGALAREA":null,"EFFECTDATE":null,"ENDDATE":null,"SRCREF":null,"ACRES":3842.1100000000001,"SQMILES":6,"OLDNAME":null,"NPU":null,"CREATED_USER":null,"CREATED_DATE":null,"LAST_EDITED_USER":"SHENDERSON","LAST_EDITED_DATE":1782831257000,"GLOBALID":"{968993E0-7992-4F8A-A258-D9B9E5A35EC8}","SHAPE.AREA":167661769.20658001,"SHAPE.LEN":118834.668441473}},{"type":"Feature","id":641,"geometry":{"type":"Polygon","coordinates":[[[-84.369253464867299,33.748892476708868],[-84.369514811357504,33.749155535878451],[-84.369631069814147,33.749277986278862],[-84.37017609354227,33.749854222024666],[-84.370645112820142,33.750633265046943],[-84.370722041634323,33.75081761402231],[-84.370864166234995,33.751093922308677],[-84.370984116152783,33.751320914083031],[-84.376577446842873,33.749343248976103],[-84.378077654644059,33.74900574554816],[-84.378612012237369,33.748901770071392],[-84.379269803356692,33.748823344607054],[-84.380174421802295,33.748778842123336],[-84.38106886413388,33.748777292053113],[-84.383257218313986,33.749121957821075],[-84.383563159160218,33.748987497758982],[-84.385185522251902,33.748274452085276],[-84.383879949430337,33.747857909702766],[-84.383817889646195,33.747852325816808],[-84.38353834430076,33.747787281211941],[-84.382182488669869,33.74745299418818],[-84.38150431090817,33.747431846644602],[-84.380708133479956,33.747419831810141],[-84.380717825497314,33.747348360554582],[-84.380729806198659,33.746882191609302],[-84.380577376333378,33.746880652490205],[-84.38046823158956,33.746879622506412],[-84.380477510467799,33.745629056805974],[-84.380489020456935,33.743969778629967],[-84.38045648433507,33.74345281867037],[-84.381046979141033,33.743448703016703],[-84.38112839995398,33.743448905148988],[-84.38154126012995,33.74344956145638],[-84.381539385774076,33.74302770834943],[-84.381537855024845,33.742413818823607],[-84.381536720162615,33.741628849945457],[-84.381536587396383,33.741575602819374],[-84.381534739838358,33.740834607993108],[-84.381533443228946,33.739984711756222],[-84.38153214737207,33.73946495003981],[-84.38153072841439,33.738565928822069],[-84.38152917486147,33.737942763540204],[-84.379867217897939,33.737921816191005],[-84.37989214783137,33.736744269485769],[-84.379849195636965,33.73666773519426],[-84.379876335708758,33.735505004088161],[-84.379890292246614,33.734331987767682],[-84.379904583604556,33.733128225899854],[-84.379913318430141,33.732337742240297],[-84.379922180835038,33.731598444513274],[-84.379932756996908,33.731552392973043],[-84.379711539992954,33.731546934772993],[-84.378510056271239,33.731513961475358],[-84.378520097164071,33.730915167176505],[-84.378527692991511,33.730325307943893],[-84.378542815179642,33.729117421602744],[-84.37855096035463,33.728416600389188],[-84.378561289426017,33.727600692082547],[-84.378564192690646,33.727443692910683],[-84.378561915780438,33.726517188736679],[-84.378552416106942,33.724826335702105],[-84.378578004540657,33.724321139710213],[-84.376758948964323,33.724309884994973],[-84.375717447837133,33.724314515087464],[-84.375193316204616,33.724335440551293],[-84.374700128883376,33.724402115984788],[-84.374196669641904,33.724471670382016],[-84.373792625925191,33.72456682006235],[-84.372988093043915,33.724811502141804],[-84.370482089743717,33.725600063885658],[-84.368421125100213,33.726256161155092],[-84.368445187353799,33.725802750257714],[-84.368464321365096,33.724843574863549],[-84.368465571928581,33.724675241952212],[-84.368476617221148,33.723422014919514],[-84.368475916803774,33.722771364652644],[-84.368490344187663,33.721909416186158],[-84.368507261287434,33.720003465195639],[-84.368507884909562,33.719918611611867],[-84.368521399650902,33.718315663255325],[-84.368531722932843,33.717105721244046],[-84.368538113177337,33.716323141208377],[-84.368538668424094,33.716209087392812],[-84.368541194910136,33.715883413203166],[-84.368543146849973,33.715663548967783],[-84.368558225603195,33.715080547178751],[-84.368569544802781,33.714647677180913],[-84.36858007311136,33.714228205328872],[-84.368590631080252,33.713821444119837],[-84.368092883605811,33.713672131977319],[-84.367079293205634,33.7133676927563],[-84.366717267432847,33.713245293878508],[-84.366523913058515,33.71318033559632],[-84.365670687391642,33.71289142771986],[-84.365371910924907,33.712743845051847],[-84.365230342162207,33.712673648423383],[-84.364163400734313,33.712038791171139],[-84.363197733368864,33.711464224455099],[-84.363108813028532,33.711406652324527],[-84.362621397209509,33.711090345370316],[-84.36148449179889,33.710400953018087],[-84.361445788273471,33.710372500793319],[-84.361224272571008,33.710210015123508],[-84.360676664401652,33.709808254508424],[-84.360639926795002,33.709783493049571],[-84.360571583481004,33.709752997033007],[-84.359795865763587,33.709195395376206],[-84.359627885435188,33.709074390623364],[-84.359520833900206,33.708994514532257],[-84.359224384394324,33.708773741520254],[-84.358341503258359,33.708057128036408],[-84.358278877374033,33.707990923247046],[-84.357448280830965,33.70711894502891],[-84.356959176371291,33.706606007780941],[-84.355448511449779,33.706621281569809],[-84.354853586964097,33.706770733711018],[-84.355029759564971,33.706959903640495],[-84.354970185034261,33.707341234565533],[-84.352848248390814,33.707004351798055],[-84.352890974700514,33.707161681637743],[-84.35185188180904,33.707278945943152],[-84.351720342426816,33.70727710890948],[-84.351723857847333,33.707593265348358],[-84.351217128475881,33.707629750893851],[-84.350133674742366,33.70736338069031],[-84.349529124357915,33.707389626415669],[-84.349529563404346,33.708333422214871],[-84.34952999989747,33.709272421930933],[-84.349530866897936,33.711137842756038],[-84.349533416880149,33.713504443864707],[-84.349512277196752,33.714003686523093],[-84.348416112808607,33.714024424928226],[-84.34810971928853,33.714021799808933],[-84.348114559441512,33.713747906614891],[-84.348125534805646,33.7137471123579],[-84.34812428693796,33.713197459316319],[-84.346595132431446,33.71319029188377],[-84.346593584014911,33.712503226806277],[-84.344935927853385,33.712495433359933],[-84.344903846251526,33.712524639407057],[-84.344868315321705,33.712586744857127],[-84.344859912121407,33.712631895985325],[-84.344851969422976,33.712674867131241],[-84.344830643461393,33.71271452684087],[-84.344618854550859,33.712996639384109],[-84.344595535759808,33.713031128185811],[-84.344579585141574,33.713045850956448],[-84.344548559492495,33.713067214535663],[-84.344528893833299,33.713089118977287],[-84.344522366449738,33.713101724593955],[-84.344517739748284,33.7131424079327],[-84.344517531238111,33.713189374001928],[-84.344501345159983,33.713234350565187],[-84.344487447708275,33.713256938269801],[-84.344467645482268,33.713285374536959],[-84.344463570807548,33.713307566696209],[-84.344474243002153,33.713357039952228],[-84.344486444402392,33.713459552170633],[-84.344488262017705,33.71351904030648],[-84.344487653562112,33.713598629978364],[-84.34448426874944,33.713651392892722],[-84.344477556802119,33.713676552610337],[-84.344463133166187,33.713699339433802],[-84.344445923444241,33.713723560301261],[-84.34443382887811,33.713749854840437],[-84.344427195344082,33.71377747417575],[-84.344421425825274,33.713803947156599],[-84.344411510330957,33.713829547884444],[-84.344383883327126,33.713875688706281],[-84.344360810469809,33.713912402407026],[-84.344337765039697,33.713951965315324],[-84.344306382446462,33.714009757385512],[-84.344277616812036,33.714072026042082],[-84.344237186382529,33.714173418338206],[-84.34421471460665,33.714249048673814],[-84.344203091548991,33.714311592922385],[-84.344194579447134,33.714365940198924],[-84.344196777196984,33.714396849613564],[-84.344211106561261,33.714451886290504],[-84.344238990122804,33.714541254089475],[-84.344273110704279,33.714638813526619],[-84.344298870472713,33.714699615210208],[-84.344326700819906,33.714742105667824],[-84.344361201430488,33.714781031270959],[-84.344431134844314,33.714841028203551],[-84.3444752589795,33.714901053234847],[-84.34448903795203,33.714934439965745],[-84.344507821462258,33.715005691084698],[-84.344517364380991,33.715065699160853],[-84.344522617069387,33.71513600407809],[-84.344522061112855,33.715235286846315],[-84.344513415213171,33.715374354458746],[-84.344507640885013,33.715491164022232],[-84.344506505376856,33.715796577380814],[-84.345555501228574,33.715802021616149],[-84.34584138010176,33.715744272395774],[-84.346066347070234,33.71570664591863],[-84.346292905164688,33.715675690816973],[-84.346509523023059,33.71565265644368],[-84.346726831164929,33.715634728597159],[-84.347066914143667,33.715610480799583],[-84.347989665884953,33.71554402608826],[-84.348667385957839,33.715494819306215],[-84.348667325970624,33.715441330125827],[-84.349240498291408,33.7153979817218],[-84.349376119009534,33.715399439340793],[-84.34950701597765,33.71540084609704],[-84.349517103786255,33.716013502946126],[-84.349506420862454,33.717656529668957],[-84.349501869952661,33.718356526631098],[-84.349498695690983,33.718844726708717],[-84.349494307925156,33.719489888783691],[-84.349482946609314,33.720723555294121],[-84.349477125869583,33.721355537916033],[-84.349472919946592,33.721812206408188],[-84.349463258271456,33.722219443991555],[-84.349386718719273,33.722197918298939],[-84.348731795755796,33.722018501967426],[-84.348708491658513,33.722698261241433],[-84.348707507105871,33.722771137599054],[-84.348699439654908,33.723367955836295],[-84.348698687408302,33.72342360472004],[-84.348697438583613,33.72351391325882],[-84.348693442252866,33.723802966214905],[-84.34869218974498,33.723876709449911],[-84.348686934857554,33.724157420279489],[-84.348684130381926,33.724307207316734],[-84.348681937154865,33.72444292033633],[-84.348678924041707,33.724629343932321],[-84.348676755554351,33.724763492527863],[-84.34867486759687,33.724880248583737],[-84.348674087825586,33.724928492159265],[-84.348674896279817,33.725084015625015],[-84.348677754894069,33.725634158429862],[-84.34865497441649,33.726252778569773],[-84.348635574414644,33.726339105032686],[-84.348487213773581,33.726328300751327],[-84.347750716877925,33.726333829843682],[-84.347593112115504,33.726310827762447],[-84.347480962724518,33.72631913309867],[-84.347824024411793,33.727110786387549],[-84.347704680963318,33.727110974918247],[-84.347250715242296,33.726424544935377],[-84.347215707295717,33.726377061507065],[-84.347140811163513,33.726421465025673],[-84.347072421623253,33.726486384381985],[-84.346971826483113,33.726607529549554],[-84.346851424199727,33.726851516830948],[-84.346791784081432,33.727010256305157],[-84.346742214116986,33.727156188313153],[-84.346726823428625,33.727280436042278],[-84.346707145299902,33.727643893159041],[-84.345930052977991,33.727612561143381],[-84.345930708821854,33.727658633205643],[-84.34533523400755,33.727646512240867],[-84.345329848120201,33.727825096467519],[-84.345933265557079,33.727838373575921],[-84.345940590356221,33.728353123209615],[-84.346765017860861,33.728331089015612],[-84.346779212813203,33.728499635398968],[-84.346828464817975,33.728581292696163],[-84.347350278138975,33.728274604421998],[-84.348635309282471,33.728295021993141],[-84.348626837116285,33.728398281723074],[-84.34862536534736,33.728504192835786],[-84.348623324088209,33.728651145627524],[-84.348620842511608,33.728829786088227],[-84.348613956396093,33.7289789776178],[-84.34861664314549,33.729131744546315],[-84.348615898540118,33.729289743446998],[-84.348615111296695,33.729454640101764],[-84.348614325073797,33.729619509700818],[-84.348613385312902,33.72981645154897],[-84.348612599027703,33.729981293187031],[-84.348611751166317,33.730158887982171],[-84.348611050041669,33.730305790972004],[-84.348605890899165,33.731368468996784],[-84.348591532874863,33.732474601423711],[-84.348025728375077,33.732469626995488],[-84.345572939800192,33.73243891208422],[-84.345567208576895,33.731804599542748],[-84.345420323840216,33.731826592729462],[-84.345278320427994,33.731387803746792],[-84.345419180379523,33.731377137077274],[-84.345418904243161,33.731226265529664],[-84.344171776721566,33.731210302660308],[-84.34415972267638,33.731901672661486],[-84.344820765726354,33.731909422677681],[-84.344815218452965,33.73243143545087],[-84.342784512367245,33.732416090624767],[-84.342775092405986,33.731901068189629],[-84.342646758630693,33.731900881459872],[-84.342655497795562,33.731376030251525],[-84.342375634383274,33.731377774951916],[-84.342370153849501,33.73186936741098],[-84.342366157132219,33.731913550795667],[-84.342358349065847,33.731949380319392],[-84.342343973037728,33.732417758646569],[-84.342135244206162,33.732416601036249],[-84.342130404585276,33.73190410930588],[-84.341914358250349,33.731899814024423],[-84.341926592000846,33.732415443866017],[-84.340084852055782,33.732405212495337],[-84.340072624776553,33.732849781922226],[-84.340068910021074,33.732984851174436],[-84.339980053645959,33.73290400151204],[-84.339799102290812,33.732739355401428],[-84.339314071306859,33.732298024880528],[-84.338938396127858,33.731960311881309],[-84.338995457431622,33.731887839840617],[-84.339182857327472,33.731892651819749],[-84.339205173470788,33.73138323629211],[-84.338808365895773,33.731388376809285],[-84.338562957355833,33.731641723385458],[-84.337682417922807,33.730974622436321],[-84.337780492001258,33.730844790974594],[-84.337934460183064,33.730940494269852],[-84.338054942957157,33.730458715593286],[-84.337262959143516,33.729981452928634],[-84.337094565551467,33.730037027503691],[-84.336612868145451,33.72996532593725],[-84.336570647715817,33.730020418633238],[-84.336353177226883,33.729861327655129],[-84.336005655999358,33.729607091222036],[-84.335887316076821,33.729520518279131],[-84.335648552322994,33.729345847488048],[-84.335252100853381,33.729034503403312],[-84.334867322876562,33.728712080563021],[-84.335128240610572,33.728574030631421],[-84.334962324077068,33.728092352073183],[-84.334650557862759,33.728222765253534],[-84.334220590259164,33.727462601673018],[-84.334944045840459,33.727450288651767],[-84.33505087491406,33.727712278156496],[-84.335196660252663,33.727992383751136],[-84.335343131679281,33.727929899814292],[-84.335213608121919,33.727350621228467],[-84.335458062218791,33.727339621623003],[-84.335585173913856,33.727331981179219],[-84.335881808161204,33.727402543851255],[-84.336160240697424,33.727413870988293],[-84.336534303292993,33.727314563050243],[-84.336702842452397,33.727242835782732],[-84.336705924003468,33.727172068356019],[-84.336741780432789,33.727173238927534],[-84.336788982161167,33.726998128330514],[-84.336784458695405,33.7268073009039],[-84.336663448879008,33.726490273411528],[-84.336516188168602,33.726487247183698],[-84.336524548018232,33.72590228632307],[-84.335782144906958,33.725887535131179],[-84.335127100634395,33.725897857241613],[-84.335126114491757,33.725973598050558],[-84.334314456880904,33.725987900123762],[-84.334315275890461,33.725727594189003],[-84.333593310737086,33.725752671706765],[-84.333600855781611,33.725800665002893],[-84.333485062841802,33.725795659459692],[-84.333329040658285,33.725429419107698],[-84.333293010856906,33.725313002053767],[-84.333273914566647,33.725235425511734],[-84.333269245061359,33.725155377890161],[-84.333236209669224,33.725080188805165],[-84.33320150287895,33.724991603289752],[-84.333169262662054,33.724902328274254],[-84.333141967940207,33.724819230170262],[-84.333119266016396,33.724743519485123],[-84.333097266834059,33.724664013660409],[-84.333079859761511,33.724591550825053],[-84.333064097211306,33.724519086672316],[-84.333048310162965,33.724433911841047],[-84.333036657563213,33.724360755080539],[-84.333025803368187,33.724275230066333],[-84.333018262022108,33.724202067764196],[-84.333012363845626,33.724128215280565],[-84.333009349518719,33.724054669984469],[-84.333006323872709,33.723980847892875],[-84.33285664712372,33.723583586564033],[-84.333070906838387,33.72358450719215],[-84.333074647509846,33.723284575545037],[-84.33375748960583,33.72328903291514],[-84.33376529239095,33.723009573358084],[-84.333568844362247,33.723005619217851],[-84.333564010452761,33.722399115509162],[-84.334818316551321,33.722436899690528],[-84.334804116677475,33.722697714485321],[-84.335928509374654,33.72273198359499],[-84.33595103982698,33.722232882575838],[-84.335588335701701,33.722168967240428],[-84.335484011743802,33.72166648444307],[-84.335516387792353,33.721253025042103],[-84.337480955806981,33.721259241056217],[-84.33747833554385,33.720420048964314],[-84.337637203241727,33.720380405824933],[-84.338277434081405,33.720378467479513],[-84.338246809220308,33.71919267867662],[-84.337560383546204,33.719202320548739],[-84.33744453716028,33.719220997296944],[-84.337097902675112,33.719217354603295],[-84.337093608913335,33.719762643739216],[-84.335012953406178,33.719740346278193],[-84.335008716963642,33.7200497814271],[-84.333782983413897,33.720044440087563],[-84.333791137901542,33.719744520312162],[-84.333209001868241,33.719739112225021],[-84.333241483690571,33.718730403373563],[-84.332765735446188,33.718723764960785],[-84.332737616970149,33.719146891129064],[-84.331915407933863,33.71914032889044],[-84.331901089836492,33.719729554846118],[-84.331736657706728,33.719728240990229],[-84.331738747525563,33.71964187347541],[-84.331120481651425,33.719636933917577],[-84.331039885060306,33.719671271873459],[-84.330789752044879,33.719336552577886],[-84.33073606094095,33.719135735568145],[-84.330673531754428,33.71890185822614],[-84.330623299570647,33.718696607598467],[-84.330611718119513,33.718563447578404],[-84.330599555356045,33.718392370756376],[-84.329915731489081,33.71845236414768],[-84.329290504578452,33.718459201215033],[-84.329298334987868,33.718922237336344],[-84.329286810483097,33.719110643839365],[-84.32928193397224,33.719180758940297],[-84.329188701679371,33.719380987360061],[-84.329063106368281,33.719685492110678],[-84.329047095738886,33.71972771271313],[-84.328901242837631,33.720112336680351],[-84.328618744585157,33.720856791606451],[-84.328519441984099,33.721103787576844],[-84.328421005819862,33.721277435801795],[-84.327679180739437,33.722245547468582],[-84.327508173318705,33.722243499906376],[-84.32754652927342,33.722268645963425],[-84.327612074194064,33.722328716680359],[-84.327236496559664,33.722785880561261],[-84.326749209730636,33.72309953641453],[-84.326340546400942,33.723403176753571],[-84.326280305113357,33.723440483295398],[-84.325971767628062,33.723631553158548],[-84.325453280662018,33.723879258774716],[-84.324803698418421,33.724189663013028],[-84.324070504519895,33.724527298682915],[-84.324027112911935,33.724547278875612],[-84.323643620091246,33.724714801350224],[-84.322801268687613,33.725156534144951],[-84.322623044233154,33.725249994647186],[-84.322098204584989,33.724881580450187],[-84.321803661890286,33.724719171284633],[-84.321386481863513,33.725216250867753],[-84.320362265376687,33.724612490172724],[-84.31968303868608,33.724209557270477],[-84.318493217967429,33.723408567346588],[-84.317498948117802,33.72273895795206],[-84.317305683158466,33.72260879740795],[-84.31697380929208,33.722448110975812],[-84.316575556664631,33.722255282470286],[-84.316098937747512,33.722024507329728],[-84.315510179958082,33.721739431341575],[-84.315026096360683,33.721568087719213],[-84.314998888275383,33.721558457295274],[-84.314992660713159,33.721598325415322],[-84.314941662547582,33.721679902237902],[-84.314741435478723,33.721911738650654],[-84.314667000629228,33.721997923891628],[-84.314559881812357,33.722121951275575],[-84.314522556539544,33.722166429828256],[-84.314495761150098,33.722200605107297],[-84.314466803815733,33.72224701490299],[-84.314454587175049,33.722271068710441],[-84.314450723621874,33.722287090442435],[-84.314449910629278,33.722301294381879],[-84.314452099288303,33.722317252067192],[-84.31445492540945,33.722325507901658],[-84.314464535891005,33.722345357291665],[-84.314488553786362,33.722370292839848],[-84.314527507239859,33.722389894309266],[-84.314586585148248,33.722412849288098],[-84.31467228563902,33.72244614865415],[-84.314634334962548,33.722504137576585],[-84.314675738059307,33.722654584223349],[-84.314740071285755,33.722772525530722],[-84.31479826010154,33.72290336522012],[-84.31426539253458,33.723404936308121],[-84.314263719478816,33.723548370931667],[-84.315665914225249,33.723561753092973],[-84.315665886875209,33.723783238021461],[-84.317153654472776,33.723775408365562],[-84.317622304754948,33.723772937536936],[-84.317947595742524,33.723999789611753],[-84.319199278194247,33.72496421006592],[-84.318956277125238,33.725825282981987],[-84.318563696611506,33.726354670610299],[-84.321031628888065,33.726413661002582],[-84.32228207653381,33.727196459589209],[-84.322902220512418,33.727584669084017],[-84.323539416738356,33.727983545658304],[-84.324191753346625,33.728322722321543],[-84.324229583949503,33.728347008965898],[-84.324849499574754,33.728744979262395],[-84.325612096487461,33.729229195077494],[-84.326098894485213,33.729538284156661],[-84.326680766691226,33.729761466025138],[-84.326737532712144,33.729783238775418],[-84.327229113008769,33.729971785980986],[-84.328778404955244,33.730566001556852],[-84.328833931875153,33.730583064695175],[-84.329027725865075,33.730639612814109],[-84.329276846810487,33.730639022646898],[-84.329283628388552,33.733311378301302],[-84.32821720293741,33.733300125062939],[-84.328213504837308,33.73349258547487],[-84.327622950147003,33.733504377617017],[-84.32761997920187,33.732666317056669],[-84.326616403009808,33.732726663496727],[-84.326580976500381,33.732495935952102],[-84.326584586876535,33.732232133660553],[-84.326000365952567,33.732277425415248],[-84.326035801006952,33.732339127135944],[-84.325332570979185,33.732695724739223],[-84.3248943667097,33.733014610652766],[-84.324956807888057,33.733133493769486],[-84.3245688170812,33.733393902837612],[-84.324845536118403,33.7337408101614],[-84.324726736939425,33.733839839141751],[-84.323761116459153,33.732583399824449],[-84.323699212339136,33.732159275697562],[-84.322995427380931,33.732303666867963],[-84.322993307645731,33.732440992301136],[-84.323424257376757,33.733529061838524],[-84.323972361030386,33.734444431755399],[-84.324277045194989,33.734825014996296],[-84.324505346388378,33.734994044159905],[-84.32468949660273,33.735020188480675],[-84.32468064557105,33.735494388640468],[-84.324741231807295,33.73557077809685],[-84.325781023805845,33.7366229590085],[-84.327444575218252,33.736248150379438],[-84.328993037522025,33.735889498575496],[-84.32900697266885,33.735649058305903],[-84.329289562072503,33.735649462795891],[-84.329294997747013,33.737790795226225],[-84.328614744661209,33.73779105992503],[-84.329160028893227,33.738772416560735],[-84.328748609825169,33.739006822263576],[-84.328828128425684,33.739127120822118],[-84.329531528836341,33.739782411211806],[-84.329603692702406,33.74000471905233],[-84.328591701826824,33.739976097234553],[-84.329694367064818,33.741133418677869],[-84.330175183817659,33.741661566605018],[-84.330620354954306,33.742236519925804],[-84.33119306430207,33.742827664082114],[-84.331604128620356,33.743180610605933],[-84.331688978803712,33.743253325934262],[-84.332115582285638,33.743558842592712],[-84.332401360062178,33.743763547682256],[-84.332552896672553,33.743872244593206],[-84.333128432779844,33.744211222712721],[-84.333916247149261,33.744593196626582],[-84.334088298681209,33.744676441606273],[-84.33427677058215,33.744744892198767],[-84.334712973559618,33.744903011730756],[-84.334911324193726,33.744975226750945],[-84.33584698994234,33.745253927263384],[-84.336869671047381,33.745445929906118],[-84.33801391518503,33.745555480083702],[-84.338672701043706,33.745556796553494],[-84.33876645988731,33.745556665897183],[-84.339811832976793,33.745576159728067],[-84.340669686974152,33.745595565594307],[-84.340974002904275,33.7455999457774],[-84.341274195804687,33.745599521601278],[-84.341920637242012,33.745596888036481],[-84.343192163049395,33.745605726078601],[-84.34434441238318,33.745604073259223],[-84.344574676038121,33.745593435731045],[-84.345217043460153,33.745609341473155],[-84.346953308894541,33.745644263263458],[-84.347163864545919,33.745648422434648],[-84.348639190889784,33.745577206084931],[-84.348945907544504,33.745549958193024],[-84.349225512743303,33.745515246039247],[-84.34974268892573,33.745469080004185],[-84.351206908336223,33.745206503374035],[-84.351828424625111,33.745088771277985],[-84.351877746713598,33.745077360764171],[-84.352801707034999,33.74486057709796],[-84.354407760675784,33.744401591283257],[-84.354940393645023,33.744260962043242],[-84.355677737222265,33.744086695647773],[-84.356747185797602,33.743841833607988],[-84.358316690560784,33.743607866289345],[-84.35884827590111,33.743490388100675],[-84.362324993501815,33.743383273829572],[-84.362345338603546,33.74413814412037],[-84.362304222588364,33.746676223811775],[-84.363097093843621,33.746684583767838],[-84.36376412528503,33.746691765463076],[-84.364010045822468,33.746694120877756],[-84.364686125480532,33.74670128312831],[-84.365039790924101,33.7467048377598],[-84.365224850874952,33.746707288526885],[-84.365714225811104,33.746711997022807],[-84.366123821499841,33.746716832489845],[-84.366282561321228,33.74671863712701],[-84.366684753366158,33.746722795640643],[-84.366763712597376,33.746723698289721],[-84.367420874273236,33.746730532691586],[-84.368129195711759,33.746747945821021],[-84.368103173133107,33.747990870377713],[-84.368625470814607,33.748353473883242],[-84.36878700078509,33.748491996092774],[-84.369253464867299,33.748892476708868]]]},"properties":{"OBJECTID":641,"LOCALID":null,"NAME":"W","GEOTYPE":"NPU","FULLFIPS":null,"LEGALAREA":null,"EFFECTDATE":1522540800000,"ENDDATE":null,"SRCREF":null,"ACRES":3488.54,"SQMILES":151960180.75,"OLDNAME":null,"NPU":null,"CREATED_USER":"GIS","CREATED_DATE":1524577520000,"LAST_EDITED_USER":"SHENDERSON","LAST_EDITED_DATE":1775488051000,"GLOBALID":"{AEBA41B0-0CD5-4408-96EE-1B5640726E25}","SHAPE.AREA":155551577.29592901,"SHAPE.LEN":106461.52529868801}},{"type":"Feature","id":275,"geometry":{"type":"Polygon","coordinates":[[[-84.312417778360143,33.764881420334191],[-84.314050641781066,33.764779345400719],[-84.314109997734661,33.764775634530857],[-84.314641504182489,33.764683738376014],[-84.315506343988815,33.764534203178947],[-84.316140577498189,33.764284786464515],[-84.316424635498294,33.764637942289838],[-84.316819233851874,33.764444821611896],[-84.322588776391271,33.7610501066547],[-84.322922426108292,33.760870704354026],[-84.323270906234782,33.760705711525731],[-84.323634220269312,33.760555814200529],[-84.324010723321777,33.760421700504892],[-84.324398770365207,33.760303374224293],[-84.324796717203256,33.760201867047343],[-84.325202921653641,33.76011752451862],[-84.325615737051066,33.760050005146624],[-84.32603516616274,33.760000682082897],[-84.326457916555199,33.759968874263997],[-84.32688234547193,33.759954582886181],[-84.327306808205094,33.759958497133667],[-84.32773048179719,33.759980274548717],[-84.328153816536684,33.760088925452166],[-84.328622377034947,33.760164652035186],[-84.329113969428647,33.76033577232338],[-84.329994334050014,33.760678141288906],[-84.331103459449693,33.761153795864679],[-84.33279564224209,33.761819507706726],[-84.334398232313163,33.762227669201465],[-84.335883701100542,33.762330609684454],[-84.337083167421241,33.762243076880104],[-84.338086940025505,33.762085915268479],[-84.338729360939368,33.76202868333506],[-84.338880709334376,33.762005354739983],[-84.339392962114758,33.761947025951805],[-84.340012829742477,33.761830846156087],[-84.341139268321314,33.761702174458954],[-84.342855757551007,33.761382329450456],[-84.345493386008556,33.760890791588672],[-84.347349120804452,33.760500424447606],[-84.348842266527214,33.760042095186733],[-84.349158085405136,33.759945149794362],[-84.349170825825666,33.759875903686492],[-84.349179256698179,33.759153089317088],[-84.34920667429968,33.758463237452204],[-84.349171787891819,33.758303547277912],[-84.349172431371485,33.758219037782126],[-84.349175913669981,33.757533343573463],[-84.349182194677951,33.756227571219441],[-84.349186255562216,33.755426793108263],[-84.349187952252237,33.755062991444063],[-84.349211298168882,33.753555182724597],[-84.349218317787205,33.753089700539924],[-84.349228409647239,33.752418081659236],[-84.349229890126409,33.752340441464895],[-84.349224759448461,33.751083809829481],[-84.34922037371345,33.750178610081569],[-84.349216968557656,33.749347955013725],[-84.349212133245288,33.748230452479177],[-84.349211810795296,33.74807826862066],[-84.349210609833904,33.747899634151473],[-84.349211198654615,33.747789358848557],[-84.349212497850701,33.747626179581118],[-84.349215523461041,33.747113282012897],[-84.349216142119189,33.747017092336542],[-84.349217863432045,33.746664969303175],[-84.349218356543432,33.746510035949598],[-84.349220223769819,33.746226275408247],[-84.349220715773981,33.746070311451227],[-84.349225512743303,33.745515246039247],[-84.348945907544504,33.745549958193024],[-84.348639190889784,33.745577206084931],[-84.347163864545919,33.745648422434648],[-84.346953308894541,33.745644263263458],[-84.345217043460153,33.745609341473155],[-84.344574676038121,33.745593435731045],[-84.34434441238318,33.745604073259223],[-84.343192163049395,33.745605726078601],[-84.341920637242012,33.745596888036481],[-84.341274195804687,33.745599521601278],[-84.340974002904275,33.7455999457774],[-84.340669686974152,33.745595565594307],[-84.339811832976793,33.745576159728067],[-84.33876645988731,33.745556665897183],[-84.338672701043706,33.745556796553494],[-84.33801391518503,33.745555480083702],[-84.336869671047381,33.745445929906118],[-84.33584698994234,33.745253927263384],[-84.334911324193726,33.744975226750945],[-84.334712973559618,33.744903011730756],[-84.33427677058215,33.744744892198767],[-84.334088298681209,33.744676441606273],[-84.333916247149261,33.744593196626582],[-84.333128432779844,33.744211222712721],[-84.332552896672553,33.743872244593206],[-84.332401360062178,33.743763547682256],[-84.332115582285638,33.743558842592712],[-84.331688978803712,33.743253325934262],[-84.331604128620356,33.743180610605933],[-84.33119306430207,33.742827664082114],[-84.330620354954306,33.742236519925804],[-84.330175183817659,33.741661566605018],[-84.329694367064818,33.741133418677869],[-84.328591701826824,33.739976097234553],[-84.327610496546939,33.739837187539649],[-84.327034541952301,33.739836956822131],[-84.327126162918404,33.740037881462008],[-84.327189094611455,33.740196680881965],[-84.327212492345197,33.740262373239176],[-84.327232079968823,33.740311080598183],[-84.327261788773995,33.740397339678623],[-84.327290339823975,33.740464616742926],[-84.327340621813761,33.740563088146821],[-84.327409180042125,33.740694439050543],[-84.327526862106012,33.740961451636394],[-84.327756975503718,33.741265640701975],[-84.327833777201889,33.741421719392413],[-84.327858763201135,33.741537514682086],[-84.327885320286256,33.741660588802347],[-84.327922774481735,33.741834166782425],[-84.327182037082153,33.742026421443875],[-84.327229996314571,33.74218637363709],[-84.327961803132283,33.742015041611218],[-84.328015185808823,33.742262434617921],[-84.328027229122483,33.742307726293198],[-84.328052659252577,33.742403362577875],[-84.328076717716286,33.742493842263571],[-84.328240265283782,33.743108894484564],[-84.328274192700974,33.743236485165532],[-84.328314800733736,33.743389198997448],[-84.328366185167823,33.74358243543184],[-84.328629106459474,33.744639936419119],[-84.328658038195769,33.744714910068872],[-84.328686714016172,33.74478922042664],[-84.328699941638561,33.744879633016936],[-84.328712541703936,33.744965762652782],[-84.328709077735297,33.745060806419218],[-84.328705755372113,33.745151950329223],[-84.328686899954818,33.745669311913211],[-84.328671515444455,33.746079314856665],[-84.328618465097293,33.747493060555399],[-84.327241369435313,33.747470490200826],[-84.326284361444664,33.747454796252711],[-84.325238317467296,33.74743763317678],[-84.324304466178305,33.74742230348852],[-84.323072169793207,33.747402064169847],[-84.322302721230912,33.747389420607284],[-84.322243010616006,33.747300470723097],[-84.32228962677425,33.745495251252777],[-84.321396901970189,33.745490047239436],[-84.321386310127281,33.746928773260443],[-84.321865653538978,33.746941010331568],[-84.321858058451454,33.74729769842066],[-84.321826439432542,33.74738131639112],[-84.320636723035449,33.747362028033386],[-84.320026182958259,33.747351983371317],[-84.320008514106334,33.74661764228037],[-84.318832862227325,33.746599289235142],[-84.317002633782124,33.746563307423536],[-84.317034925185041,33.744775746125541],[-84.317541501509197,33.7447659158953],[-84.318739798090419,33.744742653605847],[-84.319572149672098,33.744726488565448],[-84.32032229073377,33.745612962506115],[-84.320364998211716,33.744687515481033],[-84.32040759699116,33.743575206141976],[-84.320415052902391,33.742935257712965],[-84.320484273607249,33.741573008580993],[-84.32207791282336,33.741058761999781],[-84.3229735290777,33.741048841203778],[-84.32301224679432,33.739872068502706],[-84.32279234139034,33.739861237419667],[-84.322136970344673,33.739847750522827],[-84.322027769843643,33.739729117909135],[-84.322009822848926,33.739584191671682],[-84.322013606317441,33.739084019782204],[-84.321331678230933,33.739097248398231],[-84.321326001150652,33.739694914470867],[-84.32134107855353,33.739793047424257],[-84.320617458095754,33.740049555716567],[-84.320596432899848,33.739573331317523],[-84.318279442911788,33.739740088000865],[-84.316027122961515,33.739652282166254],[-84.315324656638239,33.739624888145471],[-84.315332122182184,33.738387529307943],[-84.315337905601979,33.737428898474178],[-84.313649771537271,33.7367502029863],[-84.312690394143431,33.738223269750627],[-84.313668465918624,33.738222108319185],[-84.313634589465266,33.738438395285677],[-84.313662294949964,33.739538965729658],[-84.311330669082778,33.739473455795235],[-84.31110881133884,33.73946633725069],[-84.309782153379672,33.739423759378987],[-84.308978157059073,33.739410798584828],[-84.308978917081447,33.739019438128118],[-84.308814505244868,33.739015268891798],[-84.308810480766979,33.739413142181384],[-84.308581439363266,33.73940440167393],[-84.308384009795816,33.739401217452922],[-84.308387058401848,33.739003318243896],[-84.308150422351332,33.738996526922662],[-84.308152770700246,33.739397487386931],[-84.30798778217391,33.739394826186945],[-84.307985969760537,33.738991806617825],[-84.30782683736922,33.738987437068786],[-84.307662393077607,33.738983150922977],[-84.307658897378715,33.739388199883123],[-84.306843961256462,33.739348666699897],[-84.30684252866817,33.738902501394584],[-84.307162352091325,33.738906313486268],[-84.307169172841682,33.738695742232963],[-84.306675829034162,33.738685004828469],[-84.30668009818325,33.73934513417727],[-84.306039000558499,33.73933131211065],[-84.306036818759978,33.738945171966563],[-84.306036111021669,33.738881255070304],[-84.305984905837775,33.738870336962037],[-84.305989284824108,33.738389282569358],[-84.305827741638481,33.73838630983164],[-84.305821992731254,33.738865026860857],[-84.305494671878421,33.738861141282555],[-84.305504480224329,33.737541418900769],[-84.302468742265845,33.73743785453243],[-84.300492377083913,33.73738598128817],[-84.300463050966499,33.738664287020065],[-84.299903201455308,33.738643459051524],[-84.298426834169803,33.738594009378971],[-84.298454513304506,33.737680579351128],[-84.298779992623565,33.737688742302325],[-84.298796453422739,33.737141985609341],[-84.297897765307013,33.737102955392913],[-84.297908667513184,33.737067446383023],[-84.296829840070558,33.73704562034537],[-84.29681264004509,33.737292614664909],[-84.297115500706425,33.73731380506495],[-84.297106951223938,33.737570620163055],[-84.296811074078747,33.737562060940718],[-84.296802955566704,33.737809721009071],[-84.296786542536395,33.738297205882461],[-84.297839628665926,33.738344650508942],[-84.297829880761,33.738598385014008],[-84.295395994268546,33.738527453982044],[-84.295307410658978,33.739435229289754],[-84.294337188383111,33.739147408766144],[-84.294215060907206,33.739111179189017],[-84.294168109601898,33.739104833114077],[-84.294005169899748,33.739082811429419],[-84.293428419391446,33.739004858649494],[-84.293309046419097,33.739000729818308],[-84.293256752075948,33.738998920614726],[-84.291820950914655,33.738949243972506],[-84.291127467944051,33.738925244880804],[-84.290260052590284,33.738879897116952],[-84.29027573039383,33.738916490585495],[-84.29027288213446,33.739561292353542],[-84.289834123578586,33.739714116574078],[-84.289895849481979,33.739846207533859],[-84.290270059773306,33.739719241486576],[-84.290252053021305,33.740338332212808],[-84.290249031114925,33.740448990419985],[-84.290239185702944,33.740573688872487],[-84.29022360980187,33.740770970279279],[-84.290217946598204,33.74092058458421],[-84.289833677442473,33.741044425422231],[-84.289890401432743,33.74117319332197],[-84.289978375981491,33.741363774759279],[-84.290204657997322,33.741297348780769],[-84.290189436813662,33.741823561204008],[-84.290185935396792,33.741944634020193],[-84.290222848526611,33.742018022756454],[-84.28971433096936,33.742179401802773],[-84.290077213017526,33.742940446998688],[-84.290102349794125,33.742993160778227],[-84.290508141134808,33.743833790750081],[-84.2909626278758,33.744775020554968],[-84.290907555919475,33.744838871909735],[-84.290169824015521,33.744838704095692],[-84.289624683212878,33.74483958361234],[-84.290408958669502,33.746526972713895],[-84.290627434188565,33.746997017752911],[-84.290645731806322,33.747036383796832],[-84.290731125780653,33.7471745023322],[-84.290723081375873,33.747419616183883],[-84.290721415601411,33.747470358651952],[-84.290806703296568,33.747875171374069],[-84.290908629593019,33.748599915986446],[-84.290926955665384,33.748680385816414],[-84.290943010424726,33.748750882890533],[-84.290961689595392,33.748832904110657],[-84.290967379584586,33.748917875104013],[-84.290969405224146,33.749001425166398],[-84.290971188695266,33.749074977892107],[-84.290973721613852,33.749179449503835],[-84.290976011285821,33.749273923779668],[-84.290977792534775,33.749347424208132],[-84.290978600010192,33.749417061111991],[-84.290974829491091,33.749514880323972],[-84.290971597887903,33.749598703463818],[-84.290934519346578,33.750560463945149],[-84.290918672661576,33.751010886588027],[-84.290897795787629,33.751604259388401],[-84.290895302016281,33.751675125843143],[-84.290868283019122,33.752399541681932],[-84.290822004838262,33.752395507332025],[-84.290599267203078,33.753052490022071],[-84.290570150143722,33.753147309548204],[-84.291928201674537,33.75336820651421],[-84.293400884809159,33.753459245009701],[-84.294380565957283,33.753519374036223],[-84.295589906356241,33.753593587495658],[-84.295660883241226,33.75359794319224],[-84.295759243474578,33.75360397885602],[-84.295879546238027,33.753611360191734],[-84.295989277426841,33.753651324838877],[-84.296118671294906,33.753719074064747],[-84.296229369985653,33.753777034553195],[-84.296389630140169,33.753887468889594],[-84.296534936363443,33.754010889982347],[-84.296593084153685,33.754062928330143],[-84.296764618357543,33.754177258989358],[-84.297011538478571,33.754283493203829],[-84.297154001292256,33.754310296828145],[-84.297273630778264,33.754332804609739],[-84.297518853918731,33.75434021171251],[-84.298132184730548,33.754396711590609],[-84.298746279607798,33.75445327793166],[-84.300308279709441,33.754597145875941],[-84.301356441917662,33.75469367597217],[-84.302484905895952,33.754785119074612],[-84.302466650361382,33.753566444657906],[-84.304063110717195,33.753554455192926],[-84.304589492461872,33.752489424480686],[-84.30465117264707,33.752362863009736],[-84.305206830428872,33.752362239794124],[-84.306640517840592,33.752360621669915],[-84.308188443652838,33.752358855088758],[-84.308524828446664,33.752358469011945],[-84.309719232582054,33.752357088957545],[-84.311198399574494,33.752355364291724],[-84.311230312320248,33.751777054708327],[-84.312524480381327,33.751756117087545],[-84.311635751523696,33.752719852977108],[-84.311581564247589,33.75277861174667],[-84.31138958921315,33.752953840406533],[-84.31126979612867,33.753063183132646],[-84.310849198483353,33.753404696966498],[-84.310684274391335,33.75354898593266],[-84.31059849338827,33.753620782104832],[-84.310538027288857,33.753671390442413],[-84.309897725820633,33.75417875150309],[-84.310111334096362,33.754435160018993],[-84.310161479383652,33.754495352233775],[-84.310252286071787,33.754643511438424],[-84.310313707265436,33.754743724021274],[-84.310382431519912,33.754912146496217],[-84.310429560778545,33.755027644304278],[-84.310481788516526,33.75527961898193],[-84.312558326154871,33.755284218904436],[-84.312465042343277,33.755356380472911],[-84.312456566095904,33.756868806136133],[-84.312430632182313,33.761104516502712],[-84.312415413184112,33.76364681931458],[-84.31237342119752,33.763729452387508],[-84.312417778360143,33.764881420334191]]]},"properties":{"OBJECTID":275,"LOCALID":null,"NAME":"O","GEOTYPE":"NPU","FULLFIPS":null,"LEGALAREA":null,"EFFECTDATE":null,"ENDDATE":null,"SRCREF":null,"ACRES":2489.0300000000002,"SQMILES":3.8900000000000001,"OLDNAME":null,"NPU":null,"CREATED_USER":null,"CREATED_DATE":null,"LAST_EDITED_USER":"SHENDERSON","LAST_EDITED_DATE":1761835291000,"GLOBALID":"{4E8B6A4F-0C9E-406D-8C06-6DDD85C93171}","SHAPE.AREA":108645740.406147,"SHAPE.LEN":76261.085908936599}}]}